,id_most_used_ref,n_most_used_ref,share_most_used_ref,author_most_used,id_most_cited_UBI,n_most_cited_UBI,share_most_cited_UBI,id_most_cited_global,n_most_cited_global,share_most_cited_global,community,title_most_used_ref,bib_most_used_ref,title_most_cited_global,bib_most_cited_global,title_most_cited_UBI,bib_most_cited_UBI
0,https://openalex.org/W2160300036,2.0,0.6666666666666666,Anthony B. Atkinson,https://openalex.org/W2168838273,6,0.3,https://openalex.org/W2168838273,1333,0.7240630092341119,3,The Tax Credit Scheme and the Redistribution of Income.,Anthony B. Atkinson (1974),The design of tax structure: Direct versus indirect taxation,Anthony B. Atkinson et Joseph E. Stiglitz (1976),The design of tax structure: Direct versus indirect taxation,Anthony B. Atkinson et Joseph E. Stiglitz (1976)
1,https://openalex.org/W4376595955,1.0,0.3333333333333333,James Tobin,https://openalex.org/W1979954303,5,0.25,https://openalex.org/W1979954303,445,0.24171645844649647,3,On Limiting the Domain of Inequality,James Tobin (1970),Real National Income,Amartya Sen (1976),Real National Income,Amartya Sen (1976)
2,,,,,https://openalex.org/W1996421955,3,0.15,https://openalex.org/W1996421955,33,0.017925040738728953,3,,,The labor supply curve under income maintenance programs,Giora Hanoch et Marjorie Honig (1978),The labor supply curve under income maintenance programs,Giora Hanoch et Marjorie Honig (1978)
3,,,,,https://openalex.org/W2056617855,3,0.15,https://openalex.org/W2056617855,21,0.011406844106463879,3,,,"Taxes, family grants and redistribution",Michael Bruno et Jack Habib (1976),"Taxes, family grants and redistribution",Michael Bruno et Jack Habib (1976)
4,,,,,https://openalex.org/W1541218672,3,0.15,https://openalex.org/W1541218672,5,0.0027159152634437804,3,,,NEGATIVE INCOME TAXATION AND THE REDISTRIBUTION OF INCOME<sup>*</sup>,Nicholas Barr (1975),NEGATIVE INCOME TAXATION AND THE REDISTRIBUTION OF INCOME<sup>*</sup>,Nicholas Barr (1975)
5,,,,,https://openalex.org/W2139055474,0,0.0,https://openalex.org/W2139055474,4,0.0021727322107550242,3,,,NEGATIVE INCOME TAXES AND INCOME REDISTRIBUTION,John Creedy (1978),NEGATIVE INCOME TAXES AND INCOME REDISTRIBUTION,John Creedy (1978)
