,id_most_used_ref,n_most_used_ref,share_most_used_ref,author_most_used,id_most_cited_UBI,n_most_cited_UBI,share_most_cited_UBI,id_most_cited_global,n_most_cited_global,share_most_cited_global,community,title_most_used_ref,bib_most_used_ref,title_most_cited_global,bib_most_cited_global,title_most_cited_UBI,bib_most_cited_UBI
0,https://openalex.org/W4249308963,12,0.022813688212927757,Philippe Van Parijs,https://openalex.org/W2530948716,21,0.04751131221719457,https://openalex.org/W2902634493,1014,0.30124777183600715,1,Basic Income,Philippe Van Parijs et Yannick Vanderborght (2017),"AI4People—An Ethical Framework for a Good AI Society: Opportunities, Risks, Principles, and Recommendations",Luciano Floridi et al. (2018),Rise of the robots: technology and the threat of a jobless future,Maria Enrica Virgillito (2016)
1,https://openalex.org/W2325247757,12,0.022813688212927757,Jürgen De Wispelaere,https://openalex.org/W2133310729,21,0.04751131221719457,https://openalex.org/W2157441223,574,0.17052881758764113,1,Real Freedom for All: What (If Anything) can Justify Capitalism?,Philippe Van Parijs (1996),Institutionalizing Dualism: Complementarities and Change in France and Germany,Bruno Palier et Kathleen Thelen (2010),Universal Basic Income and Negative Income Tax: Two different ways of thinking redistribution,Davide Tondani (2009)
2,https://openalex.org/W2006784025,11,0.02091254752851711,Yannick Vanderborght,https://openalex.org/W2508018842,19,0.042986425339366516,https://openalex.org/W2735317928,321,0.09536541889483066,1,Basic Income: A Simple and Powerful Idea for the Twenty-First Century,Philippe Van Parijs (2004),Revisiting the risk of automation,Melanie Arntz et al. (2017),Basic Income in the Capitalist Economy: The Mirage of “Exit” from Employment,Simon Birnbaum et Jürgen De Wispelaere (2016)
3,https://openalex.org/W1980797821,9,0.017110266159695818,Johanna Perkiö,https://openalex.org/W603907805,18,0.04072398190045249,https://openalex.org/W2225660632,130,0.038621509209744505,1,The Case for a Participation Income,Anthony B. Atkinson (1996),Affective Labor and Feminist Politics,Johanna Oksala (2016),Feasibility of Financing a Basic Income,Jordi Arcarons et al. (2014)
4,https://openalex.org/W2910467582,7,0.013307984790874524,Karl Widerquist,https://openalex.org/W1537998701,16,0.03619909502262444,https://openalex.org/W2054787653,118,0.035056446821152706,1,"From Rights to Activation: The Evolution of the Idea of Basic Income in the Finnish Political Debate, 1980–2016",Johanna Perkiö (2019),Immigration and Natives’ Attitudes towards the Welfare State: Evidence from the European Social Survey,Claudia Senik et al. (2008),The impact of basic income on the propensity to work,Claude Gamel et al. (2006)
5,https://openalex.org/W1591881116,7,0.013307984790874524,Guy Standing,https://openalex.org/W2884536002,15,0.033936651583710405,https://openalex.org/W2020078061,102,0.030303030303030304,1,The Struggle for Strategy: On the Politics of the Basic Income Proposal,Jürgen De Wispelaere (2015),Policy Diffusion and Policy Transfer in Comparative Welfare State Research,Herbert Obinger et al. (2012),A Policy Comet in Moominland? Basic Income in the Finnish Welfare State,Antti Halmetoja et al. (2018)
6,https://openalex.org/W1984064238,6,0.011406844106463879,Stuart White,https://openalex.org/W3094163981,15,0.033936651583710405,https://openalex.org/W2108462694,49,0.014557338086749852,1,Good and Bad Times of Social Innovations: The Case of Universal Basic Income in Finland,Pertti Koistinen et Johanna Perkiö (2014),When and why do ideas matter? The influence of framing on opinion formation and policy change,Olli Kangas et al. (2013),The Left and universal basic income: the role of ideology in individual support,Hanna Schwander et Tim Vlandas (2020)
7,https://openalex.org/W4254298749,6,0.011406844106463879,Anthony B. Atkinson,https://openalex.org/W1984064238,15,0.033936651583710405,https://openalex.org/W2036815307,48,0.0142602495543672,1,Basic Income,Guy Standing (2017),Public Opinion on State Responsibility for Minimum Income Protection,Michaela Pfeifer (2009),Good and Bad Times of Social Innovations: The Case of Universal Basic Income in Finland,Pertti Koistinen et Johanna Perkiö (2014)
8,https://openalex.org/W2889025311,6,0.011406844106463879,Olli Kangas,https://openalex.org/W3107631710,14,0.03167420814479638,https://openalex.org/W2530948716,42,0.012477718360071301,1,Attitudes Toward Universal Basic Income and Welfare State in Europe: A Research Note,Soomi Lee (2018),Rise of the robots: technology and the threat of a jobless future,Maria Enrica Virgillito (2016),Snowballing or wilting? What affects public support for varying models of basic income?,Joe Chrisp et al. (2020)
9,https://openalex.org/W2153369576,6,0.011406844106463879,Simon Birnbaum,https://openalex.org/W2976340018,13,0.029411764705882353,https://openalex.org/W2901702355,42,0.012477718360071301,1,The precariat: the new dangerous class,Martin G. Allen et Patrick Ainley (2011),"Artificial Intelligence, Jobs and the Future of Work: Racing with the Machines",Alban Duka et Edvard P.G. Bruun (2018),The Finnish Basic Income Experiment: A Primer,Jürgen De Wispelaere et al. (2019)
10,https://openalex.org/W2168139370,6,0.011406844106463879,Carole Pateman,https://openalex.org/W2976204298,13,0.029411764705882353,https://openalex.org/W2070315649,41,0.01218062982768865,1,Arguing for Basic Income: Ethical Foundations for a Radical Reform,Philippe Van Parijs (1992),From universalism to selectivism: the ideational turn of the anti-poverty policies in Finland,Susan Kuivalainen et Mikko Niemelä (2010),"Framing Basic Income: Comparing Media Framing of Basic Income in Canada, Finland, and Spain",Johanna Perkiö et al. (2019)
11,https://openalex.org/W3148404943,6,0.011406844106463879,José Antonio Noguera,https://openalex.org/W2910467582,13,0.029411764705882353,https://openalex.org/W2079606431,40,0.011883541295306001,1,Public Economics in Action: The Basic Income/Flat Tax Proposal,A. B. Atkinson (1996),"Social citizenship, solidarity and welfare in regionalized and plurinational states",Michael Keating (2009),"From Rights to Activation: The Evolution of the Idea of Basic Income in the Finnish Political Debate, 1980–2016",Johanna Perkiö (2019)
12,https://openalex.org/W1562268590,5,0.009505703422053232,Lindsay Stirton,https://openalex.org/W2176655381,13,0.029411764705882353,https://openalex.org/W2166622825,40,0.011883541295306001,1,Basic income. An anthology of contemporary research.,Yannick Vanderborght (2013),Corporate Institutions in a Weakened Welfare State: A Rawlsian Perspective,Sandrine Blanc et Ismaël Al-Amoudi (2013),Republicanism and the political economy of democracy,David Casassas et Jürgen De Wispelaere (2015)
13,https://openalex.org/W2492028732,5,0.009505703422053232,David Casassas,https://openalex.org/W2605094594,13,0.029411764705882353,https://openalex.org/W2176655381,39,0.011586452762923352,1,On the Political Feasibility of Universal Basic Income: An Analytic Framework,Jürgen De Wispelaere et José Antonio Noguera (2012),Republicanism and the political economy of democracy,David Casassas et Jürgen De Wispelaere (2015),Basic Income in the Finnish Context,Olli Kangas et al. (2017)
14,https://openalex.org/W603907805,5,0.009505703422053232,Richard K. Caputo,https://openalex.org/W2254068468,13,0.029411764705882353,https://openalex.org/W2892362164,35,0.010398098633392751,1,Feasibility of Financing a Basic Income,Jordi Arcarons et al. (2014),Perceived economic self-sufficiency: a country- and generation-comparative approach,Jale Tosun et al. (2018),Basic Income in Our Time: Improving Political Prospects Through Policy Learning?,Jürgen De Wispelaere (2016)
15,https://openalex.org/W1988222600,3,0.01875,Ugo Colombino,https://openalex.org/W2598304869,31,0.22627737226277372,https://openalex.org/W2753075731,112,0.2685851318944844,2,An unconditional basic income and labor supply: Results from a pilot study of lottery winners,Axel Marx et Hans Peeters (2008),Hierarchical and relational governance and the life cycle of entrepreneurial ecosystems,Alessandra Colombelli et al. (2017),Basic Income in a Small Town: Understanding the Elusive Effects on Work,David Calnitsky et Jonathan P. Latner (2017)
16,https://openalex.org/W2918788972,3,0.01875,Karl Widerquist,https://openalex.org/W2772957692,21,0.15328467153284672,https://openalex.org/W1546530261,79,0.18944844124700239,2,The Political Theory of Universal Basic Income,Juliana Bidadanure (2019),Unconditional cash transfers for reducing poverty and vulnerabilities: effect on use of health services and health outcomes in low- and middle-income countries,Frank Pega et al. (2017),Mechanics of replacing benefit systems with a basic income: comparative results from a microsimulation approach,James Browne et Herwig Immervoll (2017)
17,https://openalex.org/W1499115460,2,0.0125,David Calnitsky,https://openalex.org/W73238568,19,0.1386861313868613,https://openalex.org/W2598304869,35,0.08393285371702638,2,Keep On Working: Unconditional Basic Income in the Lab,Stefan Haigner et al. (2012),Basic Income in a Small Town: Understanding the Elusive Effects on Work,David Calnitsky et Jonathan P. Latner (2017),The Basic Income Grant Pilot Project in Namibia: A Critical Assessment,Rigmar Osterkamp (2013)
18,https://openalex.org/W1996166147,2,0.0125,Alexander Spermann,https://openalex.org/W3082690747,14,0.10218978102189781,https://openalex.org/W2772957692,34,0.0815347721822542,2,Behavioral Economics and the Basic Income Guarantee,Wesley Pech (2010),Mechanics of replacing benefit systems with a basic income: comparative results from a microsimulation approach,James Browne et Herwig Immervoll (2017),Is There Empirical Evidence on How the Implementation of a Universal Basic Income (UBI) Affects Labour Supply? A Systematic Review,Manuela A. De Paz Báñez et al. (2020)
19,https://openalex.org/W1998071368,2,0.0125,Jürgen De Wispelaere,https://openalex.org/W2604905395,13,0.0948905109489051,https://openalex.org/W2604905395,26,0.06235011990407674,2,A Plea for the Use of Laboratory Experiments in Basic Income Research,José Antonio Noguera et Jürgen De Wispelaere (2006),On the Economics of a Universal Basic Income,Thomas Straubhaar (2017),On the Economics of a Universal Basic Income,Thomas Straubhaar (2017)
20,https://openalex.org/W2011026833,2,0.0125,Yannick Vanderborght,https://openalex.org/W1499115460,10,0.072992700729927,https://openalex.org/W73238568,22,0.05275779376498801,2,<b>Basic income – healthy outcome?</b>Effects on health of an Indian basic income pilot project: a cluster randomised trial,Simon Beck et al. (2014),The Basic Income Grant Pilot Project in Namibia: A Critical Assessment,Rigmar Osterkamp (2013),Keep On Working: Unconditional Basic Income in the Lab,Stefan Haigner et al. (2012)
21,https://openalex.org/W2901570574,2,0.0125,Philippe Van Parijs,https://openalex.org/W1546530261,4,0.029197080291970802,https://openalex.org/W3082690747,17,0.0407673860911271,2,Would a Basic Income Guarantee Reduce the Motivation to Work? An Analysis of Labor Responses in 16 Trial Programs,Richard Gilbert et al. (2018),Is There Empirical Evidence on How the Implementation of a Universal Basic Income (UBI) Affects Labour Supply? A Systematic Review,Manuela A. De Paz Báñez et al. (2020),Unconditional cash transfers for reducing poverty and vulnerabilities: effect on use of health services and health outcomes in low- and middle-income countries,Frank Pega et al. (2017)
22,https://openalex.org/W2922518076,2,0.0125,Guy Standing,https://openalex.org/W2982539352,4,0.029197080291970802,https://openalex.org/W1984476235,15,0.03597122302158273,2,Basic Income and the Pitfalls of Randomization,David Calnitsky (2019),Funds from non-renewable energy resources: Policy lessons from Alaska and Alberta,Cesar E. Baena et al. (2012),"Basic Income, Wages, and Productivity: A Laboratory Experiment",Veera Jokipalo (2019)
23,https://openalex.org/W2890038669,2,0.0125,Ioana Marinescu,https://openalex.org/W2972721132,3,0.021897810218978103,https://openalex.org/W2964858110,13,0.03117505995203837,2,Basic Income: A Radical Proposal for a Free Society and a Sane Economy,Philippe Van Parijs et Yannick Vanderborght (2019),Older‐Age Social Pensions and Poverty: Revisiting Assumptions on Targeting and Universalism,Gibrán Cruz‐Martínez (2019),A Review on Basic Income: A Radical Proposal for a Free Society and a Sane Economy by Philippe Van Parijs and Yannick Vanderborght,Caterina Calsamiglia et Sabine Flamand (2019)
24,https://openalex.org/W2969349409,2,0.0125,Jerry A. Hausman,https://openalex.org/W3047481919,3,0.021897810218978103,https://openalex.org/W2966547172,12,0.02877697841726619,2,Universal Basic Income in the United States and Advanced Countries,Hilary Hoynes et Jesse Rothstein (2019),Agency among young people in marginalised positions: towards a better understanding of mental health problems,Sanna Rikala (2019),Universal Basic Income as a Promoter of Real Freedom in a Digital Future,Giuseppe Allegri et Renato Foschi (2020)
25,https://openalex.org/W2128316230,2,0.0125,Axel Marx,https://openalex.org/W2768653625,3,0.021897810218978103,https://openalex.org/W1499115460,12,0.02877697841726619,2,Is unconditional basic income a viable alternative to other social welfare measures?,Ugo Colombino (2015),Keep On Working: Unconditional Basic Income in the Lab,Stefan Haigner et al. (2012),Basic Income in Germany: Proposals for Randomised Controlled Trials using Nudges,Alexander Spermann (2017)
26,https://openalex.org/W3148404943,2,0.0125,Hans Peeters,https://openalex.org/W1553715794,3,0.021897810218978103,https://openalex.org/W3047481919,7,0.016786570743405275,2,Public Economics in Action: The Basic Income/Flat Tax Proposal,A. B. Atkinson (1996),Universal Basic Income as a Promoter of Real Freedom in a Digital Future,Giuseppe Allegri et Renato Foschi (2020),The Targeted Negative Income Tax (Tnit) in Germany: Evidence from a Quasi Experiment,Alexander Spermann et Harald Strotmann (2006)
27,https://openalex.org/W1553715794,2,0.0125,José Antonio Noguera,https://openalex.org/W1984476235,1,0.0072992700729927005,https://openalex.org/W3024080896,6,0.014388489208633094,2,The Targeted Negative Income Tax (Tnit) in Germany: Evidence from a Quasi Experiment,Alexander Spermann et Harald Strotmann (2006),Incomegetting and Environmental Degradation,Ossi Ollinaho et V. P. J. Arponen (2020),Funds from non-renewable energy resources: Policy lessons from Alaska and Alberta,Cesar E. Baena et al. (2012)
28,https://openalex.org/W1502701254,2,0.0125,Olli Kangas,https://openalex.org/W2753075731,1,0.0072992700729927005,https://openalex.org/W2972721132,5,0.011990407673860911,2,The Effects of a Negative Income Tax on School Performance: Results of an Experiment,Rebecca Maynard et Richard J. Murnane (1979),A Review on Basic Income: A Radical Proposal for a Free Society and a Sane Economy by Philippe Van Parijs and Yannick Vanderborght,Caterina Calsamiglia et Sabine Flamand (2019),Hierarchical and relational governance and the life cycle of entrepreneurial ecosystems,Alessandra Colombelli et al. (2017)
29,https://openalex.org/W1507362920,2,0.0125,Juliana Bidadanure,https://openalex.org/W2966547172,1,0.0072992700729927005,https://openalex.org/W1553715794,5,0.011990407673860911,2,The Effect of Income Maintenance on the School-Enrollment and Labor-Supply Decisions of Teenagers,John F. McDonald et Stanley P. Stephenson (1979),The Targeted Negative Income Tax (Tnit) in Germany: Evidence from a Quasi Experiment,Alexander Spermann et Harald Strotmann (2006),Agency among young people in marginalised positions: towards a better understanding of mental health problems,Sanna Rikala (2019)
30,https://openalex.org/W2003118126,12,0.040268456375838924,Ugo Colombino,https://openalex.org/W2027029055,15,0.09090909090909091,https://openalex.org/W2016638422,153,0.15756951596292482,3,"Labour supply in Italy: an empirical analysis of joint household decisions, with taxes and quantity constraints",Rolf Aaberge et al. (1999),Fair Income Tax,Marc Fleurbaey et François Maniquet (2006),Do more equal slices shrink the cake? An empirical investigation of tax-transfer reform proposals in Italy,Rolf Aaberge et al. (2004)
31,https://openalex.org/W3121920701,12,0.040268456375838924,Rolf Aaberge,https://openalex.org/W3123713398,11,0.06666666666666667,https://openalex.org/W2007200911,72,0.07415036045314109,3,Optimal Income Transfer Programs: Intensive versus Extensive Labor Supply Responses,Emmanuel Saez (2002),A (Modest) Proposal for Expanding Social Citizenship in the European Union,Philippe C. Schmitter et Michael W. Bauer (2001),Alternative Basic Income Mechanisms: An Evaluation Exercise With a Microeconometric Model,Ugo Colombino et al. (2010)
32,https://openalex.org/W2027029055,9,0.030201342281879196,Steinar Strøm,https://openalex.org/W1480999374,9,0.05454545454545454,https://openalex.org/W2027029055,64,0.06591143151390319,3,Do more equal slices shrink the cake? An empirical investigation of tax-transfer reform proposals in Italy,Rolf Aaberge et al. (2004),Do more equal slices shrink the cake? An empirical investigation of tax-transfer reform proposals in Italy,Rolf Aaberge et al. (2004),An Unconditional Basic Income in the Family Context - Labor Supply and Distributional Effects,Julia Horstschräer et al. (2010)
33,https://openalex.org/W2126322416,8,0.026845637583892617,Emmanuel Saez,https://openalex.org/W1569912343,9,0.05454545454545454,https://openalex.org/W2008343499,57,0.05870236869207003,3,Redistributive taxation as social insurance,Hal R. Varian (1980),"Discrete choice models of labour supply, behavioural microsimulation and the Spanish tax reforms",José M. Labeaga et al. (2007),Universal Basic Income versus Unemployment Insurance,Alice Fabre et al. (2014)
34,https://openalex.org/W1483340052,8,0.026845637583892617,Philippe Van Parijs,https://openalex.org/W2481211194,8,0.048484848484848485,https://openalex.org/W2265052787,47,0.04840370751802266,3,On reforming the welfare system,Bernard Fortin et al. (1993),The JCMS Annual Lecture: National Welfare States and European Integration: In Search of a ‘Virtuous Nesting’*,Maurizio Ferrera (2009),A Feasible Basic Income Scheme for Germany,Maximilian Sommer (2016)
35,https://openalex.org/W2020344472,6,0.020134228187919462,James Tobin,https://openalex.org/W2118516604,8,0.048484848484848485,https://openalex.org/W2118516604,47,0.04840370751802266,3,A note on optimum tax evasion,Serge-Christophe Kolm (1973),Targeting welfare in Italy: old problems and perspectives on reform,Massimo Baldini et al. (2002),Targeting welfare in Italy: old problems and perspectives on reform,Massimo Baldini et al. (2002)
36,https://openalex.org/W1970380565,6,0.020134228187919462,Anthony B. Atkinson,https://openalex.org/W3123967447,8,0.048484848484848485,https://openalex.org/W1582786932,46,0.04737384140061792,3,On the Currency of Egalitarian Justice,G. A. Cohen (1989),Macrojustice: The Political Economy of Fairness,Serge-Christophe Kolm (2004),Alternative Basic Income Mechanisms: An Evaluation Exercise with a Microeconometric Model,Ugo Colombino et al. (2010)
37,https://openalex.org/W2073244119,6,0.020134228187919462,Serge-Christophe Kolm,https://openalex.org/W2968956863,7,0.04242424242424243,https://openalex.org/W1974360242,44,0.04531410916580844,3,How Cash Transfers Promote the Case for Basic Income,Guy Standing (2008),Effects of flat tax reforms in Western Europe,Alari Paulus et Andreas Peichl (2009),Universal basic income with flat tax reform in France,Riccardo Magnani et Luca Piccoli (2020)
38,https://openalex.org/W3147703848,5,0.016778523489932886,Cathal O’Donoghue,https://openalex.org/W2132689717,7,0.04242424242424243,https://openalex.org/W2131295810,38,0.03913491246138002,3,Public Economics in Action,Anthony B. Atkinson (1996),Can in-work benefits improve social inclusion in the southern European countries?,Francesco Figari (2010),Using a Microeconometric Model of Household Labour Supply to Design Optimal Income Taxes*,Rolf Aaberge et Ugo Colombino (2013)
39,https://openalex.org/W1559924327,5,0.016778523489932886,Joseph A. Pechman,https://openalex.org/W2164300532,7,0.04242424242424243,https://openalex.org/W1963882122,37,0.03810504634397528,3,Capitalism and Freedom,Milton Friedman (1962),Redistribution and entrepreneurship with Schumpeterian growth,Cecilia García‐Peñalosa et Jean‐François Wen (2008),Designing a Universal Income Support Mechanism for Italy: An Exploratory Tour,Ugo Colombino (2013)
40,https://openalex.org/W2265679842,5,0.016778523489932886,Peter Mieszkowski,https://openalex.org/W2007200911,6,0.03636363636363636,https://openalex.org/W2132689717,35,0.03604531410916581,3,Using Elasticities to Derive Optimal Income Tax Rates,Emmanuel Saez (2001),Using a Microeconometric Model of Household Labour Supply to Design Optimal Income Taxes*,Rolf Aaberge et Ugo Colombino (2013),A (Modest) Proposal for Expanding Social Citizenship in the European Union,Philippe C. Schmitter et Michael W. Bauer (2001)
41,https://openalex.org/W1489554691,5,0.016778523489932886,Hal R. Varian,https://openalex.org/W1989213081,5,0.030303030303030304,https://openalex.org/W2240104529,20,0.02059732234809475,3,Public economics in action: the basic income/flat tax proposal,,Accounting for family background when designing optimal income taxes: a microeconometric simulation analysis,Rolf Aaberge et Ugo Colombino (2010),The likelihood of a basic income in Germany,Michael Opielka (2008)
42,https://openalex.org/W2042895210,5,0.016778523489932886,Bernard Fortin,https://openalex.org/W2016638422,5,0.030303030303030304,https://openalex.org/W2754114957,19,0.01956745623069001,3,Equality of Resources and Equality of Welfare: A Forced Marriage?,T. M. Scanlon (1986),"Explaining different trajectories of minimum income schemes: Groups, parties and political exchange in Italy and Spain",Marcello Natili (2017),Fair Income Tax,Marc Fleurbaey et François Maniquet (2006)
43,https://openalex.org/W2061596374,5,0.016778523489932886,Michel Truchon,https://openalex.org/W1830800183,5,0.030303030303030304,https://openalex.org/W2968956863,18,0.018537590113285273,3,What Is the Point of Equality?,Elizabeth Anderson (1999),Universal basic income with flat tax reform in France,Riccardo Magnani et Luca Piccoli (2020),Five Crossroads on the Way to Basic Income. An Italian Tour,Ugo Colombino (2015)
44,https://openalex.org/W2293621092,5,0.016778523489932886,Louis Beauséjour,https://openalex.org/W1582786932,4,0.024242424242424242,https://openalex.org/W2071011895,18,0.018537590113285273,3,Some Ordinalist-Utilitarian Notes on Rawls's Theory of Justice,John Rawls (1973),Comparing inequality aversion across countries when labor supply responses differ,Olivier Bargain et al. (2013),Macrojustice: The Political Economy of Fairness,Serge-Christophe Kolm (2004)
45,https://openalex.org/W2023723950,10,0.06896551724137931,Giorgos Kallis,https://openalex.org/W2081775730,22,0.15384615384615385,https://openalex.org/W2910922638,1414,0.21966754699394128,4,Crisis or opportunity? Economic degrowth for social equity and ecological sustainability. Introduction to this special issue,François Schneider et al. (2010),An agenda for sustainability transitions research: State of the art and future directions,Jonathan Köhler et al. (2019),In defence of degrowth,Giorgos Kallis (2011)
46,https://openalex.org/W2081775730,9,0.06206896551724138,Joan Martínez-Alier,https://openalex.org/W2023723950,20,0.13986013986013987,https://openalex.org/W2963849010,877,0.13624359173528042,4,In defence of degrowth,Giorgos Kallis (2011),"A Brief History of Artificial Intelligence: On the Past, Present, and Future of Artificial Intelligence",Michael Haenlein et Andreas Kaplan (2019),Crisis or opportunity? Economic degrowth for social equity and ecological sustainability. Introduction to this special issue,François Schneider et al. (2010)
47,https://openalex.org/W2030655414,8,0.05517241379310345,François Schneider,https://openalex.org/W2030655414,13,0.09090909090909091,https://openalex.org/W2937421004,777,0.12070840453627467,4,The economics of degrowth,Giorgos Kallis et al. (2012),Is Green Growth Possible?,Jason Hickel et Giorgos Kallis (2019),The economics of degrowth,Giorgos Kallis et al. (2012)
48,https://openalex.org/W2147393791,6,0.041379310344827586,Philippe Van Parijs,https://openalex.org/W2976549432,8,0.055944055944055944,https://openalex.org/W2023723950,688,0.10688208792915954,4,Socially Sustainable Economic De‐growth,Joan Martínez-Alier (2009),Crisis or opportunity? Economic degrowth for social equity and ecological sustainability. Introduction to this special issue,François Schneider et al. (2010),Ecological Effects of Basic Income,Michael W. Howard et al. (2019)
49,https://openalex.org/W1520275825,4,0.027586206896551724,Christian Kerschner,https://openalex.org/W2147393791,8,0.055944055944055944,https://openalex.org/W2081775730,679,0.10548392108124903,4,Basic Income From an Ecological Perspective,Jan O. Andersson (2010),In defence of degrowth,Giorgos Kallis (2011),Socially Sustainable Economic De‐growth,Joan Martínez-Alier (2009)
50,https://openalex.org/W2150141679,4,0.027586206896551724,Tony Fitzpatrick,https://openalex.org/W2150141679,8,0.055944055944055944,https://openalex.org/W2150141679,453,0.07037439801149604,4,What is Degrowth? From an Activist Slogan to a Social Movement,Federico Demaria et al. (2013),What is Degrowth? From an Activist Slogan to a Social Movement,Federico Demaria et al. (2013),What is Degrowth? From an Activist Slogan to a Social Movement,Federico Demaria et al. (2013)
51,https://openalex.org/W1983274884,3,0.020689655172413793,Federico Demaria,https://openalex.org/W3000666247,7,0.04895104895104895,https://openalex.org/W2030655414,419,0.06509243436383408,4,"Basic Income, Post-Productivism and Liberalism",Tony Fitzpatrick (2010),The economics of degrowth,Giorgos Kallis et al. (2012),"Money, Vouchers, Public Infrastructures? A Framework for Sustainable Welfare Benefits",Katharina Bohnenberger (2020)
52,https://openalex.org/W2069885397,3,0.020689655172413793,Jürgen De Wispelaere,https://openalex.org/W2604707465,7,0.04895104895104895,https://openalex.org/W836905562,229,0.03557557868572316,4,Sustainable Consumption and Worktime Reduction,Juliet B. Schor (2005),Socially sustainable degrowth as a social–ecological transformation: repoliticizing sustainability,Viviana Asara et al. (2015),Universal Basic Income — Empty Dreams of Paradise,Hilmar Schneider (2017)
53,https://openalex.org/W2150200080,3,0.020689655172413793,Jan O. Andersson,https://openalex.org/W2937421004,6,0.04195804195804196,https://openalex.org/W2147393791,186,0.02889544819015069,4,Democratizing Citizenship: Some Advantages of a Basic Income,Carole Pateman (2004),Socially Sustainable Economic De‐growth,Joan Martínez-Alier (2009),Is Green Growth Possible?,Jason Hickel et Giorgos Kallis (2019)
54,https://openalex.org/W2154552965,3,0.020689655172413793,Yannick Vanderborght,https://openalex.org/W836905562,5,0.03496503496503497,https://openalex.org/W2015870104,126,0.019574335870747243,4,Work and Welfare: Towards a Post-productivist Welfare Regime,Robert E. Goodin (2001),"Growth, A-Growth or Degrowth to Stay within Planetary Boundaries?",Jeroen C.J.M. van den Bergh et Giorgos Kallis (2012),Socially sustainable degrowth as a social–ecological transformation: repoliticizing sustainability,Viviana Asara et al. (2015)
55,https://openalex.org/W599290948,3,0.020689655172413793,Jorge Sousa Pinto,https://openalex.org/W2170679432,4,0.027972027972027972,https://openalex.org/W2170679432,120,0.0186422246388069,4,Basic Income: The Material Conditions of Freedom,Daniel Raventós (2007),Imaginaries of Hope: The Utopianism of Degrowth,Giorgos Kallis et Hug March (2014),Imaginaries of Hope: The Utopianism of Degrowth,Giorgos Kallis et Hug March (2014)
56,https://openalex.org/W1527392058,2,0.013793103448275862,Tuuli Hirvilammi,https://openalex.org/W3011991986,4,0.027972027972027972,https://openalex.org/W3038918436,84,0.013049557247164828,4,Basic Income and Sustainable Consumption Strategies,Paul-Marie Boulanger (2010),Just energy transitions to low carbon economies: A review of the concept and its effects on labour and income,Pablo García-García et al. (2020),"Environmentalism, Ecologism, and Basic Income",Jorge Sousa Pinto (2020)
57,https://openalex.org/W1562268590,2,0.013793103448275862,Filka Sekulova,https://openalex.org/W2767019447,4,0.027972027972027972,https://openalex.org/W2767019447,49,0.007612241727512816,4,Basic income. An anthology of contemporary research.,Yannick Vanderborght (2013),The Monetized Economy Versus Care and the Environment: Degrowth Perspectives On Reconciling an Antagonism,Corinna Dengler et Birte Strunk (2017),The Monetized Economy Versus Care and the Environment: Degrowth Perspectives On Reconciling an Antagonism,Corinna Dengler et Birte Strunk (2017)
58,https://openalex.org/W1970965554,2,0.013793103448275862,Simon Birnbaum,https://openalex.org/W2982627003,4,0.027972027972027972,https://openalex.org/W2027714275,46,0.007146186111542644,4,The implications of ecological thought for social welfare,Tony Fitzpatrick (1998),"Societal metabolism, working hours and degrowth: a comment on Sorman and Giampietro",Giorgos Kallis (2013),Green Republicanism and the Shift to Post-productivism: A Defence of an Unconditional Basic Income,Jorge Sousa Pinto (2019)
59,https://openalex.org/W2027928594,2,0.013793103448275862,Juliet B. Schor,https://openalex.org/W2015870104,3,0.02097902097902098,https://openalex.org/W3000666247,43,0.006680130495572471,4,"Introduction: Basic Income, Sustainability and Post-Productivism",Simon Birnbaum (2010),"Money, Vouchers, Public Infrastructures? A Framework for Sustainable Welfare Benefits",Katharina Bohnenberger (2020),"Growth, A-Growth or Degrowth to Stay within Planetary Boundaries?",Jeroen C.J.M. van den Bergh et Giorgos Kallis (2012)
60,https://openalex.org/W1852934820,2,0.09090909090909091,Werner Eichhörst,https://openalex.org/W2152246911,3,0.15789473684210525,https://openalex.org/W1557319022,134,0.25,5,A fistful of euros: Is the German one‐euro job workfare scheme effective for participants?,Katrin Hohmeyer et Joachim Wolff (2011),"BENEFIT DURATION, UNEMPLOYMENT DURATION AND JOB MATCH QUALITY: A REGRESSION‐DISCONTINUITY APPROACH",Marco Caliendo et al. (2012),Activation Policies in Germany: From Status Protection to Basic Income Support,Werner Eichhörst et al. (2008)
61,https://openalex.org/W1973347965,2,0.09090909090909091,Maria Grienberger-Zingerle,https://openalex.org/W2108289869,2,0.10526315789473684,https://openalex.org/W2152246911,87,0.1623134328358209,5,‘Do you feel excluded?’ The subjective experience of young state benefit recipients in Germany,Sandra Popp et Brigitte Schels (2008),Activation Policies in Germany: From Status Protection to Basic Income Support,Werner Eichhörst et al. (2008),Young beneficiaries’ routes off benefits through labour market integration: the case of Germany,Brigitte Schels (2011)
62,https://openalex.org/W2134033543,2,0.09090909090909091,Regina Konle‐Seidl,https://openalex.org/W2134033543,2,0.10526315789473684,https://openalex.org/W1911356153,75,0.13992537313432835,5,"Subsidized work before and after the German Hartz reforms: design of major schemes, evaluation results and lessons learnt",Joachim Wolff et Gesine Stephan (2013),The PASS panel survey after six waves,Mark Trappmann et al. (2013),"Subsidized work before and after the German Hartz reforms: design of major schemes, evaluation results and lessons learnt",Joachim Wolff et Gesine Stephan (2013)
63,https://openalex.org/W242462595,2,0.09090909090909091,Joachim Wolff,https://openalex.org/W1973347965,2,0.10526315789473684,https://openalex.org/W1852934820,55,0.10261194029850747,5,Activating Labor Market and Social Policies in Germany: From Status Protection to Basic Income Support,Werner Eichhörst et al. (2010),A fistful of euros: Is the German one‐euro job workfare scheme effective for participants?,Katrin Hohmeyer et Joachim Wolff (2011),‘Do you feel excluded?’ The subjective experience of young state benefit recipients in Germany,Sandra Popp et Brigitte Schels (2008)
64,https://openalex.org/W2108289869,2,0.09090909090909091,Brigitte Schels,https://openalex.org/W1852934820,2,0.10526315789473684,https://openalex.org/W1998635925,43,0.08022388059701492,5,Young beneficiaries’ routes off benefits through labour market integration: the case of Germany,Brigitte Schels (2011),Hunger and nutritional poverty in Germany: quantitative and qualitative empirical insights,Sabine Pfeiffer et al. (2011),A fistful of euros: Is the German one‐euro job workfare scheme effective for participants?,Katrin Hohmeyer et Joachim Wolff (2011)
65,https://openalex.org/W2152246911,2,0.09090909090909091,Torsten Lietzmann,https://openalex.org/W2613828505,1,0.05263157894736842,https://openalex.org/W1492806321,25,0.04664179104477612,5,Activation Policies in Germany: From Status Protection to Basic Income Support,Werner Eichhörst et al. (2008),Universal Pensions in Mauritius: Lessons for the Rest of Us,Larry Willmore (2003),Marginal employment for welfare recipients: stepping stone or obstacle?,Torsten Lietzmann et al. (2017)
66,https://openalex.org/W1998635925,1,0.045454545454545456,Katrin Hohmeyer,https://openalex.org/W1557319022,1,0.05263157894736842,https://openalex.org/W1835884712,24,0.04477611940298507,5,Hunger and nutritional poverty in Germany: quantitative and qualitative empirical insights,Sabine Pfeiffer et al. (2011),How to fight long-term unemployment: lessons from Germany,Alexander Spermann (2015),"BENEFIT DURATION, UNEMPLOYMENT DURATION AND JOB MATCH QUALITY: A REGRESSION‐DISCONTINUITY APPROACH",Marco Caliendo et al. (2012)
67,https://openalex.org/W2237458318,1,0.045454545454545456,Sandra Popp,https://openalex.org/W1492806321,1,0.05263157894736842,https://openalex.org/W1973347965,23,0.04291044776119403,5,Alleinerziehende Mütter im Bereich des SGB II: eine Synopse empirischer Befunde aus der IAB-Forschung,Juliane Achatz et al. (2013),‘Do you feel excluded?’ The subjective experience of young state benefit recipients in Germany,Sandra Popp et Brigitte Schels (2008),Universal Pensions in Mauritius: Lessons for the Rest of Us,Larry Willmore (2003)
68,https://openalex.org/W2098519656,1,0.045454545454545456,Andreas Hirseland,https://openalex.org/W2617180360,1,0.05263157894736842,https://openalex.org/W2134033543,18,0.033582089552238806,5,"Exit Bismarck, Enter Dualism? Assessing Contemporary German Labour Market Policy",Jochen Clasen et Alexander Goerne (2011),"Subsidized work before and after the German Hartz reforms: design of major schemes, evaluation results and lessons learnt",Joachim Wolff et Gesine Stephan (2013),The Contribution of Mothers’ Employment on Their Family's Chances of Ending Welfare Benefit Receipt in Germany. Analysis of a Two-Stage Process,Torsten Lietzmann (2017)
69,https://openalex.org/W2142015223,1,0.045454545454545456,Gesine Stephan,https://openalex.org/W2142015223,1,0.05263157894736842,https://openalex.org/W2613828505,14,0.026119402985074626,5,After Recent Policy Reforms in Germany: Probability and Determinants of Labour Market Integration of Lone Mothers and Mothers with a Partner who Receive Welfare Benefits,Torsten Lietzmann (2014),Marginal employment for welfare recipients: stepping stone or obstacle?,Torsten Lietzmann et al. (2017),After Recent Policy Reforms in Germany: Probability and Determinants of Labour Market Integration of Lone Mothers and Mothers with a Partner who Receive Welfare Benefits,Torsten Lietzmann (2014)
70,https://openalex.org/W2157441223,1,0.045454545454545456,Sabine Pfeiffer,https://openalex.org/W1911356153,1,0.05263157894736842,https://openalex.org/W2142015223,10,0.018656716417910446,5,Institutionalizing Dualism: Complementarities and Change in France and Germany,Bruno Palier et Kathleen Thelen (2010),After Recent Policy Reforms in Germany: Probability and Determinants of Labour Market Integration of Lone Mothers and Mothers with a Partner who Receive Welfare Benefits,Torsten Lietzmann (2014),The PASS panel survey after six waves,Mark Trappmann et al. (2013)
71,https://openalex.org/W2262131717,1,0.045454545454545456,Tobias Ritter,https://openalex.org/W3123633112,1,0.05263157894736842,https://openalex.org/W2108289869,9,0.016791044776119403,5,A New Kid in Town? Active Inclusion Elements in European Minimum Income Schemes,Sarah Marchal et Natascha Van Mechelen (2015),Young beneficiaries’ routes off benefits through labour market integration: the case of Germany,Brigitte Schels (2011),Activation Policies in Germany: From Status Protection to Basic Income Support,Regina Konle‐Seidl et al. (2006)
72,https://openalex.org/W2617180360,1,0.045454545454545456,Juliane Achatz,https://openalex.org/W1998635925,1,0.05263157894736842,https://openalex.org/W2617180360,6,0.011194029850746268,5,The Contribution of Mothers’ Employment on Their Family's Chances of Ending Welfare Benefit Receipt in Germany. Analysis of a Two-Stage Process,Torsten Lietzmann (2017),The Contribution of Mothers’ Employment on Their Family's Chances of Ending Welfare Benefit Receipt in Germany. Analysis of a Two-Stage Process,Torsten Lietzmann (2017),Hunger and nutritional poverty in Germany: quantitative and qualitative empirical insights,Sabine Pfeiffer et al. (2011)
73,https://openalex.org/W2568730543,1,0.045454545454545456,Cordula Zabel,https://openalex.org/W1835884712,0,0.0,https://openalex.org/W2956046344,6,0.011194029850746268,5,‘New politics’ in German labour market policy? The implications of the recent Hartz reforms for the German welfare state,Achim Kemmerling et Oliver Bruttel (2006),Welfare Dynamics and Employment: Heterogeneous Paths Through Means-tested Basic Income in Germany,Kerstin Bruckmeier et al. (2019),How to fight long-term unemployment: lessons from Germany,Alexander Spermann (2015)
74,https://openalex.org/W3123633112,1,0.045454545454545456,Jochen Clasen,https://openalex.org/W2956046344,0,0.0,https://openalex.org/W3123633112,5,0.009328358208955223,5,Activation Policies in Germany: From Status Protection to Basic Income Support,Regina Konle‐Seidl et al. (2006),Activation Policies in Germany: From Status Protection to Basic Income Support,Regina Konle‐Seidl et al. (2006),Welfare Dynamics and Employment: Heterogeneous Paths Through Means-tested Basic Income in Germany,Kerstin Bruckmeier et al. (2019)
