,id_most_used_ref,n_most_used_ref,share_most_used_ref,author_most_used,id_most_cited_UBI,n_most_cited_UBI,share_most_cited_UBI,id_most_cited_global,n_most_cited_global,share_most_cited_global,community,title_most_used_ref,bib_most_used_ref,title_most_cited_global,bib_most_cited_global,title_most_cited_UBI,bib_most_cited_UBI
0,https://openalex.org/W4249308963,12,0.024539877300613498,Philippe Van Parijs,https://openalex.org/W2530948716,21,0.0532994923857868,https://openalex.org/W2902634493,1014,0.24558004359409058,1,Basic Income,Philippe Van Parijs et Yannick Vanderborght (2017),"AI4People—An Ethical Framework for a Good AI Society: Opportunities, Risks, Principles, and Recommendations",Luciano Floridi et al. (2018),Rise of the robots: technology and the threat of a jobless future,Maria Enrica Virgillito (2016)
1,https://openalex.org/W1980797821,8,0.016359918200409,Jürgen De Wispelaere,https://openalex.org/W2508018842,19,0.048223350253807105,https://openalex.org/W2963849010,877,0.21240009687575684,1,The Case for a Participation Income,Anthony B. Atkinson (1996),"A Brief History of Artificial Intelligence: On the Past, Present, and Future of Artificial Intelligence",Michael Haenlein et Andreas Kaplan (2019),Basic Income in the Capitalist Economy: The Mirage of “Exit” from Employment,Simon Birnbaum et Jürgen De Wispelaere (2016)
2,https://openalex.org/W2006784025,8,0.016359918200409,Yannick Vanderborght,https://openalex.org/W603907805,18,0.04568527918781726,https://openalex.org/W2157441223,574,0.13901671106805522,1,Basic Income: A Simple and Powerful Idea for the Twenty-First Century,Philippe Van Parijs (2004),Institutionalizing Dualism: Complementarities and Change in France and Germany,Bruno Palier et Kathleen Thelen (2010),Feasibility of Financing a Basic Income,Jordi Arcarons et al. (2014)
3,https://openalex.org/W2325247757,8,0.016359918200409,Johanna Perkiö,https://openalex.org/W2884536002,15,0.03807106598984772,https://openalex.org/W2735317928,321,0.07774279486558489,1,Real Freedom for All: What (If Anything) can Justify Capitalism?,Philippe Van Parijs (1996),Revisiting the risk of automation,Melanie Arntz et al. (2017),A Policy Comet in Moominland? Basic Income in the Finnish Welfare State,Antti Halmetoja et al. (2018)
4,https://openalex.org/W2910467582,7,0.014314928425357873,Karl Widerquist,https://openalex.org/W1984064238,15,0.03807106598984772,https://openalex.org/W2225660632,130,0.03148462097360136,1,"From Rights to Activation: The Evolution of the Idea of Basic Income in the Finnish Political Debate, 1980–2016",Johanna Perkiö (2019),Affective Labor and Feminist Politics,Johanna Oksala (2016),Good and Bad Times of Social Innovations: The Case of Universal Basic Income in Finland,Pertti Koistinen et Johanna Perkiö (2014)
5,https://openalex.org/W4254298749,7,0.014314928425357873,Guy Standing,https://openalex.org/W3094163981,15,0.03807106598984772,https://openalex.org/W2054787653,118,0.028578348268345845,1,Basic Income,Guy Standing (2017),Immigration and Natives’ Attitudes towards the Welfare State: Evidence from the European Social Survey,Claudia Senik et al. (2008),The Left and universal basic income: the role of ideology in individual support,Hanna Schwander et Tim Vlandas (2020)
6,https://openalex.org/W1591881116,7,0.014314928425357873,Stuart White,https://openalex.org/W3107631710,14,0.03553299492385787,https://openalex.org/W2020078061,102,0.024703317994671833,1,The Struggle for Strategy: On the Politics of the Basic Income Proposal,Jürgen De Wispelaere (2015),Policy Diffusion and Policy Transfer in Comparative Welfare State Research,Herbert Obinger et al. (2012),Snowballing or wilting? What affects public support for varying models of basic income?,Joe Chrisp et al. (2020)
7,https://openalex.org/W1984064238,6,0.012269938650306749,Olli Kangas,https://openalex.org/W2976340018,13,0.03299492385786802,https://openalex.org/W2108462694,49,0.011867280213126665,1,Good and Bad Times of Social Innovations: The Case of Universal Basic Income in Finland,Pertti Koistinen et Johanna Perkiö (2014),When and why do ideas matter? The influence of framing on opinion formation and policy change,Olli Kangas et al. (2013),The Finnish Basic Income Experiment: A Primer,Jürgen De Wispelaere et al. (2019)
8,https://openalex.org/W2889025311,6,0.012269938650306749,Simon Birnbaum,https://openalex.org/W2910467582,13,0.03299492385786802,https://openalex.org/W2036815307,48,0.01162509082102204,1,Attitudes Toward Universal Basic Income and Welfare State in Europe: A Research Note,Soomi Lee (2018),Public Opinion on State Responsibility for Minimum Income Protection,Michaela Pfeifer (2009),"From Rights to Activation: The Evolution of the Idea of Basic Income in the Finnish Political Debate, 1980–2016",Johanna Perkiö (2019)
9,https://openalex.org/W2064212453,6,0.012269938650306749,Carole Pateman,https://openalex.org/W2605094594,13,0.03299492385786802,https://openalex.org/W2530948716,42,0.010171954468394284,1,A failure to communicate: what (if anything) can we learn from the negative income tax experiments?,Karl Widerquist (2005),Rise of the robots: technology and the threat of a jobless future,Maria Enrica Virgillito (2016),Basic Income in the Finnish Context,Olli Kangas et al. (2017)
10,https://openalex.org/W2003118126,12,0.039473684210526314,Ugo Colombino,https://openalex.org/W2027029055,15,0.0949367088607595,https://openalex.org/W2016638422,153,0.16887417218543047,2,"Labour supply in Italy: an empirical analysis of joint household decisions, with taxes and quantity constraints",Rolf Aaberge et al. (1999),Fair Income Tax,Marc Fleurbaey et François Maniquet (2006),Do more equal slices shrink the cake? An empirical investigation of tax-transfer reform proposals in Italy,Rolf Aaberge et al. (2004)
11,https://openalex.org/W3121920701,12,0.039473684210526314,Rolf Aaberge,https://openalex.org/W3123713398,11,0.06962025316455696,https://openalex.org/W2007200911,72,0.07947019867549669,2,Optimal Income Transfer Programs: Intensive versus Extensive Labor Supply Responses,Emmanuel Saez (2002),A (Modest) Proposal for Expanding Social Citizenship in the European Union,Philippe C. Schmitter et Michael W. Bauer (2001),Alternative Basic Income Mechanisms: An Evaluation Exercise With a Microeconometric Model,Ugo Colombino et al. (2010)
12,https://openalex.org/W2027029055,9,0.029605263157894735,Steinar Strøm,https://openalex.org/W1480999374,9,0.056962025316455694,https://openalex.org/W2027029055,64,0.0706401766004415,2,Do more equal slices shrink the cake? An empirical investigation of tax-transfer reform proposals in Italy,Rolf Aaberge et al. (2004),Do more equal slices shrink the cake? An empirical investigation of tax-transfer reform proposals in Italy,Rolf Aaberge et al. (2004),An Unconditional Basic Income in the Family Context - Labor Supply and Distributional Effects,Julia Horstschräer et al. (2010)
13,https://openalex.org/W2126322416,8,0.02631578947368421,Emmanuel Saez,https://openalex.org/W1569912343,9,0.056962025316455694,https://openalex.org/W2008343499,57,0.06291390728476821,2,Redistributive taxation as social insurance,Hal R. Varian (1980),"Discrete choice models of labour supply, behavioural microsimulation and the Spanish tax reforms",José M. Labeaga et al. (2007),Universal Basic Income versus Unemployment Insurance,Alice Fabre et al. (2014)
14,https://openalex.org/W1483340052,8,0.02631578947368421,Philippe Van Parijs,https://openalex.org/W3123967447,8,0.05063291139240506,https://openalex.org/W2118516604,47,0.05187637969094923,2,On reforming the welfare system,Bernard Fortin et al. (1993),Targeting welfare in Italy: old problems and perspectives on reform,Massimo Baldini et al. (2002),Alternative Basic Income Mechanisms: An Evaluation Exercise with a Microeconometric Model,Ugo Colombino et al. (2010)
15,https://openalex.org/W2020344472,6,0.019736842105263157,Anthony B. Atkinson,https://openalex.org/W2118516604,8,0.05063291139240506,https://openalex.org/W2265052787,47,0.05187637969094923,2,A note on optimum tax evasion,Serge-Christophe Kolm (1973),The JCMS Annual Lecture: National Welfare States and European Integration: In Search of a ‘Virtuous Nesting’*,Maurizio Ferrera (2009),Targeting welfare in Italy: old problems and perspectives on reform,Massimo Baldini et al. (2002)
16,https://openalex.org/W3148404943,6,0.019736842105263157,James Tobin,https://openalex.org/W2481211194,8,0.05063291139240506,https://openalex.org/W1582786932,46,0.05077262693156733,2,Public Economics in Action: The Basic Income/Flat Tax Proposal,A. B. Atkinson (1996),Macrojustice: The Political Economy of Fairness,Serge-Christophe Kolm (2004),A Feasible Basic Income Scheme for Germany,Maximilian Sommer (2016)
17,https://openalex.org/W3147703848,6,0.019736842105263157,Serge-Christophe Kolm,https://openalex.org/W2132689717,7,0.04430379746835443,https://openalex.org/W2131295810,38,0.04194260485651214,2,Public Economics in Action,Anthony B. Atkinson (1996),Can in-work benefits improve social inclusion in the southern European countries?,Francesco Figari (2010),Using a Microeconometric Model of Household Labour Supply to Design Optimal Income Taxes*,Rolf Aaberge et Ugo Colombino (2013)
18,https://openalex.org/W1559924327,6,0.019736842105263157,Cathal O’Donoghue,https://openalex.org/W2164300532,7,0.04430379746835443,https://openalex.org/W1963882122,37,0.04083885209713024,2,Capitalism and Freedom,Milton Friedman (1962),Redistribution and entrepreneurship with Schumpeterian growth,Cecilia García‐Peñalosa et Jean‐François Wen (2008),Designing a Universal Income Support Mechanism for Italy: An Exploratory Tour,Ugo Colombino (2013)
19,https://openalex.org/W1970380565,6,0.019736842105263157,Joseph A. Pechman,https://openalex.org/W2007200911,6,0.0379746835443038,https://openalex.org/W2132689717,35,0.03863134657836645,2,On the Currency of Egalitarian Justice,G. A. Cohen (1989),Using a Microeconometric Model of Household Labour Supply to Design Optimal Income Taxes*,Rolf Aaberge et Ugo Colombino (2013),A (Modest) Proposal for Expanding Social Citizenship in the European Union,Philippe C. Schmitter et Michael W. Bauer (2001)
20,https://openalex.org/W3148404943,5,0.02617801047120419,Philippe Van Parijs,https://openalex.org/W2598304869,31,0.155,https://openalex.org/W2753075731,112,0.1848184818481848,3,Public Economics in Action: The Basic Income/Flat Tax Proposal,A. B. Atkinson (1996),Hierarchical and relational governance and the life cycle of entrepreneurial ecosystems,Alessandra Colombelli et al. (2017),Basic Income in a Small Town: Understanding the Elusive Effects on Work,David Calnitsky et Jonathan P. Latner (2017)
21,https://openalex.org/W1988222600,4,0.020942408376963352,Ugo Colombino,https://openalex.org/W2772957692,21,0.105,https://openalex.org/W1546530261,79,0.13036303630363036,3,An unconditional basic income and labor supply: Results from a pilot study of lottery winners,Axel Marx et Hans Peeters (2008),Unconditional cash transfers for reducing poverty and vulnerabilities: effect on use of health services and health outcomes in low- and middle-income countries,Frank Pega et al. (2017),Mechanics of replacing benefit systems with a basic income: comparative results from a microsimulation approach,James Browne et Herwig Immervoll (2017)
22,https://openalex.org/W1977591813,4,0.020942408376963352,Karl Widerquist,https://openalex.org/W2133310729,21,0.105,https://openalex.org/W1974360242,44,0.07260726072607261,3,The Negative Income Tax and the Evolution of U.S. Welfare Policy,Robert A. Moffitt (2003),Effects of flat tax reforms in Western Europe,Alari Paulus et Andreas Peichl (2009),Universal Basic Income and Negative Income Tax: Two different ways of thinking redistribution,Davide Tondani (2009)
23,https://openalex.org/W2006784025,3,0.015706806282722512,A. B. Atkinson,https://openalex.org/W73238568,19,0.095,https://openalex.org/W2166622825,40,0.066006600660066,3,Basic Income: A Simple and Powerful Idea for the Twenty-First Century,Philippe Van Parijs (2004),Corporate Institutions in a Weakened Welfare State: A Rawlsian Perspective,Sandrine Blanc et Ismaël Al-Amoudi (2013),The Basic Income Grant Pilot Project in Namibia: A Critical Assessment,Rigmar Osterkamp (2013)
24,https://openalex.org/W2325247757,3,0.015706806282722512,Robert A. Moffitt,https://openalex.org/W1537998701,16,0.08,https://openalex.org/W2598304869,35,0.057755775577557754,3,Real Freedom for All: What (If Anything) can Justify Capitalism?,Philippe Van Parijs (1996),Basic Income in a Small Town: Understanding the Elusive Effects on Work,David Calnitsky et Jonathan P. Latner (2017),The impact of basic income on the propensity to work,Claude Gamel et al. (2006)
25,https://openalex.org/W1520279335,3,0.015706806282722512,Axel Marx,https://openalex.org/W3082690747,14,0.07,https://openalex.org/W2133310729,35,0.057755775577557754,3,A Comparison of the Labor Supply Findings from the Four Negative Income Tax Experiments,Philip K. Robins (1985),Universal Basic Income and Negative Income Tax: Two different ways of thinking redistribution,Davide Tondani (2009),Is There Empirical Evidence on How the Implementation of a Universal Basic Income (UBI) Affects Labour Supply? A Systematic Review,Manuela A. De Paz Báñez et al. (2020)
26,https://openalex.org/W1499115460,2,0.010471204188481676,Hans Peeters,https://openalex.org/W2604905395,13,0.065,https://openalex.org/W2772957692,34,0.056105610561056105,3,Keep On Working: Unconditional Basic Income in the Lab,Stefan Haigner et al. (2012),Mechanics of replacing benefit systems with a basic income: comparative results from a microsimulation approach,James Browne et Herwig Immervoll (2017),On the Economics of a Universal Basic Income,Thomas Straubhaar (2017)
27,https://openalex.org/W1996166147,2,0.010471204188481676,José Antonio Noguera,https://openalex.org/W1499115460,10,0.05,https://openalex.org/W2604905395,26,0.0429042904290429,3,Behavioral Economics and the Basic Income Guarantee,Wesley Pech (2010),On the Economics of a Universal Basic Income,Thomas Straubhaar (2017),Keep On Working: Unconditional Basic Income in the Lab,Stefan Haigner et al. (2012)
28,https://openalex.org/W1998071368,2,0.010471204188481676,Jürgen De Wispelaere,https://openalex.org/W2968956863,7,0.035,https://openalex.org/W1537998701,22,0.036303630363036306,3,A Plea for the Use of Laboratory Experiments in Basic Income Research,José Antonio Noguera et Jürgen De Wispelaere (2006),The impact of basic income on the propensity to work,Claude Gamel et al. (2006),Universal basic income with flat tax reform in France,Riccardo Magnani et Luca Piccoli (2020)
29,https://openalex.org/W2011026833,2,0.010471204188481676,Yannick Vanderborght,https://openalex.org/W2604707465,7,0.035,https://openalex.org/W73238568,22,0.036303630363036306,3,<b>Basic income – healthy outcome?</b>Effects on health of an Indian basic income pilot project: a cluster randomised trial,Simon Beck et al. (2014),The Basic Income Grant Pilot Project in Namibia: A Critical Assessment,Rigmar Osterkamp (2013),Universal Basic Income — Empty Dreams of Paradise,Hilmar Schneider (2017)
30,https://openalex.org/W2023723950,10,0.06896551724137931,Giorgos Kallis,https://openalex.org/W2081775730,22,0.16176470588235295,https://openalex.org/W2910922638,1414,0.2536322869955157,4,Crisis or opportunity? Economic degrowth for social equity and ecological sustainability. Introduction to this special issue,François Schneider et al. (2010),An agenda for sustainability transitions research: State of the art and future directions,Jonathan Köhler et al. (2019),In defence of degrowth,Giorgos Kallis (2011)
31,https://openalex.org/W2081775730,9,0.06206896551724138,Joan Martínez-Alier,https://openalex.org/W2023723950,20,0.14705882352941177,https://openalex.org/W2937421004,777,0.13937219730941705,4,In defence of degrowth,Giorgos Kallis (2011),Is Green Growth Possible?,Jason Hickel et Giorgos Kallis (2019),Crisis or opportunity? Economic degrowth for social equity and ecological sustainability. Introduction to this special issue,François Schneider et al. (2010)
32,https://openalex.org/W2030655414,8,0.05517241379310345,François Schneider,https://openalex.org/W2030655414,13,0.09558823529411764,https://openalex.org/W2023723950,688,0.12340807174887893,4,The economics of degrowth,Giorgos Kallis et al. (2012),Crisis or opportunity? Economic degrowth for social equity and ecological sustainability. Introduction to this special issue,François Schneider et al. (2010),The economics of degrowth,Giorgos Kallis et al. (2012)
33,https://openalex.org/W2147393791,6,0.041379310344827586,Philippe Van Parijs,https://openalex.org/W2976549432,8,0.058823529411764705,https://openalex.org/W2081775730,679,0.12179372197309417,4,Socially Sustainable Economic De‐growth,Joan Martínez-Alier (2009),In defence of degrowth,Giorgos Kallis (2011),Ecological Effects of Basic Income,Michael W. Howard et al. (2019)
34,https://openalex.org/W1520275825,4,0.027586206896551724,Christian Kerschner,https://openalex.org/W2150141679,8,0.058823529411764705,https://openalex.org/W2150141679,453,0.08125560538116591,4,Basic Income From an Ecological Perspective,Jan O. Andersson (2010),What is Degrowth? From an Activist Slogan to a Social Movement,Federico Demaria et al. (2013),What is Degrowth? From an Activist Slogan to a Social Movement,Federico Demaria et al. (2013)
35,https://openalex.org/W2150141679,4,0.027586206896551724,Tony Fitzpatrick,https://openalex.org/W2147393791,8,0.058823529411764705,https://openalex.org/W2030655414,419,0.07515695067264574,4,What is Degrowth? From an Activist Slogan to a Social Movement,Federico Demaria et al. (2013),The economics of degrowth,Giorgos Kallis et al. (2012),Socially Sustainable Economic De‐growth,Joan Martínez-Alier (2009)
36,https://openalex.org/W1983274884,3,0.020689655172413793,Federico Demaria,https://openalex.org/W3000666247,7,0.051470588235294115,https://openalex.org/W836905562,229,0.0410762331838565,4,"Basic Income, Post-Productivism and Liberalism",Tony Fitzpatrick (2010),Socially sustainable degrowth as a social–ecological transformation: repoliticizing sustainability,Viviana Asara et al. (2015),"Money, Vouchers, Public Infrastructures? A Framework for Sustainable Welfare Benefits",Katharina Bohnenberger (2020)
37,https://openalex.org/W2069885397,3,0.020689655172413793,Jürgen De Wispelaere,https://openalex.org/W2937421004,6,0.04411764705882353,https://openalex.org/W2147393791,186,0.03336322869955157,4,Sustainable Consumption and Worktime Reduction,Juliet B. Schor (2005),Socially Sustainable Economic De‐growth,Joan Martínez-Alier (2009),Is Green Growth Possible?,Jason Hickel et Giorgos Kallis (2019)
38,https://openalex.org/W2150200080,3,0.020689655172413793,Jan O. Andersson,https://openalex.org/W836905562,5,0.03676470588235294,https://openalex.org/W2015870104,126,0.022600896860986548,4,Democratizing Citizenship: Some Advantages of a Basic Income,Carole Pateman (2004),"Growth, A-Growth or Degrowth to Stay within Planetary Boundaries?",Jeroen C.J.M. van den Bergh et Giorgos Kallis (2012),Socially sustainable degrowth as a social–ecological transformation: repoliticizing sustainability,Viviana Asara et al. (2015)
39,https://openalex.org/W2154552965,3,0.020689655172413793,Yannick Vanderborght,https://openalex.org/W2982627003,4,0.029411764705882353,https://openalex.org/W2170679432,120,0.021524663677130046,4,Work and Welfare: Towards a Post-productivist Welfare Regime,Robert E. Goodin (2001),Imaginaries of Hope: The Utopianism of Degrowth,Giorgos Kallis et Hug March (2014),Green Republicanism and the Shift to Post-productivism: A Defence of an Unconditional Basic Income,Jorge Sousa Pinto (2019)
40,https://openalex.org/W1852934820,2,0.09090909090909091,Werner Eichhörst,https://openalex.org/W2152246911,3,0.16666666666666666,https://openalex.org/W1557319022,134,0.2622309197651663,5,A fistful of euros: Is the German one‐euro job workfare scheme effective for participants?,Katrin Hohmeyer et Joachim Wolff (2011),"BENEFIT DURATION, UNEMPLOYMENT DURATION AND JOB MATCH QUALITY: A REGRESSION‐DISCONTINUITY APPROACH",Marco Caliendo et al. (2012),Activation Policies in Germany: From Status Protection to Basic Income Support,Werner Eichhörst et al. (2008)
41,https://openalex.org/W1973347965,2,0.09090909090909091,Maria Grienberger-Zingerle,https://openalex.org/W1852934820,2,0.1111111111111111,https://openalex.org/W2152246911,87,0.17025440313111545,5,‘Do you feel excluded?’ The subjective experience of young state benefit recipients in Germany,Sandra Popp et Brigitte Schels (2008),Activation Policies in Germany: From Status Protection to Basic Income Support,Werner Eichhörst et al. (2008),A fistful of euros: Is the German one‐euro job workfare scheme effective for participants?,Katrin Hohmeyer et Joachim Wolff (2011)
42,https://openalex.org/W2134033543,2,0.09090909090909091,Regina Konle‐Seidl,https://openalex.org/W1973347965,2,0.1111111111111111,https://openalex.org/W1911356153,75,0.14677103718199608,5,"Subsidized work before and after the German Hartz reforms: design of major schemes, evaluation results and lessons learnt",Joachim Wolff et Gesine Stephan (2013),The PASS panel survey after six waves,Mark Trappmann et al. (2013),‘Do you feel excluded?’ The subjective experience of young state benefit recipients in Germany,Sandra Popp et Brigitte Schels (2008)
43,https://openalex.org/W242462595,2,0.09090909090909091,Joachim Wolff,https://openalex.org/W2134033543,2,0.1111111111111111,https://openalex.org/W1852934820,55,0.10763209393346379,5,Activating Labor Market and Social Policies in Germany: From Status Protection to Basic Income Support,Werner Eichhörst et al. (2010),A fistful of euros: Is the German one‐euro job workfare scheme effective for participants?,Katrin Hohmeyer et Joachim Wolff (2011),"Subsidized work before and after the German Hartz reforms: design of major schemes, evaluation results and lessons learnt",Joachim Wolff et Gesine Stephan (2013)
44,https://openalex.org/W2108289869,2,0.09090909090909091,Brigitte Schels,https://openalex.org/W2108289869,2,0.1111111111111111,https://openalex.org/W1998635925,43,0.08414872798434442,5,Young beneficiaries’ routes off benefits through labour market integration: the case of Germany,Brigitte Schels (2011),Hunger and nutritional poverty in Germany: quantitative and qualitative empirical insights,Sabine Pfeiffer et al. (2011),Young beneficiaries’ routes off benefits through labour market integration: the case of Germany,Brigitte Schels (2011)
45,https://openalex.org/W2152246911,2,0.09090909090909091,Torsten Lietzmann,https://openalex.org/W1557319022,1,0.05555555555555555,https://openalex.org/W1835884712,24,0.046966731898238745,5,Activation Policies in Germany: From Status Protection to Basic Income Support,Werner Eichhörst et al. (2008),How to fight long-term unemployment: lessons from Germany,Alexander Spermann (2015),"BENEFIT DURATION, UNEMPLOYMENT DURATION AND JOB MATCH QUALITY: A REGRESSION‐DISCONTINUITY APPROACH",Marco Caliendo et al. (2012)
46,https://openalex.org/W1998635925,1,0.045454545454545456,Katrin Hohmeyer,https://openalex.org/W2142015223,1,0.05555555555555555,https://openalex.org/W1973347965,23,0.04500978473581213,5,Hunger and nutritional poverty in Germany: quantitative and qualitative empirical insights,Sabine Pfeiffer et al. (2011),‘Do you feel excluded?’ The subjective experience of young state benefit recipients in Germany,Sandra Popp et Brigitte Schels (2008),After Recent Policy Reforms in Germany: Probability and Determinants of Labour Market Integration of Lone Mothers and Mothers with a Partner who Receive Welfare Benefits,Torsten Lietzmann (2014)
47,https://openalex.org/W2237458318,1,0.045454545454545456,Sandra Popp,https://openalex.org/W1998635925,1,0.05555555555555555,https://openalex.org/W2134033543,18,0.03522504892367906,5,Alleinerziehende Mütter im Bereich des SGB II: eine Synopse empirischer Befunde aus der IAB-Forschung,Juliane Achatz et al. (2013),"Subsidized work before and after the German Hartz reforms: design of major schemes, evaluation results and lessons learnt",Joachim Wolff et Gesine Stephan (2013),Hunger and nutritional poverty in Germany: quantitative and qualitative empirical insights,Sabine Pfeiffer et al. (2011)
48,https://openalex.org/W2098519656,1,0.045454545454545456,Andreas Hirseland,https://openalex.org/W2617180360,1,0.05555555555555555,https://openalex.org/W2613828505,14,0.0273972602739726,5,"Exit Bismarck, Enter Dualism? Assessing Contemporary German Labour Market Policy",Jochen Clasen et Alexander Goerne (2011),Marginal employment for welfare recipients: stepping stone or obstacle?,Torsten Lietzmann et al. (2017),The Contribution of Mothers’ Employment on Their Family's Chances of Ending Welfare Benefit Receipt in Germany. Analysis of a Two-Stage Process,Torsten Lietzmann (2017)
49,https://openalex.org/W2142015223,1,0.045454545454545456,Gesine Stephan,https://openalex.org/W2613828505,1,0.05555555555555555,https://openalex.org/W2142015223,10,0.019569471624266144,5,After Recent Policy Reforms in Germany: Probability and Determinants of Labour Market Integration of Lone Mothers and Mothers with a Partner who Receive Welfare Benefits,Torsten Lietzmann (2014),After Recent Policy Reforms in Germany: Probability and Determinants of Labour Market Integration of Lone Mothers and Mothers with a Partner who Receive Welfare Benefits,Torsten Lietzmann (2014),Marginal employment for welfare recipients: stepping stone or obstacle?,Torsten Lietzmann et al. (2017)
