,id_most_used_ref,n_most_used_ref,share_most_used_ref,author_most_used,id_most_cited_UBI,n_most_cited_UBI,share_most_cited_UBI,id_most_cited_global,n_most_cited_global,share_most_cited_global,community,title_most_used_ref,bib_most_used_ref,title_most_cited_global,bib_most_cited_global,title_most_cited_UBI,bib_most_cited_UBI
0,https://openalex.org/W2325247757,23,0.02822085889570552,Philippe Van Parijs,https://openalex.org/W2006784025,131,0.12129629629629629,https://openalex.org/W2902634493,1014,0.14389101745423585,1,Real Freedom for All: What (If Anything) can Justify Capitalism?,Philippe Van Parijs (1996),"AI4People—An Ethical Framework for a Good AI Society: Opportunities, Risks, Principles, and Recommendations",Luciano Floridi et al. (2018),Basic Income: A Simple and Powerful Idea for the Twenty-First Century,Philippe Van Parijs (2004)
1,https://openalex.org/W4249308963,18,0.022085889570552148,Jürgen De Wispelaere,https://openalex.org/W2016276511,60,0.05555555555555555,https://openalex.org/W2109306263,382,0.05420746416914999,1,Basic Income,Philippe Van Parijs et Yannick Vanderborght (2017),Taxing across Borders: Tracking Personal Wealth and Corporate Profits,Gabriel Zucman (2014),The Many Faces of Universal Basic Income,Jürgen De Wispelaere et Lindsay Stirton (2004)
2,https://openalex.org/W2006784025,16,0.0196319018404908,Yannick Vanderborght,https://openalex.org/W2484862404,55,0.05092592592592592,https://openalex.org/W2108251200,380,0.053923655456222505,1,Basic Income: A Simple and Powerful Idea for the Twenty-First Century,Philippe Van Parijs (2004),"Disability, work, and welfare",Colin Barnes et Geof Mercer (2005),"Independence, Propertylessness, and Basic Income",Karl Widerquist (2013)
3,https://openalex.org/W1980797821,14,0.01717791411042945,Karl Widerquist,https://openalex.org/W2938967719,47,0.04351851851851852,https://openalex.org/W2787017245,317,0.04498368099900667,1,The Case for a Participation Income,Anthony B. Atkinson (1996),Income inequality and depression: a systematic review and meta‐analysis of the association and a scoping review of mechanisms,Vikram Patel et al. (2018),Public opinion on basic income: Mapping European support for a radical alternative for welfare provision,Femke Roosma et W.J.H. van Oorschot (2019)
4,https://openalex.org/W2016276511,13,0.015950920245398775,Lindsay Stirton,https://openalex.org/W2153369576,38,0.03518518518518519,https://openalex.org/W4256708066,301,0.04271321129558677,1,The Many Faces of Universal Basic Income,Jürgen De Wispelaere et Lindsay Stirton (2004),The Institutional Logic of Welfare Attitudes,Christian Albrekt Larsen (2007),The precariat: the new dangerous class,Martin G. Allen et Patrick Ainley (2011)
5,https://openalex.org/W2168139370,13,0.015950920245398775,Guy Standing,https://openalex.org/W2619673714,28,0.025925925925925925,https://openalex.org/W2006784025,270,0.038314176245210725,1,Arguing for Basic Income: Ethical Foundations for a Radical Reform,Philippe Van Parijs (1992),Basic Income: A Simple and Powerful Idea for the Twenty-First Century,Philippe Van Parijs (2004),The Cost of Basic Income: Back-of-the-Envelope Calculations,Karl Widerquist (2017)
6,https://openalex.org/W2153369576,10,0.012269938650306749,Anthony B. Atkinson,https://openalex.org/W3015310819,28,0.025925925925925925,https://openalex.org/W2076752699,223,0.03164467149141478,1,The precariat: the new dangerous class,Martin G. Allen et Patrick Ainley (2011),What Makes People Support Public Responsibility for Welfare Provision: Self-interest or Political Ideology?,Mads Meier Jæger (2006),The political economy of individual-level support for the basic income in Europe,Tim Vlandas (2020)
7,https://openalex.org/W2150200080,10,0.012269938650306749,Loek Groot,https://openalex.org/W2990446669,26,0.024074074074074074,https://openalex.org/W2033648564,176,0.024975166737618845,1,Democratizing Citizenship: Some Advantages of a Basic Income,Carole Pateman (2004),"Good Times, Bad Times",Tali Kristal (2010),Support for a universal basic income: A demand–capacity paradox?,Zachary Parolin et Linus Siöland (2019)
8,https://openalex.org/W2064212453,9,0.011042944785276074,Ailsa McKay,https://openalex.org/W2021117428,24,0.022222222222222223,https://openalex.org/W2103318532,173,0.024549453668227614,1,A failure to communicate: what (if anything) can we learn from the negative income tax experiments?,Karl Widerquist (2005),Telling stories of 21st century welfare: The UK Coalition government and the neo-liberal discourse of worklessness and dependency,Jay Wiggan (2012),The Public Administration Case against Participation Income,Jürgen De Wispelaere et Lindsay Stirton (2007)
9,https://openalex.org/W1981750978,8,0.0098159509202454,Erik Olín Wright,https://openalex.org/W2954742203,23,0.021296296296296296,https://openalex.org/W1969301437,165,0.023414218816517667,1,Rethinking Work and Income Maintenance Policy: Promoting Gender Equality Through a Citizens' Basic Income,Ailsa McKay (2001),The Myth of “Broken Britain”: Welfare Reform and the Production of Ignorance,Tom Slater (2012),Citizens’ Opinions About Basic Income Proposals Compared – A Conjoint Analysis of Finland and Switzerland,Isabelle Stadelmann‐Steffen et Clau Dermont (2019)
10,https://openalex.org/W1489554691,6,0.05309734513274336,Philippe Van Parijs,https://openalex.org/W3123967447,8,0.1111111111111111,https://openalex.org/W2162632589,270,0.29540481400437635,2,Public economics in action: the basic income/flat tax proposal,,"Disagreement, asymmetry, and liberal legitimacy",Jonathan Quong (2005),Alternative Basic Income Mechanisms: An Evaluation Exercise with a Microeconometric Model,Ugo Colombino et al. (2010)
11,https://openalex.org/W3121920701,6,0.05309734513274336,Emmanuel Saez,https://openalex.org/W2737920998,7,0.09722222222222222,https://openalex.org/W2597345357,114,0.12472647702407003,2,Optimal Income Transfer Programs: Intensive versus Extensive Labor Supply Responses,Emmanuel Saez (2002),Automation: is it really different this time?,Judy Wajcman (2017),Reducing poverty and inequality through tax-benefit reform and the minimum wage: the UK as a case-study,Anthony B. Atkinson et al. (2017)
12,https://openalex.org/W580935276,2,0.017699115044247787,Loek Groot,https://openalex.org/W2161345896,7,0.09722222222222222,https://openalex.org/W2125152119,109,0.11925601750547046,2,Freedom and Security: An Introduction to the Basic Income Debate,Rodney Haddow et Tony Fitzpatrick (2001),Two Decades of Change in Europe: The Emergence of the Social Investment State,Kees van Kersbergen et Anton Hemerijck (2012),Is Basic Income a Cure for Unemployment in Unionized Economies? A General Equilibrium Analysis,Bruno Van der Linden (2002)
13,https://openalex.org/W2555932976,2,0.017699115044247787,Holly Sutherland,https://openalex.org/W2147810489,7,0.09722222222222222,https://openalex.org/W3122782414,64,0.0700218818380744,2,How Basic Income is Moving up the Policy Agenda: News from the Future 1,Tony Atkinson (2002),Social rights in the constitution and in practice,Avi Ben-Bassat et Momi Dahan (2008),"Active citizen's income, unconditional income and participation under imperfect competition: a welfare analysis",Bruno Van der Linden (2004)
14,https://openalex.org/W2042417727,2,0.017699115044247787,Manos Matsaganis,https://openalex.org/W1572749446,6,0.08333333333333333,https://openalex.org/W1983956792,45,0.04923413566739606,2,The Design of Income Maintenance Programmes,Timothy Besley et Stephen Coate (1995),<scp>Help the Low Skilled or Let the Hardworking Thrive? A Study of Fairness in Optimal Income Taxation</scp>,Marc Fleurbaey et François Maniquet (2007),Basic Income and Unemployment,Loek Groot (2004)
15,https://openalex.org/W1559593144,2,0.017699115044247787,Horácio Levy,https://openalex.org/W2120746524,3,0.041666666666666664,https://openalex.org/W1501403635,38,0.04157549234135667,2,Generalized Social Marginal Welfare Weights for Optimal Tax Theory,Emmanuel Saez et Stefanie Stantcheva (2016),Microsimulation and Policy Analysis,Francesco Figari et al. (2015),Reforming Family Transfers in Southern Europe: Is there a Role for Universal Child Benefits?,Manos Matsaganis et al. (2006)
16,https://openalex.org/W4249308963,2,0.017699115044247787,Bruno Van der Linden,https://openalex.org/W2128330325,3,0.041666666666666664,https://openalex.org/W2750446353,32,0.0350109409190372,2,Basic Income,Philippe Van Parijs et Yannick Vanderborght (2017),Revealed social preferences of Dutch political parties,Bas Jacobs et al. (2017),Feminist arguments in favor of welfare and basic income in Denmark,Erik Christensen (2003)
17,https://openalex.org/W2912069595,2,0.017699115044247787,Erik Christensen,https://openalex.org/W599563694,3,0.041666666666666664,https://openalex.org/W2737920998,27,0.02954048140043764,2,,Loek Groot (1997),Reducing poverty and inequality through tax-benefit reform and the minimum wage: the UK as a case-study,Anthony B. Atkinson et al. (2017),The Heretical Political Discourse: a Discourse Analysis of the Danish Debate on Basic Income,Erik Christensen (2008)
18,https://openalex.org/W2016638422,2,0.017699115044247787,Ugo Colombino,https://openalex.org/W1501403635,3,0.041666666666666664,https://openalex.org/W2128909200,24,0.0262582056892779,2,Fair Income Tax,Marc Fleurbaey et François Maniquet (2006),Employment Polarisation in Australia*,Peter Dawkins et al. (2005),Microsimulation and Policy Analysis,Francesco Figari et al. (2015)
19,https://openalex.org/W2063145191,2,0.017699115044247787,Cathal O’Donoghue,https://openalex.org/W2115849403,2,0.027777777777777776,https://openalex.org/W1979964337,19,0.020787746170678335,2,The impact of comparable policies in European countries: Microsimulation approaches,Tim Callan et Holly Sutherland (1997),‘Making Work Pay’ – Devising the Best Strategy for Lone Parents in Britain,Ann Marie Gray (2001),CRITICAL NOTICE: MACROJUSTICE AS A RESEARCH PROGRAMME,Erik Schokkaert (2009)
20,https://openalex.org/W1520279335,7,0.026415094339622643,Philip K. Robins,https://openalex.org/W2064212453,93,0.2672413793103448,https://openalex.org/W3123293195,1143,0.5543161978661494,3,A Comparison of the Labor Supply Findings from the Four Negative Income Tax Experiments,Philip K. Robins (1985),The Credibility Revolution in Empirical Economics: How Better Research Design is Taking the Con out of Econometrics,Joshua D. Angrist et Jörn‐Steffen Pischke (2010),A failure to communicate: what (if anything) can we learn from the negative income tax experiments?,Karl Widerquist (2005)
21,https://openalex.org/W4249308963,5,0.018867924528301886,Karl Widerquist,https://openalex.org/W2785823716,55,0.15804597701149425,https://openalex.org/W2064212453,127,0.06159068865179437,3,Basic Income,Philippe Van Parijs et Yannick Vanderborght (2017),A failure to communicate: what (if anything) can we learn from the negative income tax experiments?,Karl Widerquist (2005),"A Critical Analysis of Basic Income Experiments for Researchers, Policymakers, and Citizens",Karl Widerquist (2018)
22,https://openalex.org/W1966981305,4,0.01509433962264151,Guy Standing,https://openalex.org/W3008771385,30,0.08620689655172414,https://openalex.org/W3124241816,95,0.0460717749757517,3,Assessing the Case for Social Experiments,James J. Heckman et Jeffrey A. Smith (1995),Workfare as an Effective Way to Fight Poverty: The Case of India’s NREGS,Shamika Ravi et Monika Engler (2015),The public health effects of interventions similar to basic income: a scoping review,Marcia Gibson et al. (2020)
23,https://openalex.org/W2064212453,4,0.01509433962264151,Philippe Van Parijs,https://openalex.org/W1988222600,20,0.05747126436781609,https://openalex.org/W3008771385,80,0.038797284190106696,3,A failure to communicate: what (if anything) can we learn from the negative income tax experiments?,Karl Widerquist (2005),The public health effects of interventions similar to basic income: a scoping review,Marcia Gibson et al. (2020),An unconditional basic income and labor supply: Results from a pilot study of lottery winners,Axel Marx et Hans Peeters (2008)
24,https://openalex.org/W2013291500,4,0.01509433962264151,Richard W. West,https://openalex.org/W3122054313,18,0.05172413793103448,https://openalex.org/W2785823716,62,0.030067895247332686,3,Economic Response to a Guaranteed Annual Income: Experience from Canada and the United States,Derek Hum et Wayne Simpson (1993),"A Critical Analysis of Basic Income Experiments for Researchers, Policymakers, and Citizens",Karl Widerquist (2018),Universal Basic Income Proposals in Light of ILO Standards: Key Issues and Global Costing,Isabel Ortiz et al. (2018)
25,https://openalex.org/W2027513957,3,0.011320754716981131,Derek Hum,https://openalex.org/W2808798325,15,0.04310344827586207,https://openalex.org/W1983049784,46,0.02230843840931135,3,Nonparametric Estimates of the Labor-Supply Effects of Negative Income Tax Programs,Orley Ashenfelter et Mark Plant (1990),TAX POLICY REFORM: THE ROLE OF EMPIRICAL EVIDENCE,Richard Blundell (2011),"Stress, domination and basic income: considering a citizens’ entitlement response to a public health crisis",Matthew Johnson et Elliott Johnson (2018)
26,https://openalex.org/W1567167677,3,0.011320754716981131,Robert A. Moffitt,https://openalex.org/W2944526990,12,0.034482758620689655,https://openalex.org/W3122054313,44,0.02133850630455868,3,The Labor-Supply Response of Husbands,Harold W. Watts (1974),Universal Basic Income Proposals in Light of ILO Standards: Key Issues and Global Costing,Isabel Ortiz et al. (2018),Universal Basic Income: Some Theoretical Aspects,Maitreesh Ghatak et François Maniquet (2019)
27,https://openalex.org/W1579918246,3,0.011320754716981131,Jürgen De Wispelaere,https://openalex.org/W2980878356,10,0.028735632183908046,https://openalex.org/W1974360242,44,0.02133850630455868,3,The Labor Supply Response in the Gary Experiment,Robert A. Moffitt (1979),Effects of flat tax reforms in Western Europe,Alari Paulus et Andreas Peichl (2009),Exploring the Health Case for Universal Basic Income: Evidence from GPs Working with Precarious Groups,Matthew Johnson et al. (2019)
28,https://openalex.org/W1998071368,3,0.011320754716981131,Yannick Vanderborght,https://openalex.org/W2317181908,10,0.028735632183908046,https://openalex.org/W2166622825,40,0.019398642095053348,3,A Plea for the Use of Laboratory Experiments in Basic Income Research,José Antonio Noguera et Jürgen De Wispelaere (2006),Corporate Institutions in a Weakened Welfare State: A Rawlsian Perspective,Sandrine Blanc et Ismaël Al-Amoudi (2013),Why Basic Income’s Emancipatory Value Exceeds Its Monetary Value,Guy Standing (2015)
29,https://openalex.org/W2145286992,3,0.011320754716981131,Anthony B. Atkinson,https://openalex.org/W2901923428,9,0.02586206896551724,https://openalex.org/W3179276769,39,0.018913676042677012,3,A New Concept of Full Employment,L.W.M. Delsen (1997),The Entrepreneurial Society,Mark Sanders et al. (2019),Potential effects of universal basic income: a scoping review of evidence on impacts and study characteristics,Marcia Gibson et al. (2018)
30,https://openalex.org/W2051331538,4,0.041666666666666664,Giorgos Kallis,https://openalex.org/W2953905399,11,0.12790697674418605,https://openalex.org/W2910922638,1414,0.33114754098360655,4,Reclaiming Work: Beyond the Wage-Based Society,,An agenda for sustainability transitions research: State of the art and future directions,Jonathan Köhler et al. (2019),Radical transformation or technological intervention? Two paths for universal basic income,E. Fouksman et Elise Klein (2019)
31,https://openalex.org/W2081775730,4,0.041666666666666664,Joan Martínez-Alier,https://openalex.org/W4248340308,10,0.11627906976744186,https://openalex.org/W2937421004,777,0.1819672131147541,4,In defence of degrowth,Giorgos Kallis (2011),Is Green Growth Possible?,Jason Hickel et Giorgos Kallis (2019),Basic Income and Sovereign Money,Geoff Crocker (2020)
32,https://openalex.org/W2150141679,3,0.03125,François Schneider,https://openalex.org/W2891637636,7,0.08139534883720931,https://openalex.org/W2047833308,363,0.08501170960187354,4,What is Degrowth? From an Activist Slogan to a Social Movement,Federico Demaria et al. (2013),"Rethinking Prefiguration: Alternatives, Micropolitics and Goals in Social Movements",Luke Yates (2014),Challenges for the degrowth transition: The debate about wellbeing,Milena Büchs et Max Koch (2019)
33,https://openalex.org/W2023723950,3,0.03125,Federico Demaria,https://openalex.org/W2937421004,6,0.06976744186046512,https://openalex.org/W2103871964,263,0.06159250585480094,4,Crisis or opportunity? Economic degrowth for social equity and ecological sustainability. Introduction to this special issue,François Schneider et al. (2010),"Work, workfare, work/life balance and an ethic of care",Linda McDowell (2004),Is Green Growth Possible?,Jason Hickel et Giorgos Kallis (2019)
34,https://openalex.org/W2579322584,2,0.020833333333333332,Philippe Van Parijs,https://openalex.org/W2922002437,6,0.06976744186046512,https://openalex.org/W2902411700,219,0.05128805620608899,4,A minimum income standard for Britain : what people think,Jonathan Bradshaw et al. (2008),Equity and sustainability in the Anthropocene: a social–ecological systems perspective on their intertwined futures,Melissa Leach et al. (2018),Degrowth through income and wealth caps?,Hubert Buch‐Hansen et Max Koch (2019)
35,https://openalex.org/W2027265724,2,0.020833333333333332,Guy Standing,https://openalex.org/W2177013262,5,0.05813953488372093,https://openalex.org/W2177013262,140,0.03278688524590164,4,The Uses of Neoliberalism,James Ferguson (2010),The stigma of claiming benefits: a quantitative study,Ben Baumberg (2015),The stigma of claiming benefits: a quantitative study,Ben Baumberg (2015)
36,https://openalex.org/W2345206800,2,0.020833333333333332,Karl Widerquist,https://openalex.org/W2767019447,4,0.046511627906976744,https://openalex.org/W2891637636,123,0.028805620608899296,4,Give a man a fish: reflections on the new politics of distribution,Ralph Callebert (2016),Challenges for the degrowth transition: The debate about wellbeing,Milena Büchs et Max Koch (2019),The Monetized Economy Versus Care and the Environment: Degrowth Perspectives On Reconciling an Antagonism,Corinna Dengler et Birte Strunk (2017)
37,https://openalex.org/W2769245732,2,0.020833333333333332,Filka Sekulova,https://openalex.org/W2075096261,4,0.046511627906976744,https://openalex.org/W2905110629,93,0.02177985948477752,4,Basic Income: A Guide for the Open-Minded,Guy Standing (2017),Is it possible to achieve a good life for all within planetary boundaries?,Jason Hickel (2018),JESP symposium: Climate change and social policy,Ian Gough et al. (2008)
38,https://openalex.org/W2890038669,2,0.020833333333333332,Jonathan Bradshaw,https://openalex.org/W2104203496,4,0.046511627906976744,https://openalex.org/W2075096261,87,0.020374707259953162,4,Basic Income: A Radical Proposal for a Free Society and a Sane Economy,Philippe Van Parijs et Yannick Vanderborght (2019),JESP symposium: Climate change and social policy,Ian Gough et al. (2008),Against work: a utopian incursion into social policy,Ruth Levitas (2001)
39,https://openalex.org/W2147393791,2,0.020833333333333332,Sue Middleton,https://openalex.org/W3013935232,3,0.03488372093023256,https://openalex.org/W2897195861,87,0.020374707259953162,4,Socially Sustainable Economic De‐growth,Joan Martínez-Alier (2009),"The Post-growth Challenge: Secular Stagnation, Inequality and the Limits to Growth",Tim Jackson (2019),Conservation basic income: A non-market mechanism to support convivial conservation,Robert Fletcher et Bram Büscher (2020)
40,https://openalex.org/W2152246911,2,0.4,Werner Eichhörst,https://openalex.org/W2262131717,2,0.4,https://openalex.org/W1557319022,134,0.4407894736842105,5,Activation Policies in Germany: From Status Protection to Basic Income Support,Werner Eichhörst et al. (2008),"BENEFIT DURATION, UNEMPLOYMENT DURATION AND JOB MATCH QUALITY: A REGRESSION‐DISCONTINUITY APPROACH",Marco Caliendo et al. (2012),A New Kid in Town? Active Inclusion Elements in European Minimum Income Schemes,Sarah Marchal et Natascha Van Mechelen (2015)
41,https://openalex.org/W2079039442,1,0.2,Maria Grienberger-Zingerle,https://openalex.org/W1557319022,1,0.2,https://openalex.org/W2142599662,106,0.34868421052631576,5,Social Assistance and EU Poverty Thresholds 1990-2008. Are European Welfare Systems Providing Just and Fair Protection Against Low Income?,Kenneth Nelson (2011),"At the Origins of Neo-Liberalism: The Free Economy and the Strong State, 1930–1947",Ben Jackson (2010),"BENEFIT DURATION, UNEMPLOYMENT DURATION AND JOB MATCH QUALITY: A REGRESSION‐DISCONTINUITY APPROACH",Marco Caliendo et al. (2012)
42,https://openalex.org/W2157441223,1,0.2,Regina Konle‐Seidl,https://openalex.org/W2142599662,1,0.2,https://openalex.org/W2098519656,39,0.12828947368421054,5,Institutionalizing Dualism: Complementarities and Change in France and Germany,Bruno Palier et Kathleen Thelen (2010),"Exit Bismarck, Enter Dualism? Assessing Contemporary German Labour Market Policy",Jochen Clasen et Alexander Goerne (2011),"At the Origins of Neo-Liberalism: The Free Economy and the Strong State, 1930–1947",Ben Jackson (2010)
43,https://openalex.org/W2568730543,1,0.2,Kenneth Nelson,https://openalex.org/W2098519656,1,0.2,https://openalex.org/W2262131717,25,0.08223684210526316,5,‘New politics’ in German labour market policy? The implications of the recent Hartz reforms for the German welfare state,Achim Kemmerling et Oliver Bruttel (2006),A New Kid in Town? Active Inclusion Elements in European Minimum Income Schemes,Sarah Marchal et Natascha Van Mechelen (2015),"Exit Bismarck, Enter Dualism? Assessing Contemporary German Labour Market Policy",Jochen Clasen et Alexander Goerne (2011)
