,id_most_used_ref,n_most_used_ref,share_most_used_ref,author_most_used,id_most_cited_UBI,n_most_cited_UBI,share_most_cited_UBI,id_most_cited_global,n_most_cited_global,share_most_cited_global,community,title_most_used_ref,bib_most_used_ref,title_most_cited_global,bib_most_cited_global,title_most_cited_UBI,bib_most_cited_UBI
0,https://openalex.org/W2056617855,1.0,0.3333333333333333,Michael Bruno,https://openalex.org/W2066344131,15,0.625,https://openalex.org/W2036818645,756,0.8390677025527192,2,"Taxes, family grants and redistribution",Michael Bruno et Jack Habib (1976),"Individual welfare, majority voting, and the properties of a linear income tax",Thomas Römer (1975),"Professor Friedman, meet Lady Rhys-Williams: NIT vs. CIT",Jonathan R. Kesselman et Irwin Garfinkel (1978)
1,https://openalex.org/W2160300036,1.0,0.3333333333333333,Jack Habib,https://openalex.org/W2036818645,4,0.16666666666666666,https://openalex.org/W2019651065,106,0.11764705882352941,2,The Tax Credit Scheme and the Redistribution of Income.,Anthony B. Atkinson (1974),Labour Supply and Progressive Taxes,Terence Wales et Alan D. Woodland (1979),"Individual welfare, majority voting, and the properties of a linear income tax",Thomas Römer (1975)
2,https://openalex.org/W2510840972,1.0,0.3333333333333333,Anthony B. Atkinson,https://openalex.org/W2019651065,3,0.125,https://openalex.org/W2066344131,35,0.038845726970033294,2,Negative Taxes and the Poverty Problem,John J. Isenhower (1968),"Professor Friedman, meet Lady Rhys-Williams: NIT vs. CIT",Jonathan R. Kesselman et Irwin Garfinkel (1978),Labour Supply and Progressive Taxes,Terence Wales et Alan D. Woodland (1979)
3,,,,John J. Isenhower,https://openalex.org/W2119625862,2,0.08333333333333333,https://openalex.org/W2119625862,4,0.004439511653718091,2,,,The Relief of Poverty: Negative Income Taxes and Other Measures*,B. F. Henderson (1971),The Relief of Poverty: Negative Income Taxes and Other Measures*,B. F. Henderson (1971)
4,https://openalex.org/W294349945,1.0,0.3333333333333333,Jonathan R. Kesselman,https://openalex.org/W2010512251,1,1.0,https://openalex.org/W2010512251,9,1.0,3,"Labor-Supply Effects of Income, Income-Work, and Wage Subsidies",Jonathan R. Kesselman (1969),A comprehensive approach to income maintenance: swift,Jonathan R. Kesselman (1973),A comprehensive approach to income maintenance: swift,Jonathan R. Kesselman (1973)
