,id_most_used_ref,n_most_used_ref,share_most_used_ref,author_most_used,id_most_cited_UBI,n_most_cited_UBI,share_most_cited_UBI,id_most_cited_global,n_most_cited_global,share_most_cited_global,community,title_most_used_ref,bib_most_used_ref,title_most_cited_global,bib_most_cited_global,title_most_cited_UBI,bib_most_cited_UBI
0,https://openalex.org/W2325247757,12.0,0.028985507246376812,Philippe Van Parijs,https://openalex.org/W2150200080,63,0.10606060606060606,https://openalex.org/W2016994812,816,0.13467568905760027,1,Real Freedom for All: What (If Anything) can Justify Capitalism?,Philippe Van Parijs (1996),"Foreign Aid, Institutions, and Governance in Sub‐Saharan Africa",Deborah Bräutigam et Stephen Knack (2004),Democratizing Citizenship: Some Advantages of a Basic Income,Carole Pateman (2004)
1,https://openalex.org/W4249308963,12.0,0.028985507246376812,Yannick Vanderborght,https://openalex.org/W2153369576,38,0.06397306397306397,https://openalex.org/W2157441223,574,0.09473510480277274,1,Basic Income,Philippe Van Parijs et Yannick Vanderborght (2017),Institutionalizing Dualism: Complementarities and Change in France and Germany,Bruno Palier et Kathleen Thelen (2010),The precariat: the new dangerous class,Martin G. Allen et Patrick Ainley (2011)
2,https://openalex.org/W2006784025,8.0,0.01932367149758454,Jürgen De Wispelaere,https://openalex.org/W2918788972,37,0.06228956228956229,https://openalex.org/W3123123022,370,0.06106618253837267,1,Basic Income: A Simple and Powerful Idea for the Twenty-First Century,Philippe Van Parijs (2004),Subjective Well-Being and Income: Is There Any Evidence of Satiation?,Betsey Stevenson et Justin Wolfers (2013),The Political Theory of Universal Basic Income,Juliana Bidadanure (2019)
3,https://openalex.org/W2016276511,8.0,0.01932367149758454,Karl Widerquist,https://openalex.org/W2140870333,31,0.05218855218855219,https://openalex.org/W2787017245,317,0.05231886449909226,1,The Many Faces of Universal Basic Income,Jürgen De Wispelaere et Lindsay Stirton (2004),Income inequality and depression: a systematic review and meta‐analysis of the association and a scoping review of mechanisms,Vikram Patel et al. (2018),A Swedish-Style Welfare State or Basic Income: Which Should Have Priority?,Barbara R. Bergmann (2004)
4,https://openalex.org/W2112303931,7.0,0.016908212560386472,Guy Standing,https://openalex.org/W2157949926,28,0.04713804713804714,https://openalex.org/W3123605999,265,0.043736590196402046,1,A capitalist road to communism,Robert J. van der Veen et Philippe Van Parijs (1986),"Self-interest, Social Beliefs, and Attitudes to Redistribution. Re-addressing the Issue of Cross-national Variation",Katerina Linos (2003),"Basic Income, Stakeholder Grants, and Class Analysis",Erik Olín Wright (2004)
5,https://openalex.org/W2168139370,7.0,0.016908212560386472,Lindsay Stirton,https://openalex.org/W2889025311,27,0.045454545454545456,https://openalex.org/W2037720969,229,0.03779501567915498,1,Arguing for Basic Income: Ethical Foundations for a Radical Reform,Philippe Van Parijs (1992),Cultural Categories and the American Welfare State: The Case of Guaranteed Income Policy,Brian Steensland (2006),Attitudes Toward Universal Basic Income and Welfare State in Europe: A Research Note,Soomi Lee (2018)
6,https://openalex.org/W2150200080,6.0,0.014492753623188406,Stuart White,https://openalex.org/W2990446669,26,0.04377104377104377,https://openalex.org/W2054810450,224,0.036969796996203994,1,Democratizing Citizenship: Some Advantages of a Basic Income,Carole Pateman (2004),Paths and Forks or Chutes and Ladders?: Negative Feedbacks and Policy Regime Change,Kent Weaver (2010),Support for a universal basic income: A demand–capacity paradox?,Zachary Parolin et Linus Siöland (2019)
7,https://openalex.org/W2153369576,5.0,0.012077294685990338,Robert J. van der Veen,https://openalex.org/W2469466583,20,0.03367003367003367,https://openalex.org/W4206443994,190,0.031358309952137314,1,The precariat: the new dangerous class,Martin G. Allen et Patrick Ainley (2011),Social Citizenship and Workfare in the United States and Western Europe,Joel F. Handler (2004),The Limits of a Basic Income: Means and Ends of Workplace Democracy,Alex Gourevitch (2016)
8,https://openalex.org/W1921013935,5.0,0.012077294685990338,Richard K. Caputo,https://openalex.org/W2083296093,15,0.025252525252525252,https://openalex.org/W2111565199,177,0.029212741376464763,1,Why Surfers Should Be Fed: The Liberal Case for an Unconditional Basic Income,Philippe Van Parijs (2017),Transforming Capitalism through Real Utopias,Erik Olín Wright (2012),The Failed Welfare Revolution: America's Struggle over Guaranteed Income Policy,Ellen Reese (2009)
9,https://openalex.org/W2530948716,5.0,0.012077294685990338,Ingrid Robeyns,https://openalex.org/W2006832733,15,0.025252525252525252,https://openalex.org/W2897702578,175,0.02888265390328437,1,Rise of the robots: technology and the threat of a jobless future,Maria Enrica Virgillito (2016),"Automating Inequality: How High-Tech Tools Profile, Police, and Punish the Poor",Hannah Lebovits (2018),"Basic income, liberal neutrality, socialism, and work",Michael W. Howard (2005)
10,https://openalex.org/W2265679842,5.0,0.043859649122807015,Emmanuel Saez,https://openalex.org/W2027029055,15,0.13392857142857142,https://openalex.org/W2489309746,616,0.3393939393939394,2,Using Elasticities to Derive Optimal Income Tax Rates,Emmanuel Saez (2001),The Myth of Ownership,Liam Murphy et Thomas Nagel (2002),Do more equal slices shrink the cake? An empirical investigation of tax-transfer reform proposals in Italy,Rolf Aaberge et al. (2004)
11,https://openalex.org/W2197602055,5.0,0.043859649122807015,Ugo Colombino,https://openalex.org/W2265679842,13,0.11607142857142858,https://openalex.org/W2265679842,600,0.3305785123966942,2,Promoting Economic Equity: The Basic Income Approach,Chris Clark (2003),Using Elasticities to Derive Optimal Income Tax Rates,Emmanuel Saez (2001),Using Elasticities to Derive Optimal Income Tax Rates,Emmanuel Saez (2001)
12,https://openalex.org/W1489554691,5.0,0.043859649122807015,Philippe Van Parijs,https://openalex.org/W3123713398,11,0.09821428571428571,https://openalex.org/W1559593144,208,0.11460055096418732,2,Public economics in action: the basic income/flat tax proposal,,Generalized Social Marginal Welfare Weights for Optimal Tax Theory,Emmanuel Saez et Stefanie Stantcheva (2016),Alternative Basic Income Mechanisms: An Evaluation Exercise With a Microeconometric Model,Ugo Colombino et al. (2010)
13,https://openalex.org/W2003118126,4.0,0.03508771929824561,William Mitchell,https://openalex.org/W1569912343,9,0.08035714285714286,https://openalex.org/W2027029055,64,0.03526170798898071,2,"Labour supply in Italy: an empirical analysis of joint household decisions, with taxes and quantity constraints",Rolf Aaberge et al. (1999),Do more equal slices shrink the cake? An empirical investigation of tax-transfer reform proposals in Italy,Rolf Aaberge et al. (2004),Universal Basic Income versus Unemployment Insurance,Alice Fabre et al. (2014)
14,https://openalex.org/W3121920701,4.0,0.03508771929824561,Martin Watts,https://openalex.org/W2311482,7,0.0625,https://openalex.org/W2123824417,45,0.024793388429752067,2,Optimal Income Transfer Programs: Intensive versus Extensive Labor Supply Responses,Emmanuel Saez (2002),"RELATIVITY, INEQUALITY, AND OPTIMAL NONLINEAR INCOME TAXATION",Ravi Kanbur et Matti Tuomala (2013),THE RIGHT TO WORK AND BASIC INCOME GUARANTEES: COMPETING OR COMPLEMENTARY GOALS?,Philip Harvey (2005)
15,https://openalex.org/W2062409192,4.0,0.03508771929824561,Rolf Aaberge,https://openalex.org/W2132689717,7,0.0625,https://openalex.org/W2132689717,35,0.01928374655647383,2,The Path to full Employment,William Mitchell et Martin Watts (1997),Using a Microeconometric Model of Household Labour Supply to Design Optimal Income Taxes*,Rolf Aaberge et Ugo Colombino (2013),Using a Microeconometric Model of Household Labour Supply to Design Optimal Income Taxes*,Rolf Aaberge et Ugo Colombino (2013)
16,https://openalex.org/W1980797821,4.0,0.03508771929824561,Steinar Strøm,https://openalex.org/W2038193116,4,0.03571428571428571,https://openalex.org/W2750446353,32,0.017630853994490357,2,The Case for a Participation Income,Anthony B. Atkinson (1996),Revealed social preferences of Dutch political parties,Bas Jacobs et al. (2017),Have the 1996 welfare reforms and expansion of the earned income tax credit eliminated the need for a basic income guarantee in the US?,James B. Bryan (2005)
17,https://openalex.org/W2237118216,4.0,0.03508771929824561,Anthony B. Atkinson,https://openalex.org/W2004273582,4,0.03571428571428571,https://openalex.org/W1866585149,24,0.013223140495867768,2,A comparison of the macroeconomic consequences of basic income and job guarantee schemes,Martin Watts et William Mitchell (2004),Employment Guarantee Programs: A Survey of Theories and Policy Experiences,Fadhel Kaboub (2007),The Job Guarantee: Delivering the Benefits That Basic Income Only Promises – A Response to Guy Standing,Pavlina R. Tcherneva (2012)
18,https://openalex.org/W1495112635,3.0,0.02631578947368421,Chris Clark,https://openalex.org/W1559593144,4,0.03571428571428571,https://openalex.org/W2240104529,20,0.011019283746556474,2,An Efficiency Argument for the Guaranteed Income,Karl Widerquist et Michael Lewis (1997),Accounting for family background when designing optimal income taxes: a microeconometric simulation analysis,Rolf Aaberge et Ugo Colombino (2010),Generalized Social Marginal Welfare Weights for Optimal Tax Theory,Emmanuel Saez et Stefanie Stantcheva (2016)
19,https://openalex.org/W2171356609,3.0,0.02631578947368421,Philip Harvey,https://openalex.org/W2240104529,3,0.026785714285714284,https://openalex.org/W2311482,16,0.008815426997245178,2,Universal assurances in the public interest: evaluating the economic viability of basic income and job guarantees,Pavlina R. Tcherneva (2006),THE RIGHT TO WORK AND BASIC INCOME GUARANTEES: COMPETING OR COMPLEMENTARY GOALS?,Philip Harvey (2005),Accounting for family background when designing optimal income taxes: a microeconometric simulation analysis,Rolf Aaberge et Ugo Colombino (2010)
20,https://openalex.org/W3122977810,12.0,0.02843601895734597,Ioana Marinescu,https://openalex.org/W2969349409,42,0.06873977086743044,https://openalex.org/W3123293195,1143,0.1698365527488856,3,The Labor Market Impacts of Universal and Permanent Cash Transfers: Evidence from the Alaska Permanent Fund,Damon Jones et Ioana Marinescu (2018),The Credibility Revolution in Empirical Economics: How Better Research Design is Taking the Con out of Econometrics,Joshua D. Angrist et Jörn‐Steffen Pischke (2010),Universal Basic Income in the United States and Advanced Countries,Hilary Hoynes et Jesse Rothstein (2019)
21,https://openalex.org/W1984485824,9.0,0.02132701421800948,Karl Widerquist,https://openalex.org/W2788557597,33,0.054009819967266774,https://openalex.org/W2515189678,1053,0.15646359583952452,3,Labor Supply Response to the Earned Income Tax Credit,Nada Eissa et Jeffrey B. Liebman (1996),Understanding and misunderstanding randomized controlled trials,Angus Deaton et Nancy Cartwright (2018),No Strings Attached: The Behavioral Effects of U.S. Unconditional Cash Transfer Programs,Ioana Marinescu (2018)
22,https://openalex.org/W2788557597,7.0,0.016587677725118485,Martin Ravallion,https://openalex.org/W3122977810,32,0.05237315875613748,https://openalex.org/W1632399332,370,0.0549777117384844,3,No Strings Attached: The Behavioral Effects of U.S. Unconditional Cash Transfer Programs,Ioana Marinescu (2018),"Money, schooling, and health: Mechanisms and causal evidence",Ichiro Kawachi et al. (2010),The Labor Market Impacts of Universal and Permanent Cash Transfers: Evidence from the Alaska Permanent Fund,Damon Jones et Ioana Marinescu (2018)
23,https://openalex.org/W1520279335,7.0,0.016587677725118485,Philippe Van Parijs,https://openalex.org/W2888797381,30,0.049099836333878884,https://openalex.org/W3125049278,361,0.05364041604754829,3,A Comparison of the Labor Supply Findings from the Four Negative Income Tax Experiments,Philip K. Robins (1985),"Estimating the Effect of Unearned Income on Labor Earnings, Savings, and Consumption: Evidence from a Survey of Lottery Players",Guido W. Imbens et al. (2001),Universal Basic Incomes versus Targeted Transfers: Anti-Poverty Programs in Developing Countries,Rema Hanna et Benjamin A. Olken (2018)
24,https://openalex.org/W2888797381,6.0,0.014218009478672985,Guy Standing,https://openalex.org/W3123452675,30,0.049099836333878884,https://openalex.org/W1665228730,293,0.04353640416047548,3,Universal Basic Incomes versus Targeted Transfers: Anti-Poverty Programs in Developing Countries,Rema Hanna et Benjamin A. Olken (2018),"Instruments of development: Randomization in the tropics, and the search for the elusive keys to economic development",Angus Deaton (2009),Universal Basic Income in the Developing World,Abhijit Banerjee et al. (2019)
25,https://openalex.org/W4249308963,6.0,0.014218009478672985,Damon Jones,https://openalex.org/W1977591813,28,0.04582651391162029,https://openalex.org/W2060143509,245,0.036404160475482915,3,Basic Income,Philippe Van Parijs et Yannick Vanderborght (2017),Why Economists Should Conduct Field Experiments and 14 Tips for Pulling One Off,John A. List (2011),The Negative Income Tax and the Evolution of U.S. Welfare Policy,Robert A. Moffitt (2003)
26,https://openalex.org/W1977591813,6.0,0.014218009478672985,James A. Yunker,https://openalex.org/W2580731788,24,0.03927986906710311,https://openalex.org/W2032136411,205,0.030460624071322436,3,The Negative Income Tax and the Evolution of U.S. Welfare Policy,Robert A. Moffitt (2003),Effects of Prenatal Poverty on Infant Health,Kate W. Strully et al. (2010),Cash transfers and labor supply: Evidence from a large-scale program in Iran,Djavad Salehi‐Isfahani et Mohammad H. Mostafavi-Dehzooei (2018)
27,https://openalex.org/W2031522060,6.0,0.014218009478672985,Robert A. Moffitt,https://openalex.org/W2562319989,21,0.03436988543371522,https://openalex.org/W583000211,165,0.02451708766716196,3,Labor Supply and Targeting in Poverty Alleviation Programs,Ravi Kanbur (1994),"The Deserving Poor, the Family, and the U.S. Welfare System",Robert A. Moffitt (2015),The Ethics and Economics of the Basic Income Guarantee,William M. Dugger (2006)
28,https://openalex.org/W3125049278,6.0,0.014218009478672985,Yannick Vanderborght,https://openalex.org/W2901570574,18,0.029459901800327332,https://openalex.org/W3125168186,147,0.021842496285289746,3,"Estimating the Effect of Unearned Income on Labor Earnings, Savings, and Consumption: Evidence from a Survey of Lottery Players",Guido W. Imbens et al. (2001),The Take Up of Social Benefits,Janet Currie (2004),Would a Basic Income Guarantee Reduce the Motivation to Work? An Analysis of Labor Responses in 16 Trial Programs,Richard Gilbert et al. (2018)
29,https://openalex.org/W3121920701,6.0,0.014218009478672985,Nada Eissa,https://openalex.org/W2946269302,16,0.02618657937806874,https://openalex.org/W2066124416,144,0.021396731054977712,3,Optimal Income Transfer Programs: Intensive versus Extensive Labor Supply Responses,Emmanuel Saez (2002),Work incentives and the Food Stamp Program,Hilary Hoynes et Diane Whitmore Schanzenbach (2012),“Human Again”: The (Unrealized) Promise of Basic Income in Ontario,Leah Hamilton et James P. Mulvale (2019)
30,https://openalex.org/W4249308963,3.0,0.02654867256637168,Philippe Van Parijs,https://openalex.org/W2084241544,12,0.10526315789473684,https://openalex.org/W2910922638,1414,0.33868263473053895,4,Basic Income,Philippe Van Parijs et Yannick Vanderborght (2017),An agenda for sustainability transitions research: State of the art and future directions,Jonathan Köhler et al. (2019),South African Debates on the Basic Income Grant: Wage Labour and the Post-Apartheid Social Policy*,Franco Barchiesi (2007)
31,https://openalex.org/W634122886,3.0,0.02654867256637168,Yannick Vanderborght,https://openalex.org/W2027265724,10,0.08771929824561403,https://openalex.org/W2027265724,650,0.15568862275449102,4,A Basic Income Grant for South Africa,Guy Standing et Michael Samson (2004),The Uses of Neoliberalism,James Ferguson (2010),The Uses of Neoliberalism,James Ferguson (2010)
32,https://openalex.org/W2006954019,3.0,0.02654867256637168,Michael Samson,https://openalex.org/W2069885397,10,0.08771929824561403,https://openalex.org/W1697874017,411,0.09844311377245508,4,Financing a universal income grant in South Africa,Pieter Le Roux (2002),"Declarations of dependence: labour, personhood, and welfare in southern <scp>A</scp>frica",James Ferguson (2013),Sustainable Consumption and Worktime Reduction,Juliet B. Schor (2005)
33,https://openalex.org/W2085484606,3.0,0.02654867256637168,Guy Standing,https://openalex.org/W2976549432,8,0.07017543859649122,https://openalex.org/W2008201778,269,0.0644311377245509,4,"The social, economic and fiscal impact of comprehensive social security reform for South Africa",Michael Samson (2002),"Chronic Poverty in South Africa: Incidence, Causes and Policies",Michael Aliber (2003),Ecological Effects of Basic Income,Michael W. Howard et al. (2019)
34,https://openalex.org/W1520275825,2.0,0.017699115044247787,Giorgos Kallis,https://openalex.org/W3003606388,6,0.05263157894736842,https://openalex.org/W2093422274,228,0.054610778443113774,4,Basic Income From an Ecological Perspective,Jan O. Andersson (2010),Labour migration and households: A reconsideration of the effects of the social pension on labour supply in South Africa,Dorrit Posel et al. (2006),Beyond Jobs vs Environment: On the Potential of Universal Basic Income to Reconfigure Environmental Politics,Mary Lawhon et Tyler McCreary (2020)
35,https://openalex.org/W1527392058,2.0,0.017699115044247787,Tony Fitzpatrick,https://openalex.org/W2085484606,6,0.05263157894736842,https://openalex.org/W2902411700,219,0.052455089820359284,4,Basic Income and Sustainable Consumption Strategies,Paul-Marie Boulanger (2010),Equity and sustainability in the Anthropocene: a social–ecological systems perspective on their intertwined futures,Melissa Leach et al. (2018),"The social, economic and fiscal impact of comprehensive social security reform for South Africa",Michael Samson (2002)
36,https://openalex.org/W1562268590,2.0,0.017699115044247787,Simon Birnbaum,https://openalex.org/W2345206800,5,0.043859649122807015,https://openalex.org/W2069885397,163,0.03904191616766467,4,Basic income. An anthology of contemporary research.,Yannick Vanderborght (2013),Sustainable Consumption and Worktime Reduction,Juliet B. Schor (2005),Give a man a fish: reflections on the new politics of distribution,Ralph Callebert (2016)
37,https://openalex.org/W1983274884,2.0,0.017699115044247787,Erik Olín Wright,https://openalex.org/W2093422274,5,0.043859649122807015,https://openalex.org/W1763751879,118,0.028263473053892214,4,"Basic Income, Post-Productivism and Liberalism",Tony Fitzpatrick (2010),Brazil's <i>Bolsa Família</i>: A Double‐Edged Sword?,Anthony Hall (2008),Labour migration and households: A reconsideration of the effects of the social pension on labour supply in South Africa,Dorrit Posel et al. (2006)
38,https://openalex.org/W2113518683,2.0,0.017699115044247787,James Ferguson,https://openalex.org/W2799852547,4,0.03508771929824561,https://openalex.org/W3125603643,91,0.021796407185628742,4,Why Cash Violates Neutrality,Joseph Heath et Vida Panitch (2010),Should We Treat Data as Labor? Moving Beyond “Free”,Imanol Arrieta-Ibarra et al. (2018),The Case for a Participation Income: Acknowledging and Valuing the Diversity of Social Participation,Heikki Hiilamo et Kathrin Komp (2018)
39,https://openalex.org/W2140870333,2.0,0.017699115044247787,Joan Martínez-Alier,https://openalex.org/W2171915087,4,0.03508771929824561,https://openalex.org/W2156879111,75,0.017964071856287425,4,A Swedish-Style Welfare State or Basic Income: Which Should Have Priority?,Barbara R. Bergmann (2004),Trading off Income and Health?: AIDS and the Disability Grant in South Africa,Nicoli Nattrass (2005),Devising social security interventions for maximum poverty impact,Servaas van der Berg et Caryn Bredenkamp (2002)
40,https://openalex.org/W1989888564,1.0,0.25,James M. Buchanan,https://openalex.org/W4245622842,1,0.3333333333333333,https://openalex.org/W2092588709,69,0.6,5,Spontaneous order and positive legislation: Ruminating on Daniel Shapiro’s justification of the welfare state,Richard E. Wagner (2009),"Same players, different game: how better rules make better politics",James M. Buchanan (2008),Reforming Care,Nancy Folbre (2008)
41,https://openalex.org/W2092588709,1.0,0.25,Richard E. Wagner,https://openalex.org/W1989888564,1,0.3333333333333333,https://openalex.org/W4245622842,43,0.3739130434782609,5,"Same players, different game: how better rules make better politics",James M. Buchanan (2008),Reforming Care,Nancy Folbre (2008),Spontaneous order and positive legislation: Ruminating on Daniel Shapiro’s justification of the welfare state,Richard E. Wagner (2009)
42,https://openalex.org/W2151565603,1.0,0.25,Horst Siebert,https://openalex.org/W2092588709,1,0.3333333333333333,https://openalex.org/W1989888564,2,0.017391304347826087,5,Can Democracy Promote the General Welfare?,James M. Buchanan (1997),Spontaneous order and positive legislation: Ruminating on Daniel Shapiro’s justification of the welfare state,Richard E. Wagner (2009),"Same players, different game: how better rules make better politics",James M. Buchanan (2008)
43,https://openalex.org/W2109437806,1.0,0.25,,https://openalex.org/W1607572111,0,0.0,https://openalex.org/W1607572111,1,0.008695652173913044,5,Labor Market Rigidities: At the Root of Unemployment in Europe,Horst Siebert (1997),Globalization and the Transition to Egalitarian Development,Robert Pollin (2003),Globalization and the Transition to Egalitarian Development,Robert Pollin (2003)
44,,,,,https://openalex.org/W3123380681,0,0.0,https://openalex.org/W3123380681,0,0.0,5,,,Taking the “G” Out of BIG: A Comparative Political Economy Perspective on Basic Income,Peter J. Boettke et Adam Martin (2013),Taking the “G” Out of BIG: A Comparative Political Economy Perspective on Basic Income,Peter J. Boettke et Adam Martin (2013)
