,id_most_used_ref,n_most_used_ref,share_most_used_ref,author_most_used,id_most_cited_UBI,n_most_cited_UBI,share_most_cited_UBI,id_most_cited_global,n_most_cited_global,share_most_cited_global,community,title_most_used_ref,bib_most_used_ref,title_most_cited_global,bib_most_cited_global,title_most_cited_UBI,bib_most_cited_UBI
0,https://openalex.org/W2325247757,5.0,0.125,Philippe Van Parijs,https://openalex.org/W2325247757,147,0.375,https://openalex.org/W2041506376,401,0.2920611798980335,1,Real Freedom for All: What (If Anything) can Justify Capitalism?,Philippe Van Parijs (1996),"Fairness, Respect, and the Egalitarian Ethos",Jonathan Wolff (1998),Real Freedom for All: What (If Anything) can Justify Capitalism?,Philippe Van Parijs (1996)
1,https://openalex.org/W1970380565,3.0,0.075,G. A. Cohen,https://openalex.org/W1980797821,94,0.23979591836734693,https://openalex.org/W2169085243,220,0.16023306627822287,1,On the Currency of Egalitarian Justice,G. A. Cohen (1989),Popular support for institutionalised solidarity: a comparison between European welfare states,J.P.T.M. Gelissen (2000),The Case for a Participation Income,Anthony B. Atkinson (1996)
2,https://openalex.org/W3142606906,3.0,0.075,Tony Walter,https://openalex.org/W2005214261,32,0.08163265306122448,https://openalex.org/W2325247757,200,0.14566642388929352,1,"Basic Income: Freedom from Poverty, Freedom to Work",Tony Walter (1989),Real Freedom for All: What (If Anything) can Justify Capitalism?,Philippe Van Parijs (1996),Real Freedom and Basic Income,Brian Barry (1996)
3,https://openalex.org/W2168139370,3.0,0.075,Stuart White,https://openalex.org/W2094445047,19,0.04846938775510204,https://openalex.org/W1980797821,193,0.14056809905316825,1,Arguing for Basic Income: Ethical Foundations for a Radical Reform,Philippe Van Parijs (1992),The Case for a Participation Income,Anthony B. Atkinson (1996),Real Freedom versus Reciprocity: Competing Views on the Justice of Unconditional Basic Income,Robert J. van der Veen (1998)
4,https://openalex.org/W2017475875,2.0,0.05,Oskar Lange,https://openalex.org/W4251598620,19,0.04846938775510204,https://openalex.org/W4251598620,65,0.04734158776402039,1,"Liberal Equality, Exploitation, and the Case for an Unconditional Basic Income",Stuart White (1997),Real Freedom for All,Philippe Van Parijs (1997),Real Freedom for All,Philippe Van Parijs (1997)
5,https://openalex.org/W2005214261,1.0,0.025,Robert J. van der Veen,https://openalex.org/W2041506376,14,0.03571428571428571,https://openalex.org/W2005214261,54,0.03932993445010925,1,Real Freedom and Basic Income,Brian Barry (1996),Real Freedom and Basic Income,Brian Barry (1996),"Fairness, Respect, and the Egalitarian Ethos",Jonathan Wolff (1998)
6,https://openalex.org/W1585794985,1.0,0.025,Brian Barry,https://openalex.org/W2069258717,9,0.02295918367346939,https://openalex.org/W1968867546,44,0.032046613255644577,1,Is income security possible in a capitalist economy?,Samuel Bowles (1992),Communitarianism and law and order,Gordon Hughes (1996),Reciprocity and the Justification of an Unconditional Basic Income. Reply to Stuart White,Philippe Van Parijs (1997)
7,https://openalex.org/W1970863805,1.0,0.025,Samuel Bowles,https://openalex.org/W2125286656,9,0.02295918367346939,https://openalex.org/W2094445047,29,0.02112163146394756,1,Why something like socialism is necessary for the transition to something like communism,Erik Olín Wright (1986),Real Freedom versus Reciprocity: Competing Views on the Justice of Unconditional Basic Income,Robert J. van der Veen (1998),Demoralizing the Labour Market: Could Jobs be like Cars and Concerts?*,Bert Hamminga (1995)
8,https://openalex.org/W2000121503,1.0,0.025,Erik Olín Wright,https://openalex.org/W2029081418,8,0.02040816326530612,https://openalex.org/W2038834581,25,0.01820830298616169,1,"Full Employment, New Technologies and the Distribution of Income",J. E. Meade (1984),"Rawlsians, Christians and Patriots: Maximin justice and individual ethics*",Philippe Van Parijs (1993),Justice and a Citizens' Basic Income,Colin Farrelly (1999)
9,https://openalex.org/W2003199800,1.0,0.025,J. E. Meade,https://openalex.org/W2169085243,7,0.017857142857142856,https://openalex.org/W2069258717,21,0.01529497450837582,1,The Second Marriage of Justice and Efficiency,Philippe Van Parijs (1990),Reciprocity and the Justification of an Unconditional Basic Income. Reply to Stuart White,Philippe Van Parijs (1997),Popular support for institutionalised solidarity: a comparison between European welfare states,J.P.T.M. Gelissen (2000)
10,https://openalex.org/W2066344131,3.0,0.06976744186046512,Irwin Garfinkel,https://openalex.org/W2006814807,16,0.20253164556962025,https://openalex.org/W2022199004,268,0.250936329588015,2,"Professor Friedman, meet Lady Rhys-Williams: NIT vs. CIT",Jonathan R. Kesselman et Irwin Garfinkel (1978),"POVERTY, TNEQUALTTY, AND FAMTLY LIVING STANDARDS IMPACTS ACROSS SEVEN NATIONS: THE EFFECT OF NONCASH SUBSIDIES FOR HEALTH, EDUCATION AND HOUSING",Timothy M. Smeeding et al. (1993),Basic Income and the Two Dilemmas of the Welfare State,Philippe Van Parijs (1996)
11,https://openalex.org/W1988301953,3.0,0.06976744186046512,Philippe Van Parijs,https://openalex.org/W2086109197,11,0.13924050632911392,https://openalex.org/W2050272133,107,0.10018726591760299,2,The reform of social security,Charles Carter et al. (1985),The optimal two-bracket linear income tax,Joel Slemrod et al. (1994),Optimal non-linear income taxation for the alleviation of income-poverty,Ravi Kanbur et al. (1994)
12,https://openalex.org/W2498877053,3.0,0.06976744186046512,Jonathan R. Kesselman,https://openalex.org/W1971775497,7,0.08860759493670886,https://openalex.org/W1971775497,105,0.09831460674157304,2,"The economics of “tagging” as applied to the optimal income tax, welfare programs, and manpower planning",George A. Akerlof (1984),Social assistance in Southern Europe,Ian Gough (1996),Social assistance in Southern Europe,Ian Gough (1996)
13,https://openalex.org/W2013353294,2.0,0.046511627906976744,Charles Carter,https://openalex.org/W1493742466,5,0.06329113924050633,https://openalex.org/W2086109197,94,0.08801498127340825,2,Income-Tested Transfer Programs--The Case for and against,Harry Watson et Irwin Garfinkel (1984),Optimal non-linear income taxation for the alleviation of income-poverty,Ravi Kanbur et al. (1994),Real freedom for all: what (if anything) can justify capitalism?,Philippe Van Parijs (1996)
14,https://openalex.org/W1489554691,2.0,0.046511627906976744,John Pinder,https://openalex.org/W2912069595,4,0.05063291139240506,https://openalex.org/W2074782472,78,0.07303370786516854,2,Public economics in action: the basic income/flat tax proposal,,Labour Supply and Taxation: A Survey,Richard Blundell (1992),,Loek Groot (1997)
15,https://openalex.org/W1541218672,1.0,0.023255813953488372,Barbara N. Rodgers,https://openalex.org/W2153686610,4,0.05063291139240506,https://openalex.org/W2036153302,72,0.06741573033707865,2,NEGATIVE INCOME TAXATION AND THE REDISTRIBUTION OF INCOME<sup>*</sup>,Nicholas Barr (1975),Work incentives and 'in-work' benefit reforms: a review,Richard Blundell (2000),Who should be on workfare? the use of work requirements as part of an optimal tax mix,Craig Brett (1998)
16,https://openalex.org/W1483340052,1.0,0.023255813953488372,Thomas Wilson,https://openalex.org/W2050272133,4,0.05063291139240506,https://openalex.org/W1981715411,49,0.04588014981273408,2,On reforming the welfare system,Bernard Fortin et al. (1993),Tagging and Taxing: The Optimal Use of Categorical and Income Information in Designing Tax/Transfer Schemes,Rivta Immonen et al. (1998),The optimal two-bracket linear income tax,Joel Slemrod et al. (1994)
17,https://openalex.org/W2042417727,1.0,0.023255813953488372,George A. Akerlof,https://openalex.org/W1850650012,3,0.0379746835443038,https://openalex.org/W2026215719,48,0.0449438202247191,2,The Design of Income Maintenance Programmes,Timothy Besley et Stephen Coate (1995),"Transfers, Targeting and Poverty",Ravi Kanbur (1987),THE EQUITY-EFFICIENCY TRADE-OFF: BREIT RECONSIDERED *,Peter J. Lambert (1990)
18,https://openalex.org/W1984485824,1.0,0.023255813953488372,Tim Callan,https://openalex.org/W2036153302,3,0.0379746835443038,https://openalex.org/W2153686610,44,0.04119850187265917,2,Labor Supply Response to the Earned Income Tax Credit,Nada Eissa et Jeffrey B. Liebman (1996),Who should be on workfare? the use of work requirements as part of an optimal tax mix,Craig Brett (1998),Work incentives and 'in-work' benefit reforms: a review,Richard Blundell (2000)
19,https://openalex.org/W2142963721,1.0,0.023255813953488372,Holly Sutherland,https://openalex.org/W2074782472,3,0.0379746835443038,https://openalex.org/W2006814807,29,0.027153558052434457,2,Do Financial Incentives Encourage Welfare Recipients to Work? Evidence from a Randomized Evaluation of the Self-Sufficiency Project,David Card et Philip K. Robins (1996),Basic Income and the Two Dilemmas of the Welfare State,Philippe Van Parijs (1996),Labour Supply and Taxation: A Survey,Richard Blundell (1992)
20,https://openalex.org/W2050629327,1.0,1.0,George Gelauff,https://openalex.org/W2145286992,6,0.3333333333333333,https://openalex.org/W1984038142,220,0.4583333333333333,3,Individualizing the income tax and unemployment assistance system,George Gelauff et Johan Graafland (1994),Proactive behaviour in unemployment: findings and implications,David Fryer et Roy Payne (1984),A New Concept of Full Employment,L.W.M. Delsen (1997)
21,,,,Johan Graafland,https://openalex.org/W2060216847,3,0.16666666666666666,https://openalex.org/W1969287087,119,0.24791666666666667,3,,,Are consumption taxes really better than income taxes?,Per Krusell et al. (1996),A negative income tax in a mini-welfare state: A simulation exercise with mimic,Nicole E.M. de Jager et al. (1996)
22,,,,,https://openalex.org/W1969287087,2,0.1111111111111111,https://openalex.org/W2074363189,64,0.13333333333333333,3,,,HIERARCHICAL CHOICE IN ECONOMICS,Stavros A. Drakopoulos (1994),Are consumption taxes really better than income taxes?,Per Krusell et al. (1996)
23,,,,,https://openalex.org/W2494745982,1,0.05555555555555555,https://openalex.org/W2041604267,42,0.0875,3,,,The Sharing of Risks and the Risks of Sharing: Solidarity and Social Justice in the Welfare State,Kees Schuyt (1998),Basic Income Schemes and the Lessons from Public Economics,Anthony B. Atkinson (1991)
24,,,,,https://openalex.org/W2102523339,1,0.05555555555555555,https://openalex.org/W2145286992,11,0.022916666666666665,3,,,A New Concept of Full Employment,L.W.M. Delsen (1997),"Alicia H. Munnell, ed. Lessons from the Income Maintenance Experiments. Boston: Federal Reserve Bank of Boston Conference Series Number 30.",Julian Le Grand (1988)
25,,,,,https://openalex.org/W2056717270,1,0.05555555555555555,https://openalex.org/W2102523339,10,0.020833333333333332,3,,,"Alicia H. Munnell, ed. Lessons from the Income Maintenance Experiments. Boston: Federal Reserve Bank of Boston Conference Series Number 30.",Julian Le Grand (1988),Conceptual Anomalies in Economics and Statistics: Lessons from the Social Experiment.,John D. Hey et Leland Gerson Neuberg (1990)
26,,,,,https://openalex.org/W2041604267,1,0.05555555555555555,https://openalex.org/W2060216847,10,0.020833333333333332,3,,,A negative income tax in a mini-welfare state: A simulation exercise with mimic,Nicole E.M. de Jager et al. (1996),The Sharing of Risks and the Risks of Sharing: Solidarity and Social Justice in the Welfare State,Kees Schuyt (1998)
27,,,,,https://openalex.org/W2050629327,1,0.05555555555555555,https://openalex.org/W2056717270,2,0.004166666666666667,3,,,Conceptual Anomalies in Economics and Statistics: Lessons from the Social Experiment.,John D. Hey et Leland Gerson Neuberg (1990),Individualizing the income tax and unemployment assistance system,George Gelauff et Johan Graafland (1994)
28,,,,,https://openalex.org/W2074363189,1,0.05555555555555555,https://openalex.org/W2494745982,1,0.0020833333333333333,3,,,Basic Income Schemes and the Lessons from Public Economics,Anthony B. Atkinson (1991),HIERARCHICAL CHOICE IN ECONOMICS,Stavros A. Drakopoulos (1994)
29,,,,,https://openalex.org/W1984038142,1,0.05555555555555555,https://openalex.org/W2050629327,1,0.0020833333333333333,3,,,Individualizing the income tax and unemployment assistance system,George Gelauff et Johan Graafland (1994),Proactive behaviour in unemployment: findings and implications,David Fryer et Roy Payne (1984)
30,,,,,https://openalex.org/W2031309288,1,0.5,https://openalex.org/W2031309288,10,0.5882352941176471,4,,,Dealing with the Elusive Welfare‐to‐work Issue: the Case of Poverty Traps in Israel,John Gal et Abraham Doron (2000),Dealing with the Elusive Welfare‐to‐work Issue: the Case of Poverty Traps in Israel,John Gal et Abraham Doron (2000)
31,,,,,https://openalex.org/W2012631305,1,0.5,https://openalex.org/W2012631305,7,0.4117647058823529,4,,,Social assistance: An alternative form of social protection in developing countries,James Midgley (1984),Social assistance: An alternative form of social protection in developing countries,James Midgley (1984)
