,id_most_used_ref,n_most_used_ref,share_most_used_ref,author_most_used,id_most_cited_UBI,n_most_cited_UBI,share_most_cited_UBI,id_most_cited_global,n_most_cited_global,share_most_cited_global,community,title_most_used_ref,bib_most_used_ref,title_most_cited_global,bib_most_cited_global,title_most_cited_UBI,bib_most_cited_UBI
0,https://openalex.org/W1676072121,1.0,0.1,Philippe Van Parijs,https://openalex.org/W2017475875,46,0.5411764705882353,https://openalex.org/W1944723931,182,0.3831578947368421,1,Real freedom for all,Philippe Van Parijs (1995),International Liberalism and Distributive Justice: A Survey of Recent Thought,Charles R. Beitz (1999),"Liberal Equality, Exploitation, and the Case for an Unconditional Basic Income",Stuart White (1997)
1,https://openalex.org/W2017475875,1.0,0.1,Stuart White,https://openalex.org/W2151565603,9,0.10588235294117647,https://openalex.org/W2017475875,98,0.2063157894736842,1,"Liberal Equality, Exploitation, and the Case for an Unconditional Basic Income",Stuart White (1997),"Liberal Equality, Exploitation, and the Case for an Unconditional Basic Income",Stuart White (1997),Can Democracy Promote the General Welfare?,James M. Buchanan (1997)
2,https://openalex.org/W2156680406,1.0,0.1,Andrew Levine,https://openalex.org/W1970863805,7,0.08235294117647059,https://openalex.org/W2029741362,59,0.12421052631578948,1,Fairness to Idleness is There A Right Not to Work?,Andrew Levine (1995),How can constitutions be designed so that politicians who seek to serve “public interest” can survive and prosper?,James M. Buchanan (1993),Why something like socialism is necessary for the transition to something like communism,Erik Olín Wright (1986)
3,https://openalex.org/W2063295979,1.0,0.1,Robert E. Goodin,https://openalex.org/W2163944971,7,0.08235294117647059,https://openalex.org/W2156680406,34,0.07157894736842105,1,What is So Special about Our Fellow Countrymen?,Robert E. Goodin (1988),Fairness to Idleness is There A Right Not to Work?,Andrew Levine (1995),Reciprocity and the Guaranteed Income,Karl Widerquist (1999)
4,https://openalex.org/W623731598,1.0,0.1,Samuel Brittan,https://openalex.org/W2156680406,5,0.058823529411764705,https://openalex.org/W2004726442,30,0.06315789473684211,1,Beyond the Welfare State: An Examination of Basic Incomes in a Market Economy,Samuel Brittan et Steven Webb (1990),Policy Experiments and Poverty Politics,Evelyn Z. Brodkin et Alexander Kaufman (2000),Fairness to Idleness is There A Right Not to Work?,Andrew Levine (1995)
5,https://openalex.org/W1921013935,1.0,0.1,Steven Webb,https://openalex.org/W4211243491,4,0.047058823529411764,https://openalex.org/W2163944971,20,0.042105263157894736,1,Why Surfers Should Be Fed: The Liberal Case for an Unconditional Basic Income,Philippe Van Parijs (2017),Reciprocity and the Guaranteed Income,Karl Widerquist (1999),Reciprocity and the Guaranteed Income,Karl Widerquist (1998)
6,https://openalex.org/W2164320609,1.0,0.1,Tony Walter,https://openalex.org/W2004726442,3,0.03529411764705882,https://openalex.org/W1970863805,17,0.035789473684210524,1,Basic Income Capitalism,Philippe Van Parijs (1992),Why something like socialism is necessary for the transition to something like communism,Erik Olín Wright (1986),Policy Experiments and Poverty Politics,Evelyn Z. Brodkin et Alexander Kaufman (2000)
7,https://openalex.org/W3142606906,1.0,0.1,Oskar Lange,https://openalex.org/W2029741362,2,0.023529411764705882,https://openalex.org/W2131444730,17,0.035789473684210524,1,"Basic Income: Freedom from Poverty, Freedom to Work",Tony Walter (1989),Justification of workfare: the Norwegian case,Nanna Kildal (1999),How can constitutions be designed so that politicians who seek to serve “public interest” can survive and prosper?,James M. Buchanan (1993)
8,https://openalex.org/W4251950452,1.0,0.1,Karl Widerquist,https://openalex.org/W2131444730,1,0.011764705882352941,https://openalex.org/W2151565603,16,0.03368421052631579,1,On the Economic Theory of Socialism: Part One,Oskar Lange (1936),Can Democracy Promote the General Welfare?,James M. Buchanan (1997),Justification of workfare: the Norwegian case,Nanna Kildal (1999)
9,https://openalex.org/W2163944971,1.0,0.1,,https://openalex.org/W1944723931,1,0.011764705882352941,https://openalex.org/W4211243491,2,0.004210526315789474,1,Reciprocity and the Guaranteed Income,Karl Widerquist (1999),Reciprocity and the Guaranteed Income,Karl Widerquist (1998),International Liberalism and Distributive Justice: A Survey of Recent Thought,Charles R. Beitz (1999)
10,https://openalex.org/W1996421955,3.0,0.1111111111111111,Gary Burtless,https://openalex.org/W1585794985,17,0.1827956989247312,https://openalex.org/W2022199004,268,0.16739537788881947,2,The labor supply curve under income maintenance programs,Giora Hanoch et Marjorie Honig (1978),"POVERTY, TNEQUALTTY, AND FAMTLY LIVING STANDARDS IMPACTS ACROSS SEVEN NATIONS: THE EFFECT OF NONCASH SUBSIDIES FOR HEALTH, EDUCATION AND HOUSING",Timothy M. Smeeding et al. (1993),Is income security possible in a capitalist economy?,Samuel Bowles (1992)
11,https://openalex.org/W1996567072,3.0,0.1111111111111111,Giora Hanoch,https://openalex.org/W2003118126,15,0.16129032258064516,https://openalex.org/W2003118126,200,0.12492192379762648,2,The Effect of Taxation on Labor Supply: Evaluating the Gary Negative Income Tax Experiment,Gary Burtless et Jerry A. Hausman (1978),"Labour supply in Italy: an empirical analysis of joint household decisions, with taxes and quantity constraints",Rolf Aaberge et al. (1999),"Labour supply in Italy: an empirical analysis of joint household decisions, with taxes and quantity constraints",Rolf Aaberge et al. (1999)
12,https://openalex.org/W1963980522,2.0,0.07407407407407407,Marjorie Honig,https://openalex.org/W2042417727,12,0.12903225806451613,https://openalex.org/W2042417727,158,0.09868831980012492,2,A problem with the negative income tax,Robert A. Moffitt (1985),The Design of Income Maintenance Programmes,Timothy Besley et Stephen Coate (1995),The Design of Income Maintenance Programmes,Timothy Besley et Stephen Coate (1995)
13,https://openalex.org/W2059825689,1.0,0.037037037037037035,Jerry A. Hausman,https://openalex.org/W2086109197,11,0.11827956989247312,https://openalex.org/W1967361306,125,0.07807620237351655,2,The estimation of labor supply models using experimental data,Michael C. Keeley et al. (1978),An Experimental Examination of Labor Supply and Work Intensities,David L. Dickinson (1999),Optimal non-linear income taxation for the alleviation of income-poverty,Ravi Kanbur et al. (1994)
14,https://openalex.org/W294349945,1.0,0.037037037037037035,Philip K. Robins,https://openalex.org/W2072162605,6,0.06451612903225806,https://openalex.org/W2110642557,118,0.07370393504059962,2,"Labor-Supply Effects of Income, Income-Work, and Wage Subsidies",Jonathan R. Kesselman (1969),The Econometrics of Piecewise-Linear Budget Constraints,Robert A. Moffitt (1986),GUARANTEED MINIMUM INCOME REVISITED: PARADISE LOST OR GUIDING LIGHT?,Peter Saunders (1988)
15,https://openalex.org/W1998040152,1.0,0.037037037037037035,Jonathan R. Kesselman,https://openalex.org/W1963980522,5,0.053763440860215055,https://openalex.org/W2050272133,107,0.06683322923173017,2,The Economist's Lament: Public Assistance in America,Gary Burtless (1990),The optimal two-bracket linear income tax,Joel Slemrod et al. (1994),A problem with the negative income tax,Robert A. Moffitt (1985)
16,https://openalex.org/W2086109197,1.0,0.037037037037037035,Irwin Garfinkel,https://openalex.org/W2050272133,4,0.043010752688172046,https://openalex.org/W2086109197,94,0.05871330418488445,2,Optimal non-linear income taxation for the alleviation of income-poverty,Ravi Kanbur et al. (1994),Optimal non-linear income taxation for the alleviation of income-poverty,Ravi Kanbur et al. (1994),The optimal two-bracket linear income tax,Joel Slemrod et al. (1994)
17,https://openalex.org/W2279741972,1.0,0.037037037037037035,Robert A. Moffitt,https://openalex.org/W1985345842,3,0.03225806451612903,https://openalex.org/W2013110036,81,0.05059337913803873,2,Negative Taxes and Monetary Incentives to Work: The Static Theory,Christopher Green (1968),The Elasticity of Taxable Income: Evidence and Implications,Jonathan Gruber et Emmanuel Saez (2000),"Rawls, the difference principle, and economic inequality",Walter E. Schaller (1998)
18,https://openalex.org/W2036818645,1.0,0.037037037037037035,Michael C. Keeley,https://openalex.org/W1998040152,3,0.03225806451612903,https://openalex.org/W1975578618,77,0.048094940662086194,2,"Individual welfare, majority voting, and the properties of a linear income tax",Thomas Römer (1975),The choices for Scandinavian social democracy in comparative perspective,Torben Iversen (1998),The Economist's Lament: Public Assistance in America,Gary Burtless (1990)
19,https://openalex.org/W4256487331,1.0,0.037037037037037035,Robert G. Spiegelman,https://openalex.org/W2031212907,3,0.03225806451612903,https://openalex.org/W2060726188,67,0.04184884447220487,2,Is a Negative Income Tax Practical?,James Tobin et al. (1967),The Marginal Cost of Raising Tax Revenue and Redistributing Income,Sam Allgood et Arthur Snow (1998),A positive theory of in-kind transfers and the negative income tax,Allan H. Meltzer et Scott F. Richard (1985)
20,https://openalex.org/W2796971543,2.0,0.07692307692307693,Gary Burtless,https://openalex.org/W1984485824,23,0.25274725274725274,https://openalex.org/W1966981305,833,0.25837468982630274,3,The Politics of a Guaranteed Income,Henry J. Aaron et Daniel Patrick Moynihan (1973),Assessing the Case for Social Experiments,James J. Heckman et Jeffrey A. Smith (1995),Labor Supply Response to the Earned Income Tax Credit,Nada Eissa et Jeffrey B. Liebman (1996)
21,https://openalex.org/W1502701254,1.0,0.038461538461538464,Richard W. West,https://openalex.org/W1966981305,11,0.12087912087912088,https://openalex.org/W1964506806,637,0.1975806451612903,3,The Effects of a Negative Income Tax on School Performance: Results of an Experiment,Rebecca Maynard et Richard J. Murnane (1979),An Empirical Model of Labor Supply in a Life-Cycle Setting,Thomas MaCurdy (1981),Assessing the Case for Social Experiments,James J. Heckman et Jeffrey A. Smith (1995)
22,https://openalex.org/W1507362920,1.0,0.038461538461538464,Philip K. Robins,https://openalex.org/W2107936065,7,0.07692307692307693,https://openalex.org/W1984485824,585,0.1814516129032258,3,The Effect of Income Maintenance on the School-Enrollment and Labor-Supply Decisions of Teenagers,John F. McDonald et Stanley P. Stephenson (1979),Labor Supply Response to the Earned Income Tax Credit,Nada Eissa et Jeffrey B. Liebman (1996),Negative Income Tax,Neil J. Salkind et Ron Haskins (1982)
23,https://openalex.org/W1518025281,1.0,0.038461538461538464,Irwin Garfinkel,https://openalex.org/W1975411855,6,0.06593406593406594,https://openalex.org/W1975411855,274,0.08498759305210918,3,The Negative Income Tax and the Quality of Dietary Intake,O'Connor Jf et Madden Jp (1979),The Case for Randomized Field Trials in Economic and Policy Research,Gary Burtless (1995),The Case for Randomized Field Trials in Economic and Policy Research,Gary Burtless (1995)
24,https://openalex.org/W1581221395,1.0,0.038461538461538464,Jerry A. Hausman,https://openalex.org/W2044970782,5,0.054945054945054944,https://openalex.org/W2151144106,183,0.05676178660049628,3,Impact of Income Maintenance on Low Birth Weight: Evidence from the Gary Experiment,Barbara H. Kehrer et Charles M. Wolin (1979),Market Socialism: A Case for Rejuvenation,Pranab Bardhan et John E. Roemer (1992),The Social Experiment Market,David H. Greenberg et al. (1999)
25,https://openalex.org/W2050105339,1.0,0.038461538461538464,Henry J. Aaron,https://openalex.org/W1996801592,4,0.04395604395604396,https://openalex.org/W3124743765,128,0.03970223325062035,3,The New Jersey Income Maintenance Experiment,Irwin Garfinkel (1972),Do Social-Welfare Policies Reduce Poverty? A Cross-National Assessment,Lane Kenworthy (1999),Some labor market effects of labor supply responses to transfer programs,David H. Greenberg (1983)
26,https://openalex.org/W2065063082,1.0,0.038461538461538464,Daniel Patrick Moynihan,https://openalex.org/W2151806647,4,0.04395604395604396,https://openalex.org/W1969287087,119,0.036910669975186106,3,EVALUATING CHANGES IN THE DISTRIBUTION OF CAPITAL WEALTH,James A. Yunker (1994),Are consumption taxes really better than income taxes?,Per Krusell et al. (1996),"Estimating the Effect of Unearned Income on Labor Supply, Earnings, Savings, and Consumption: Evidence from a Survey of Lottery Players",Guido W. Imbens et al. (1999)
27,https://openalex.org/W2066344131,1.0,0.038461538461538464,Michael C. Keeley,https://openalex.org/W1964506806,3,0.03296703296703297,https://openalex.org/W2007013389,109,0.03380893300248139,3,"Professor Friedman, meet Lady Rhys-Williams: NIT vs. CIT",Jonathan R. Kesselman et Irwin Garfinkel (1978),Determining Participation in Income-Tested Social Programs,Orley Ashenfelter (1983),An Empirical Model of Labor Supply in a Life-Cycle Setting,Thomas MaCurdy (1981)
28,https://openalex.org/W1996567072,1.0,0.038461538461538464,Robert G. Spiegelman,https://openalex.org/W2065063082,3,0.03296703296703297,https://openalex.org/W2151806647,85,0.026364764267990073,3,The Effect of Taxation on Labor Supply: Evaluating the Gary Negative Income Tax Experiment,Gary Burtless et Jerry A. Hausman (1978),"Estimating the Effect of Unearned Income on Labor Supply, Earnings, Savings, and Consumption: Evidence from a Survey of Lottery Players",Guido W. Imbens et al. (1999),EVALUATING CHANGES IN THE DISTRIBUTION OF CAPITAL WEALTH,James A. Yunker (1994)
29,https://openalex.org/W1597983264,1.0,0.038461538461538464,Rebecca Maynard,https://openalex.org/W2080567374,3,0.03296703296703297,https://openalex.org/W2107936065,80,0.02481389578163772,3,The Effects on the Labor Supply of Young Nonheads,Richard W. West (1980),Negative Income Tax,Neil J. Salkind et Ron Haskins (1982),LABOR SUPPLY AND NEGATIVE INCOME TAXATION: NEW EVIDENCE FROM THE NEW JERSEY‐PENNSYLVANIA EXPERIMENT,John F. Cogan (1983)
30,,,,,https://openalex.org/W416312090,2,0.6666666666666666,https://openalex.org/W416312090,32,1.0,4,,,The Origins of Social Citizenship in Pre-Apartheid South Africa,Jeremy Seekings (2000),The Origins of Social Citizenship in Pre-Apartheid South Africa,Jeremy Seekings (2000)
31,,,,,https://openalex.org/W760732306,1,0.3333333333333333,https://openalex.org/W760732306,0,0.0,4,,,"Guaranteed Income, or, The Separation of Labor from Income",Michael Hardt (2000),"Guaranteed Income, or, The Separation of Labor from Income",Michael Hardt (2000)
