,id_most_used_ref,n_most_used_ref,share_most_used_ref,author_most_used,id_most_cited_UBI,n_most_cited_UBI,share_most_cited_UBI,id_most_cited_global,n_most_cited_global,share_most_cited_global,community,title_most_used_ref,bib_most_used_ref,title_most_cited_global,bib_most_cited_global,title_most_cited_UBI,bib_most_cited_UBI
0,,,,,https://openalex.org/W2036191695,5,1.0,https://openalex.org/W2036191695,19,1.0,1,,,THE SOCIAL DIVIDEND UNDER MARKET SOCIALISM,James A. Yunker (1977),THE SOCIAL DIVIDEND UNDER MARKET SOCIALISM,James A. Yunker (1977)
1,https://openalex.org/W2168838273,2.0,0.2,Anthony B. Atkinson,https://openalex.org/W2066344131,15,0.3409090909090909,https://openalex.org/W2168838273,1333,0.5449713818479149,2,The design of tax structure: Direct versus indirect taxation,Anthony B. Atkinson et Joseph E. Stiglitz (1976),The design of tax structure: Direct versus indirect taxation,Anthony B. Atkinson et Joseph E. Stiglitz (1976),"Professor Friedman, meet Lady Rhys-Williams: NIT vs. CIT",Jonathan R. Kesselman et Irwin Garfinkel (1978)
2,https://openalex.org/W2510840972,2.0,0.2,Joseph E. Stiglitz,https://openalex.org/W2126322416,10,0.22727272727272727,https://openalex.org/W2126322416,536,0.21913327882256745,2,Negative Taxes and the Poverty Problem,John J. Isenhower (1968),Redistributive taxation as social insurance,Hal R. Varian (1980),Redistributive taxation as social insurance,Hal R. Varian (1980)
3,https://openalex.org/W2090347708,1.0,0.1,John J. Isenhower,https://openalex.org/W2168838273,6,0.13636363636363635,https://openalex.org/W2060169675,345,0.1410466067048242,2,Government Against Poverty.,Joseph A. Kershaw et Paul N. Courant (1972),A framework for social security analysis,Peter A. Diamond (1977),The design of tax structure: Direct versus indirect taxation,Anthony B. Atkinson et Joseph E. Stiglitz (1976)
4,https://openalex.org/W4256487331,1.0,0.1,James Tobin,https://openalex.org/W2060169675,4,0.09090909090909091,https://openalex.org/W2018365321,83,0.0339329517579722,2,Is a Negative Income Tax Practical?,James Tobin et al. (1967),The concept of optimal taxation in the overlapping-generations model of capital and wealth,Janusz A. Ordover et Edmund S. Phelps (1979),A framework for social security analysis,Peter A. Diamond (1977)
5,https://openalex.org/W2056617855,1.0,0.1,Joseph A. Kershaw,https://openalex.org/W2099035456,2,0.045454545454545456,https://openalex.org/W2066344131,35,0.014309076042518397,2,"Taxes, family grants and redistribution",Michael Bruno et Jack Habib (1976),"Professor Friedman, meet Lady Rhys-Williams: NIT vs. CIT",Jonathan R. Kesselman et Irwin Garfinkel (1978),Poverty in Britain and the Reform of Social Security.,Anthony B. Atkinson (1970)
6,https://openalex.org/W2160300036,1.0,0.1,Paul N. Courant,https://openalex.org/W2057671401,2,0.045454545454545456,https://openalex.org/W2099035456,28,0.011447260834014717,2,The Tax Credit Scheme and the Redistribution of Income.,Anthony B. Atkinson (1974),Poverty in Britain and the Reform of Social Security.,Anthony B. Atkinson (1970),Effects of Shifts of Aggregate Demand upon Income Distribution,Hyman P. Minsky (1968)
7,https://openalex.org/W4376595955,1.0,0.1,Joseph A. Pechman,https://openalex.org/W3125695450,2,0.045454545454545456,https://openalex.org/W3125695450,28,0.011447260834014717,2,On Limiting the Domain of Inequality,James Tobin (1970),What is Labor Supply and Do Taxes Affect It?,Harvey S. Rosen (1979),What is Labor Supply and Do Taxes Affect It?,Harvey S. Rosen (1979)
8,https://openalex.org/W1996567072,1.0,0.1,Peter Mieszkowski,https://openalex.org/W2035523006,1,0.022727272727272728,https://openalex.org/W2057671401,27,0.011038430089942763,2,The Effect of Taxation on Labor Supply: Evaluating the Gary Negative Income Tax Experiment,Gary Burtless et Jerry A. Hausman (1978),Effects of Shifts of Aggregate Demand upon Income Distribution,Hyman P. Minsky (1968),On Comparing Income Maintenance Alternatives,Theodore R. Marmor (1971)
9,,,,Michael Bruno,https://openalex.org/W2018365321,1,0.022727272727272728,https://openalex.org/W1986889068,18,0.007358953393295176,2,,,New perspectives on the old poor law,Donald N. McCloskey (1973),The concept of optimal taxation in the overlapping-generations model of capital and wealth,Janusz A. Ordover et Edmund S. Phelps (1979)
10,,,,Jack Habib,https://openalex.org/W1986889068,1,0.022727272727272728,https://openalex.org/W2035523006,13,0.005314799672935405,2,,,On Comparing Income Maintenance Alternatives,Theodore R. Marmor (1971),New perspectives on the old poor law,Donald N. McCloskey (1973)
11,https://openalex.org/W1567167677,2.0,0.13333333333333333,Harold W. Watts,https://openalex.org/W2059825689,7,0.5,https://openalex.org/W2045943110,410,0.8299595141700404,3,The Labor-Supply Response of Husbands,Harold W. Watts (1974),Economics and the Public Purpose,John Kenneth Galbraith et al. (1975),The estimation of labor supply models using experimental data,Michael C. Keeley et al. (1978)
12,https://openalex.org/W216113217,1.0,0.06666666666666667,Irwin Garfinkel,https://openalex.org/W2094134620,2,0.14285714285714285,https://openalex.org/W2059825689,37,0.07489878542510121,3,The Effects of Welfare Programs on Experimental Responses,Irwin Garfinkel (1974),The estimation of labor supply models using experimental data,Michael C. Keeley et al. (1978),THE EFFECT OF A NEGATIVE INCOME TAX ON RISK-TAKING IN THE LABOR MARKET,William R. Johnson (1980)
13,https://openalex.org/W2083818924,1.0,0.06666666666666667,Martin Feldstein,https://openalex.org/W2045943110,1,0.07142857142857142,https://openalex.org/W2154565440,22,0.044534412955465584,3,The Effects of Taxation on Risk Taking,Martin Feldstein (1969),Distributional Externalities and the Optimal Form of Income Transfers,James D. Rodgers (1973),Economics and the Public Purpose,John Kenneth Galbraith et al. (1975)
14,https://openalex.org/W267512904,1.0,0.06666666666666667,Robinson G. Hollister,https://openalex.org/W2000267590,1,0.07142857142857142,https://openalex.org/W2008544450,14,0.02834008097165992,3,The Labor-Supply Response of the Family,Robinson G. Hollister (1974),"Tax effects on job search, training, and work effort",Jonathan R. Kesselman (1976),Impact of a negative income tax on awareness of social services,Joseph Heffernan (1977)
15,https://openalex.org/W2060903017,1.0,0.06666666666666667,David N. Kershaw,https://openalex.org/W2008544450,1,0.07142857142857142,https://openalex.org/W2094134620,4,0.008097165991902834,3,A Negative-Income-Tax Experiment,David N. Kershaw (1972),THE EFFECT OF A NEGATIVE INCOME TAX ON RISK-TAKING IN THE LABOR MARKET,William R. Johnson (1980),"Tax effects on job search, training, and work effort",Jonathan R. Kesselman (1976)
16,https://openalex.org/W4254784248,1.0,0.06666666666666667,Sonia R. Wright,https://openalex.org/W2154565440,1,0.07142857142857142,https://openalex.org/W2069462629,4,0.008097165991902834,3,"Work Response to Income Maintenance: Economic, Sociological, and Cultural Perspectives",Sonia R. Wright (1975),Participants' Understanding of the Treatment in Policy Experimentation,Walter Nicholson et Sonia R. Wright (1977),Distributional Externalities and the Optimal Form of Income Transfers,James D. Rodgers (1973)
17,https://openalex.org/W1996567072,1.0,0.06666666666666667,Gary Burtless,https://openalex.org/W2069462629,1,0.07142857142857142,https://openalex.org/W2000267590,2,0.004048582995951417,3,The Effect of Taxation on Labor Supply: Evaluating the Gary Negative Income Tax Experiment,Gary Burtless et Jerry A. Hausman (1978),Impact of a negative income tax on awareness of social services,Joseph Heffernan (1977),Participants' Understanding of the Treatment in Policy Experimentation,Walter Nicholson et Sonia R. Wright (1977)
18,https://openalex.org/W1559924327,1.0,0.06666666666666667,Jerry A. Hausman,https://openalex.org/W1565525199,0,0.0,https://openalex.org/W1565525199,1,0.0020242914979757085,3,Capitalism and Freedom,Milton Friedman (1962),What is Labor Supply and Do Taxes Affect it,Harvey S. Rosen (1979),What is Labor Supply and Do Taxes Affect it,Harvey S. Rosen (1979)
