,id_most_used_ref,n_most_used_ref,share_most_used_ref,author_most_used,id_most_cited_UBI,n_most_cited_UBI,share_most_cited_UBI,id_most_cited_global,n_most_cited_global,share_most_cited_global,community,title_most_used_ref,bib_most_used_ref,title_most_cited_global,bib_most_cited_global,title_most_cited_UBI,bib_most_cited_UBI
0,https://openalex.org/W4238417458,17,0.025411061285500747,Philippe Van Parijs,https://openalex.org/W2073244119,38,0.09669211195928754,https://openalex.org/W2902634493,1014,0.4033412887828162,1,Basic Income Reconsidered,Simon Birnbaum (2012),"AI4People—An Ethical Framework for a Good AI Society: Opportunities, Risks, Principles, and Recommendations",Luciano Floridi et al. (2018),How Cash Transfers Promote the Case for Basic Income,Guy Standing (2008)
1,https://openalex.org/W2325247757,15,0.02242152466367713,Jürgen De Wispelaere,https://openalex.org/W1591881116,33,0.08396946564885496,https://openalex.org/W2106989072,162,0.06443914081145585,1,Real Freedom for All: What (If Anything) can Justify Capitalism?,Philippe Van Parijs (1996),Creative Economy and Labor Precarity,Greig de Peuter (2011),The Struggle for Strategy: On the Politics of the Basic Income Proposal,Jürgen De Wispelaere (2015)
2,https://openalex.org/W2006784025,15,0.02242152466367713,Yannick Vanderborght,https://openalex.org/W2508018842,19,0.04834605597964377,https://openalex.org/W2518945008,130,0.05171042163882259,1,Basic Income: A Simple and Powerful Idea for the Twenty-First Century,Philippe Van Parijs (2004),Technological unemployment: Educating for the fourth industrial revolution,Michael A. Peters (2016),Basic Income in the Capitalist Economy: The Mirage of “Exit” from Employment,Simon Birnbaum et Jürgen De Wispelaere (2016)
3,https://openalex.org/W4249308963,14,0.02092675635276532,Lindsay Stirton,https://openalex.org/W1778294656,17,0.043256997455470736,https://openalex.org/W2073244119,129,0.0513126491646778,1,Basic Income,Philippe Van Parijs et Yannick Vanderborght (2017),How Cash Transfers Promote the Case for Basic Income,Guy Standing (2008),The Politics of Unconditional Basic Income: Bringing Bureaucracy Back In,Jürgen De Wispelaere et Lindsay Stirton (2012)
4,https://openalex.org/W2168139370,14,0.02092675635276532,Simon Birnbaum,https://openalex.org/W3080667430,15,0.03816793893129771,https://openalex.org/W3038472768,111,0.0441527446300716,1,Arguing for Basic Income: Ethical Foundations for a Radical Reform,Philippe Van Parijs (1992),A sociology of Covid-19,Steve Matthewman et Kate Huppatz (2020),Universal Basic Income as a Policy Response to COVID-19 and Precarious Employment: Potential Impacts on Rehabilitation and Return-to-Work,Christian Ståhl et Ellen MacEachen (2020)
5,https://openalex.org/W1562268590,12,0.017937219730941704,Karl Widerquist,https://openalex.org/W1574707994,14,0.035623409669211195,https://openalex.org/W2127881275,68,0.027048528241845664,1,Basic income. An anthology of contemporary research.,Yannick Vanderborght (2013),Welfare and the unemployment crisis: Sweden in the 1990s,Åke Bergmark et Joakim Palme (2003),A disarmingly simple idea? Practical bottlenecks in the implementation of a universal basic income,Jürgen De Wispelaere et Lindsay Stirton (2012)
6,https://openalex.org/W2016276511,11,0.016442451420029897,Erik Olín Wright,https://openalex.org/W2176655381,13,0.03307888040712468,https://openalex.org/W2785792178,51,0.02028639618138425,1,The Many Faces of Universal Basic Income,Jürgen De Wispelaere et Lindsay Stirton (2004),"The case for welfare state universalism, or the lasting relevance of the paradox of redistribution",Olivier Jacques et Alain Noël (2018),Republicanism and the political economy of democracy,David Casassas et Jürgen De Wispelaere (2015)
7,https://openalex.org/W1980797821,10,0.014947683109118086,Guy Standing,https://openalex.org/W2976204298,13,0.03307888040712468,https://openalex.org/W2060269618,47,0.01869530628480509,1,The Case for a Participation Income,Anthony B. Atkinson (1996),The Universal Welfare State: Theory and the Case of Sweden,Andreas Bergh (2004),"Framing Basic Income: Comparing Media Framing of Basic Income in Canada, Finland, and Spain",Johanna Perkiö et al. (2019)
8,https://openalex.org/W77078688,10,0.014947683109118086,Stuart White,https://openalex.org/W2141717182,11,0.027989821882951654,https://openalex.org/W3080667430,43,0.017104216388225936,1,Beyond the new paternalism: basic security as equality,,Universal Basic Income as a Policy Response to COVID-19 and Precarious Employment: Potential Impacts on Rehabilitation and Return-to-Work,Christian Ståhl et Ellen MacEachen (2020),"Should surfers be ostracized? Basic income, liberal neutrality, and the work ethos",Simon Birnbaum (2011)
9,https://openalex.org/W2484862404,10,0.014947683109118086,Anthony B. Atkinson,https://openalex.org/W1924889114,10,0.02544529262086514,https://openalex.org/W2901702355,42,0.016706443914081145,1,"Independence, Propertylessness, and Basic Income",Karl Widerquist (2013),"Artificial Intelligence, Jobs and the Future of Work: Racing with the Machines",Alban Duka et Edvard P.G. Bruun (2018),The stability of basic income: a constitutional solution for a political problem?,Jürgen De Wispelaere et Leticia Morales (2015)
10,https://openalex.org/W2897378659,5,0.06578947368421052,Philippe Van Parijs,https://openalex.org/W1569912343,9,0.16071428571428573,https://openalex.org/W1963882122,37,0.167420814479638,2,A Basic Income for All,Philippe Van Parijs (2000),Redistribution and entrepreneurship with Schumpeterian growth,Cecilia García‐Peñalosa et Jean‐François Wen (2008),Universal Basic Income versus Unemployment Insurance,Alice Fabre et al. (2014)
11,https://openalex.org/W1921013935,4,0.05263157894736842,John Creedy,https://openalex.org/W2237118216,8,0.14285714285714285,https://openalex.org/W2128909200,24,0.1085972850678733,2,Why Surfers Should Be Fed: The Liberal Case for an Unconditional Basic Income,Philippe Van Parijs (2017),Employment Polarisation in Australia*,Peter Dawkins et al. (2005),A comparison of the macroeconomic consequences of basic income and job guarantee schemes,Martin Watts et William Mitchell (2004)
12,https://openalex.org/W2524948883,3,0.039473684210526314,Ravi Kanbur,https://openalex.org/W1507815671,5,0.08928571428571429,https://openalex.org/W2337818091,20,0.09049773755656108,2,"Basic Income, Inequality, and Unemployment: Rethinking the Linkage between Work and Welfare",Chris Clark et C. J. Kavanagh (1996),The curious case of the guaranteed minimum income (GMI): Highlighting Greek ‘exceptionalism’ in a Southern European context,Varvara Lalioti (2015),Moves to a basic income-flat tax system in Australia: implications for the distribution of income and supply of labour,Rosanna Scutella (2004)
13,https://openalex.org/W1489554691,3,0.039473684210526314,Karl Widerquist,https://openalex.org/W2565987234,5,0.08928571428571429,https://openalex.org/W2090781369,18,0.08144796380090498,2,Public economics in action: the basic income/flat tax proposal,,Keynes and the reform of the capitalist social order,Fernando J. Cardim de Carvalho (2008),The Basic Income Guarantee: Ensuring Progress and Prosperity in the 21st Century,Marc-André Pigeon (2003)
14,https://openalex.org/W2086109197,2,0.02631578947368421,Chris Clark,https://openalex.org/W2337818091,3,0.05357142857142857,https://openalex.org/W2120746524,15,0.06787330316742081,2,Optimal non-linear income taxation for the alleviation of income-poverty,Ravi Kanbur et al. (1994),Reforming Family Transfers in Southern Europe: Is there a Role for Universal Child Benefits?,Manos Matsaganis et al. (2006),The curious case of the guaranteed minimum income (GMI): Highlighting Greek ‘exceptionalism’ in a Southern European context,Varvara Lalioti (2015)
15,https://openalex.org/W144427314,2,0.02631578947368421,C. J. Kavanagh,https://openalex.org/W2120746524,3,0.05357142857142857,https://openalex.org/W2000162428,15,0.06787330316742081,2,"The Positives of ""Flexibility""",Sally Lerner (2000),Targeting Social Assistance,Bruce Bradbury (2004),Reforming Family Transfers in Southern Europe: Is there a Role for Universal Child Benefits?,Manos Matsaganis et al. (2006)
16,https://openalex.org/W1495112635,2,0.02631578947368421,Bruno Van der Linden,https://openalex.org/W3122758420,3,0.05357142857142857,https://openalex.org/W2183293988,12,0.05429864253393665,2,An Efficiency Argument for the Guaranteed Income,Karl Widerquist et Michael Lewis (1997),EVALUATING THE INCOME REDISTRIBUTION EFFECTS OF TAX REFORMS IN DISCRETE HOURS MODELS,John Creedy et al. (2004),Some Macroeconomic Consequences of Basic Income and Employment Subsidies,Thomas Moutos et William Scarth (2003)
17,https://openalex.org/W1574217138,2,0.02631578947368421,Michael Keen,https://openalex.org/W4296278649,3,0.05357142857142857,https://openalex.org/W2237118216,11,0.049773755656108594,2,THE BASIC SOLUTION TO UNEMPLOYMENT,John Tomlinson (2001),A comparison of the macroeconomic consequences of basic income and job guarantee schemes,Martin Watts et William Mitchell (2004),Optimal Income Taxation with Unemployment and Wage Responses: A Sufficient Statistics Approach,kory kroft et al. (2015)
18,https://openalex.org/W2069258717,2,0.02631578947368421,Matti Tuomala,https://openalex.org/W2183293988,2,0.03571428571428571,https://openalex.org/W1569912343,11,0.049773755656108594,2,Reciprocity and the Justification of an Unconditional Basic Income. Reply to Stuart White,Philippe Van Parijs (1997),Universal Basic Income versus Unemployment Insurance,Alice Fabre et al. (2014),EVALUATING THE INCOME REDISTRIBUTION EFFECTS OF TAX REFORMS IN DISCRETE HOURS MODELS,John Creedy et al. (2004)
19,https://openalex.org/W1971775497,2,0.02631578947368421,Sally Lerner,https://openalex.org/W1983808035,2,0.03571428571428571,https://openalex.org/W2148715818,10,0.04524886877828054,2,Social assistance in Southern Europe,Ian Gough (1996),The Impact of Macroeconomic Policies on Poverty and Income Distribution: Macro–Micro Evaluation Techniques and Tools,Brian McCaig (2009),An In-Work Payment with an Hours Threshold: Labour Supply and Social Welfare*,John Creedy (2005)
20,https://openalex.org/W2013291500,9,0.03557312252964427,Wayne Simpson,https://openalex.org/W2598304869,31,0.12015503875968993,https://openalex.org/W2148885821,222,0.15513626834381553,3,Economic Response to a Guaranteed Annual Income: Experience from Canada and the United States,Derek Hum et Wayne Simpson (1993),"“Who Do They Think We Are, Anyway?”: Perceptions of and Responses to Poverty Stigma",Linda Reutter et al. (2009),Basic Income in a Small Town: Understanding the Elusive Effects on Work,David Calnitsky et Jonathan P. Latner (2017)
21,https://openalex.org/W2064212453,7,0.02766798418972332,Derek Hum,https://openalex.org/W2584585361,19,0.07364341085271318,https://openalex.org/W2167176265,120,0.08385744234800839,3,A failure to communicate: what (if anything) can we learn from the negative income tax experiments?,Karl Widerquist (2005),"Welfare Law, Welfare Fraud, and the Moral Regulation of the ‘Never Deserving’ Poor",Dorothy E. Chunn et Shelley A. M. Gavigan (2004),Reducing health inequities: is universal basic income the way forward?,Arne Rückert et al. (2017)
22,https://openalex.org/W2588136974,5,0.019762845849802372,Karl Widerquist,https://openalex.org/W2062351750,18,0.06976744186046512,https://openalex.org/W2079039442,99,0.06918238993710692,3,The Manitoba Basic Annual Income Experiment: Lessons Learned 40 Years Later,Wayne Simpson et al. (2017),Social Assistance and EU Poverty Thresholds 1990-2008. Are European Welfare Systems Providing Just and Fair Protection Against Low Income?,Kenneth Nelson (2011),"New questions, new data, old interventions: The health effects of a guaranteed annual income",Evelyn L. Forget (2013)
23,https://openalex.org/W1520279335,4,0.015810276679841896,Jonathan R. Kesselman,https://openalex.org/W2946269302,16,0.06201550387596899,https://openalex.org/W3124012071,96,0.06708595387840671,3,A Comparison of the Labor Supply Findings from the Four Negative Income Tax Experiments,Philip K. Robins (1985),Welfare programs and labor supply in developing countries: experimental evidence from Latin America,María Laura Alzúa et al. (2012),“Human Again”: The (Unrealized) Promise of Basic Income in Ontario,Leah Hamilton et James P. Mulvale (2019)
24,https://openalex.org/W2616841982,4,0.015810276679841896,Evelyn L. Forget,https://openalex.org/W2793135957,14,0.05426356589147287,https://openalex.org/W2016299465,94,0.06568832983927324,3,Toward a National Universal Guaranteed Basic Income,Harvey Stevens et Wayne Simpson (2017),"Socioeconomic Status, Income Inequality, and Health Complaints: A Basic Psychological Needs Perspective",Stefano Di Domenico et Marc A. Fournier (2014),The employer response to the guaranteed annual income,David Calnitsky (2018)
25,https://openalex.org/W2562145306,4,0.015810276679841896,Robin Boadway,https://openalex.org/W2588136974,13,0.050387596899224806,https://openalex.org/W1546530261,79,0.05520614954577219,3,"A universal basic income: the answer to poverty, insecurity, and health inequality?",Anthony Painter (2016),Unconditional cash transfers for reducing poverty and vulnerabilities: effect on use of health services and health outcomes in low- and middle-income countries,Frank Pega et al. (2017),The Manitoba Basic Annual Income Experiment: Lessons Learned 40 Years Later,Wayne Simpson et al. (2017)
26,https://openalex.org/W2287844010,4,0.015810276679841896,Saud A. Choudhry,https://openalex.org/W2011026833,13,0.050387596899224806,https://openalex.org/W2584585361,51,0.03563941299790356,3,"Income, Work and Marital Dissolution: Canadian Experimental Evidence",Derek Hum et Saud A. Choudhry (1992),Reducing health inequities: is universal basic income the way forward?,Arne Rückert et al. (2017),<b>Basic income – healthy outcome?</b>Effects on health of an Indian basic income pilot project: a cluster randomised trial,Simon Beck et al. (2014)
27,https://openalex.org/W2062351750,4,0.015810276679841896,James P. Mulvale,https://openalex.org/W1973708231,11,0.04263565891472868,https://openalex.org/W2947989936,49,0.03424178895877009,3,"New questions, new data, old interventions: The health effects of a guaranteed annual income",Evelyn L. Forget (2013),The impact of social assistance programs on population health: a systematic review of research in high-income countries,Faraz Vahid Shahidi et al. (2019),"Cash Transfers, Basic Income and Community Building",Evelyn L. Forget et al. (2013)
28,https://openalex.org/W2156580463,3,0.011857707509881422,David Calnitsky,https://openalex.org/W2156580463,9,0.03488372093023256,https://openalex.org/W2062351750,43,0.03004891684136967,3,Fighting Poverty: Assessing the Effect of Guaranteed Minimum Income Proposals in Quebec,Nicholas‐James Clavet et al. (2013),"New questions, new data, old interventions: The health effects of a guaranteed annual income",Evelyn L. Forget (2013),Fighting Poverty: Assessing the Effect of Guaranteed Minimum Income Proposals in Quebec,Nicholas‐James Clavet et al. (2013)
29,https://openalex.org/W2209964513,3,0.011857707509881422,Jürgen De Wispelaere,https://openalex.org/W3012380817,9,0.03488372093023256,https://openalex.org/W3179276769,39,0.027253668763102725,3,Tax Policy for a Rent-Rich Economy,Robin Boadway (2015),The Entrepreneurial Society,Mark Sanders et al. (2019),The Impact of an Experimental Guaranteed Income on Crime and Violence,David Calnitsky et Pilar Goñalons-Pons (2020)
30,https://openalex.org/W2081775730,3,0.04918032786885246,Giorgos Kallis,https://openalex.org/W2154552965,20,0.2564102564102564,https://openalex.org/W2910922638,1414,0.6430195543428832,4,In defence of degrowth,Giorgos Kallis (2011),An agenda for sustainability transitions research: State of the art and future directions,Jonathan Köhler et al. (2019),Work and Welfare: Towards a Post-productivist Welfare Regime,Robert E. Goodin (2001)
31,https://openalex.org/W2150141679,2,0.03278688524590164,Joan Martínez-Alier,https://openalex.org/W2953905399,11,0.14102564102564102,https://openalex.org/W2902411700,219,0.09959072305593451,4,What is Degrowth? From an Activist Slogan to a Social Movement,Federico Demaria et al. (2013),Equity and sustainability in the Anthropocene: a social–ecological systems perspective on their intertwined futures,Melissa Leach et al. (2018),Radical transformation or technological intervention? Two paths for universal basic income,E. Fouksman et Elise Klein (2019)
32,https://openalex.org/W2345206800,2,0.03278688524590164,Philippe Van Parijs,https://openalex.org/W2954542212,10,0.1282051282051282,https://openalex.org/W2154552965,132,0.06002728512960437,4,Give a man a fish: reflections on the new politics of distribution,Ralph Callebert (2016),Work and Welfare: Towards a Post-productivist Welfare Regime,Robert E. Goodin (2001),Universal Basic Income and the Natural Environment: Theory and Policy,Timothy MacNeill et Amber Vibert (2019)
33,https://openalex.org/W2017752992,2,0.03278688524590164,Federico Demaria,https://openalex.org/W2339728047,8,0.10256410256410256,https://openalex.org/W2891637636,123,0.05593451568894952,4,Planned economic contraction: the emerging case for degrowth,Samuel Alexander (2012),Challenges for the degrowth transition: The debate about wellbeing,Milena Büchs et Max Koch (2019),"How to turn an ocean liner: a proposal for voluntary degrowth by redesigning money for sustainability, justice, and resilience",Alf Hornborg (2017)
34,https://openalex.org/W2023723950,2,0.03278688524590164,François Schneider,https://openalex.org/W2891637636,7,0.08974358974358974,https://openalex.org/W2017752992,77,0.035015916325602546,4,Crisis or opportunity? Economic degrowth for social equity and ecological sustainability. Introduction to this special issue,François Schneider et al. (2010),Planned economic contraction: the emerging case for degrowth,Samuel Alexander (2012),Challenges for the degrowth transition: The debate about wellbeing,Milena Büchs et Max Koch (2019)
35,https://openalex.org/W836905562,2,0.03278688524590164,Karl Widerquist,https://openalex.org/W2922002437,6,0.07692307692307693,https://openalex.org/W2922002437,66,0.030013642564802184,4,Socially sustainable degrowth as a social–ecological transformation: repoliticizing sustainability,Viviana Asara et al. (2015),Degrowth through income and wealth caps?,Hubert Buch‐Hansen et Max Koch (2019),Degrowth through income and wealth caps?,Hubert Buch‐Hansen et Max Koch (2019)
36,https://openalex.org/W2030655414,2,0.03278688524590164,Guy Standing,https://openalex.org/W2017752992,3,0.038461538461538464,https://openalex.org/W2969844606,38,0.017280582082764895,4,The economics of degrowth,Giorgos Kallis et al. (2012),"Geographies of degrowth: Nowtopias, resurgences and the decolonization of imaginaries and places",Federico Demaria et al. (2019),Planned economic contraction: the emerging case for degrowth,Samuel Alexander (2012)
37,https://openalex.org/W1968876349,1,0.01639344262295082,Filka Sekulova,https://openalex.org/W2108731366,2,0.02564102564102564,https://openalex.org/W2339728047,36,0.01637107776261937,4,A modest proposal: the case for a maximum wage,Maureen Ramsay (2005),"How to turn an ocean liner: a proposal for voluntary degrowth by redesigning money for sustainability, justice, and resilience",Alf Hornborg (2017),Post-growth policy instruments,Peter Ferguson (2013)
38,https://openalex.org/W2085790824,1,0.01639344262295082,Ailsa McKay,https://openalex.org/W2976698357,2,0.02564102564102564,https://openalex.org/W2953905399,26,0.01182355616189177,4,"Technologies, culture, work, basic income and maximum income",Alan Cottey (2013),Radical transformation or technological intervention? Two paths for universal basic income,E. Fouksman et Elise Klein (2019),"Citizen’s Basic Income in Brazil: From Bolsa Família to Pilot Experiments, with an Appendix: From Local to National: Mexico City and Basic Income, by Pablo Yanes",Maria Ozanira da Silva e Silva et Valéria Ferreira Santos de Almada Lima (2019)
39,https://openalex.org/W2302303236,1,0.01639344262295082,Ralph Callebert,https://openalex.org/W2624917705,2,0.02564102564102564,https://openalex.org/W2954542212,16,0.007276034561164165,4,Institutional change for strong sustainable consumption: sustainable consumption and the degrowth economy,Joachim H. Spangenberg (2014),Universal Basic Income and the Natural Environment: Theory and Policy,Timothy MacNeill et Amber Vibert (2019),"Cold critique, faint passion, bleak future: Post-Development’s surrender to global capitalism",Ilan Kapoor (2017)
