city,year,n_total,n_solo_country,n_solo_author,n_collab,latitude,longitude
Aalborg,1999,1,0.0,0.0,1.0,57.01259,9.988539
Aalborg,2003,1,0.0,1.0,0.0,57.01259,9.988539
Aalborg,2004,1,0.0,1.0,0.0,57.01259,9.988539
Aalborg,2007,1,0.0,1.0,0.0,57.01259,9.988539
Aalborg,2008,1,0.0,1.0,0.0,57.01259,9.988539
Aarhus,2012,1,1.0,0.0,0.0,56.185997,10.232556
Aarhus,2018,1,0.0,0.0,1.0,56.185997,10.232556
Aarhus,2022,1,0.0,1.0,0.0,56.185997,10.232556
Aberdeen,1994,1,0.0,1.0,0.0,57.14603,-2.279009
Aberdeen,1999,1,0.0,1.0,0.0,57.14603,-2.279009
Accra,2021,1,0.0,0.0,1.0,5.60453,-0.1866
Accra,2022,1,0.0,0.0,1.0,5.60453,-0.1866
Adelaide,2004,1,0.0,1.0,0.0,-32.7002,26.294102
Adelaide,2007,1,0.0,1.0,0.0,-32.7002,26.294102
Ahmedabad,2017,1,0.0,1.0,0.0,23.046335,72.51873
Aix-en-Provence,2005,1,0.0,1.0,0.0,43.493687,5.34232
Akron,2023,1,0.0,0.0,1.0,41.072643,-81.5254
Albany,2010,1,0.0,0.0,1.0,42.63582,-73.76363
Albany,2016,1,0.0,1.0,0.0,42.63582,-73.76363
Albany,2021,1,0.0,0.0,1.0,42.63582,-73.76363
Alcalá de Henares,2017,1,0.0,1.0,0.0,40.48205,-3.35996
Amherst Center,1977,1,1.0,0.0,0.0,42.376118,-72.53242
Amherst Center,1992,1,0.0,1.0,0.0,42.376118,-72.53242
Amherst Center,2003,1,0.0,1.0,0.0,42.376118,-72.53242
Amherst Center,2006,1,0.0,1.0,0.0,42.376118,-72.53242
Amherst Center,2008,1,0.0,1.0,0.0,42.376118,-72.53242
Amherst Center,2018,1,0.0,1.0,0.0,42.376118,-72.53242
Amherst Center,2020,1,0.0,0.0,1.0,42.376118,-72.53242
Amherst Center,2021,1,0.0,0.0,1.0,42.376118,-72.53242
Amoy,2005,2,0.0,2.0,0.0,24.47979,118.08187
Amsterdam,1996,2,0.0,2.0,0.0,52.35465,4.898623
Amsterdam,1997,3,0.0,2.0,1.0,52.35465,4.898623
Amsterdam,1998,2,0.0,2.0,0.0,52.35465,4.898623
Amsterdam,2003,2,0.0,2.0,0.0,52.35465,4.898623
Amsterdam,2004,8,0.0,8.0,0.0,52.35465,4.898623
Amsterdam,2013,1,0.0,0.0,1.0,52.35465,4.898623
Amsterdam,2014,1,0.0,1.0,0.0,52.35465,4.898623
Amsterdam,2017,3,0.0,3.0,0.0,52.35465,4.898623
Amsterdam,2019,2,0.0,1.0,1.0,52.35465,4.898623
Amsterdam,2023,1,0.0,0.0,1.0,52.35465,4.898623
Anchorage,2018,1,0.0,1.0,0.0,61.19658,-149.87177
Anchorage,2020,1,1.0,0.0,0.0,61.19658,-149.87177
Ankara,2022,1,1.0,0.0,0.0,39.899693,32.775276
Ann Arbor,1980,1,0.0,1.0,0.0,42.27756,-83.74088
Ann Arbor,2002,1,0.0,1.0,0.0,42.27756,-83.74088
Ann Arbor,2009,1,1.0,0.0,0.0,42.27756,-83.74088
Ann Arbor,2013,1,0.0,0.0,1.0,42.27756,-83.74088
Ann Arbor,2015,1,1.0,0.0,0.0,42.27756,-83.74088
Antwerp,1994,1,0.0,1.0,0.0,51.197193,4.40995
Antwerp,2001,1,1.0,0.0,0.0,51.197193,4.40995
Antwerp,2003,1,0.0,0.0,1.0,51.197193,4.40995
Antwerp,2006,1,0.0,0.0,1.0,51.197193,4.40995
Antwerp,2009,1,0.0,1.0,0.0,51.197193,4.40995
Antwerp,2013,1,0.0,0.0,1.0,51.197193,4.40995
Antwerp,2015,1,1.0,0.0,0.0,51.197193,4.40995
Antwerp,2019,2,0.0,0.0,2.0,51.197193,4.40995
Antwerp,2023,2,2.0,0.0,0.0,51.197193,4.40995
Antwerp,2024,1,0.0,1.0,0.0,51.197193,4.40995
Araraquara,2023,1,1.0,0.0,0.0,-21.77562,-48.178646
Armidale,2000,1,0.0,0.0,1.0,-30.48619,151.6423
Arrasate / Mondragón,2024,2,0.0,1.0,1.0,43.06441,-2.48977
Asunción,2019,1,0.0,0.0,1.0,-25.28646,-57.647
Athens,1975,1,0.0,1.0,0.0,37.91744,23.742971
Athens,2003,2,0.0,0.0,2.0,37.91744,23.742971
Athens,2017,1,0.0,1.0,0.0,37.91744,23.742971
Athens,2022,1,0.0,1.0,0.0,37.91744,23.742971
Atlanta,2022,1,0.0,1.0,0.0,33.71083,-84.33857
Atlanta,2023,1,0.0,0.0,1.0,33.71083,-84.33857
Auburn,2021,1,0.0,0.0,1.0,32.585342,-85.494644
Auburn,2023,1,0.0,0.0,1.0,32.585342,-85.494644
Auckland,1993,1,0.0,1.0,0.0,-36.749744,174.70274
Auckland,1999,1,1.0,0.0,0.0,-36.749744,174.70274
Auckland,2007,1,0.0,1.0,0.0,-36.749744,174.70274
Auckland,2013,1,0.0,0.0,1.0,-36.749744,174.70274
Auckland,2015,1,0.0,0.0,1.0,-36.749744,174.70274
Auckland,2016,1,0.0,1.0,0.0,-36.749744,174.70274
Auckland,2017,1,0.0,1.0,0.0,-36.749744,174.70274
Auckland,2020,1,0.0,0.0,1.0,-36.749744,174.70274
Augsburg,2015,1,0.0,0.0,1.0,48.385647,10.847399
Augsburg,2018,1,0.0,0.0,1.0,48.385647,10.847399
Austin,2017,1,0.0,1.0,0.0,30.297606,-97.70494
Aveiro,2020,1,0.0,0.0,1.0,40.64427,-8.64554
Azusa,2020,1,0.0,0.0,1.0,34.12918,-117.88902
Bagnolet,2002,1,0.0,1.0,0.0,48.858936,2.415444
Baku,2019,1,0.0,0.0,1.0,40.420933,49.820126
Baku,2023,1,0.0,1.0,0.0,40.420933,49.820126
Baltimore,1983,1,0.0,1.0,0.0,39.35362,-76.6301
Baltimore,1986,1,0.0,0.0,1.0,39.35362,-76.6301
Baltimore,1999,1,0.0,0.0,1.0,39.35362,-76.6301
Baltimore,2014,1,0.0,0.0,1.0,39.35362,-76.6301
Baltimore,2015,1,0.0,1.0,0.0,39.35362,-76.6301
Baltimore,2017,1,0.0,0.0,1.0,39.35362,-76.6301
Baltimore,2018,1,0.0,0.0,1.0,39.35362,-76.6301
Bamberg,2020,1,0.0,1.0,0.0,49.89873,10.90067
Bamberg,2022,1,0.0,0.0,1.0,49.89873,10.90067
Bangor,2006,1,0.0,1.0,0.0,44.799957,-68.77149
Barcelona,1994,1,0.0,1.0,0.0,41.38879,2.15899
Barcelona,2012,1,1.0,0.0,0.0,41.38879,2.15899
Barcelona,2014,1,0.0,0.0,1.0,41.38879,2.15899
Barcelona,2015,1,0.0,0.0,1.0,41.38879,2.15899
Barcelona,2016,2,0.0,1.0,1.0,41.38879,2.15899
Barcelona,2018,1,0.0,1.0,0.0,41.38879,2.15899
Barcelona,2019,4,1.0,0.0,3.0,41.38879,2.15899
Barcelona,2020,1,0.0,0.0,1.0,41.38879,2.15899
Barcelona,2021,8,0.0,1.0,7.0,41.38879,2.15899
Barcelona,2022,2,0.0,0.0,2.0,41.38879,2.15899
Barcelona,2023,3,1.0,0.0,2.0,41.38879,2.15899
Barcelona,2024,1,0.0,0.0,1.0,41.38879,2.15899
Bath,1996,2,0.0,2.0,0.0,51.35842,-2.346769
Bath,1997,1,0.0,1.0,0.0,51.35842,-2.346769
Bath,2008,2,1.0,0.0,1.0,51.35842,-2.346769
Bath,2011,2,0.0,2.0,0.0,51.35842,-2.346769
Bath,2012,2,0.0,2.0,0.0,51.35842,-2.346769
Bath,2016,2,0.0,1.0,1.0,51.35842,-2.346769
Bath,2017,3,0.0,2.0,1.0,51.35842,-2.346769
Bath,2018,3,0.0,1.0,2.0,51.35842,-2.346769
Bath,2019,4,1.0,2.0,1.0,51.35842,-2.346769
Bath,2020,2,0.0,0.0,2.0,51.35842,-2.346769
Bath,2021,2,0.0,2.0,0.0,51.35842,-2.346769
Bath,2022,18,0.0,15.0,3.0,51.35842,-2.346769
Bath,2023,5,1.0,2.0,2.0,51.35842,-2.346769
Bath,2024,2,0.0,1.0,1.0,51.35842,-2.346769
Beersheba,2020,1,0.0,0.0,1.0,31.25291,34.790882
Beijing,2003,1,0.0,1.0,0.0,39.9075,116.39723
Beijing,2005,1,0.0,1.0,0.0,39.9075,116.39723
Beijing,2006,1,0.0,0.0,1.0,39.9075,116.39723
Beijing,2007,3,0.0,3.0,0.0,39.9075,116.39723
Beijing,2008,1,0.0,1.0,0.0,39.9075,116.39723
Beijing,2010,1,0.0,1.0,0.0,39.9075,116.39723
Beijing,2014,1,0.0,1.0,0.0,39.9075,116.39723
Beijing,2018,1,0.0,0.0,1.0,39.9075,116.39723
Beijing,2023,2,0.0,0.0,2.0,39.9075,116.39723
Belfast,2012,1,0.0,1.0,0.0,54.606712,-5.933526
Bengaluru,2020,1,1.0,0.0,0.0,12.952971,77.588264
Bengkulu,2020,1,0.0,1.0,0.0,-3.790522,102.256805
Bergamo,2008,1,0.0,0.0,1.0,45.698013,9.675046
Bergen,1999,1,0.0,1.0,0.0,60.381477,5.331528
Bergen,2017,1,0.0,0.0,1.0,60.381477,5.331528
Bergen,2020,1,0.0,1.0,0.0,60.381477,5.331528
Berkeley,1992,1,0.0,0.0,1.0,37.87522,-122.301414
Berkeley,2009,1,0.0,1.0,0.0,37.87522,-122.301414
Berkeley,2010,2,0.0,1.0,1.0,37.87522,-122.301414
Berkeley,2016,4,0.0,1.0,3.0,37.87522,-122.301414
Berkeley,2017,1,0.0,1.0,0.0,37.87522,-122.301414
Berkeley,2019,4,1.0,0.0,3.0,37.87522,-122.301414
Berlin,2002,1,0.0,0.0,1.0,52.538307,13.34176
Berlin,2008,1,0.0,0.0,1.0,52.538307,13.34176
Berlin,2014,3,0.0,2.0,1.0,52.538307,13.34176
Berlin,2015,2,0.0,0.0,2.0,52.538307,13.34176
Berlin,2017,1,0.0,0.0,1.0,52.538307,13.34176
Berlin,2018,3,0.0,3.0,0.0,52.538307,13.34176
Berlin,2019,2,0.0,1.0,1.0,52.538307,13.34176
Berlin,2020,1,0.0,0.0,1.0,52.538307,13.34176
Berlin,2022,1,0.0,1.0,0.0,52.538307,13.34176
Berlin,2023,3,0.0,0.0,3.0,52.538307,13.34176
Berlin,2024,1,0.0,0.0,1.0,52.538307,13.34176
Bern,2007,1,1.0,0.0,0.0,46.94292,7.450195
Bern,2008,1,0.0,1.0,0.0,46.94292,7.450195
Bern,2013,1,0.0,1.0,0.0,46.94292,7.450195
Bern,2018,1,0.0,1.0,0.0,46.94292,7.450195
Bern,2019,2,0.0,1.0,1.0,46.94292,7.450195
Biała Podlaska,2020,1,0.0,1.0,0.0,52.03238,23.11652
Bielefeld,2021,2,0.0,2.0,0.0,51.972824,8.50893
Birmingham,2003,1,0.0,0.0,1.0,52.48142,-1.89983
Birmingham,2014,1,0.0,1.0,0.0,52.48142,-1.89983
Birmingham,2015,1,0.0,1.0,0.0,52.48142,-1.89983
Birmingham,2017,3,1.0,2.0,0.0,52.48142,-1.89983
Birmingham,2021,1,0.0,1.0,0.0,52.48142,-1.89983
Blacksburg,2016,1,0.0,1.0,0.0,37.199142,-80.40815
Blacksburg,2018,1,0.0,0.0,1.0,37.199142,-80.40815
Blacksburg,2019,1,0.0,0.0,1.0,37.199142,-80.40815
Bloomington,2006,1,0.0,1.0,0.0,40.49017,-88.90918
Bloomington,2008,1,0.0,1.0,0.0,40.49017,-88.90918
Bloomington,2018,1,0.0,0.0,1.0,40.49017,-88.90918
Bloomsburg,2018,1,0.0,0.0,1.0,41.008022,-76.44791
Bochum,2016,1,0.0,1.0,0.0,51.504574,7.206462
Bochum,2023,3,0.0,0.0,3.0,51.504574,7.206462
Bodø,2011,1,0.0,0.0,1.0,67.28503,14.379835
Bodø,2014,1,0.0,0.0,1.0,67.28503,14.379835
Bogor,2021,2,0.0,2.0,0.0,-6.568336,106.78077
Bogor,2023,1,1.0,0.0,0.0,-6.568336,106.78077
Bogotá,2005,1,0.0,1.0,0.0,4.60971,-74.08175
Bogotá,2006,1,0.0,1.0,0.0,4.60971,-74.08175
Bologna,2002,1,0.0,0.0,1.0,44.522182,11.338531
Bologna,2007,1,1.0,0.0,0.0,44.522182,11.338531
Bolzano,2021,1,0.0,1.0,0.0,46.4714,11.326251
Bonn,1999,1,0.0,0.0,1.0,50.7289,7.106497
Bonn,2003,1,0.0,0.0,1.0,50.7289,7.106497
Bonn,2006,1,0.0,0.0,1.0,50.7289,7.106497
Bonn,2008,1,0.0,0.0,1.0,50.7289,7.106497
Bonn,2010,1,0.0,0.0,1.0,50.7289,7.106497
Bonn,2011,5,1.0,0.0,4.0,50.7289,7.106497
Bonn,2012,1,0.0,0.0,1.0,50.7289,7.106497
Bonn,2013,1,0.0,0.0,1.0,50.7289,7.106497
Bonn,2017,1,0.0,1.0,0.0,50.7289,7.106497
Bonn,2020,1,0.0,0.0,1.0,50.7289,7.106497
Bonn,2024,1,0.0,0.0,1.0,50.7289,7.106497
Boone,2019,1,0.0,0.0,1.0,36.26303,-81.78506
Boone,2020,2,0.0,2.0,0.0,36.26303,-81.78506
Boone,2021,2,1.0,1.0,0.0,36.26303,-81.78506
Boone,2023,4,2.0,0.0,2.0,36.26303,-81.78506
Boston,1984,1,0.0,1.0,0.0,42.354202,-71.07486
Boston,1988,1,0.0,0.0,1.0,42.354202,-71.07486
Boston,1995,1,0.0,0.0,1.0,42.354202,-71.07486
Boston,2002,1,0.0,1.0,0.0,42.354202,-71.07486
Boston,2005,1,0.0,1.0,0.0,42.354202,-71.07486
Boston,2008,1,0.0,0.0,1.0,42.354202,-71.07486
Boston,2010,1,0.0,1.0,0.0,42.354202,-71.07486
Boston,2018,2,0.0,1.0,1.0,42.354202,-71.07486
Boston,2020,1,0.0,1.0,0.0,42.354202,-71.07486
Boston,2022,1,0.0,1.0,0.0,42.354202,-71.07486
Bouaké,1970,1,0.0,1.0,0.0,7.686428,-5.066668
Bouaké,2018,1,1.0,0.0,0.0,7.686428,-5.066668
Bowling Green,1993,1,0.0,1.0,0.0,41.355328,-83.61641
Bowling Green,2014,1,0.0,1.0,0.0,41.355328,-83.61641
Bradford,1994,1,1.0,0.0,0.0,53.806767,-1.796155
Braga,2019,1,0.0,1.0,0.0,41.573284,-8.424569
Braga,2020,1,0.0,1.0,0.0,41.573284,-8.424569
Braga,2021,11,3.0,1.0,7.0,41.573284,-8.424569
Braga,2022,2,1.0,0.0,1.0,41.573284,-8.424569
Brasília,2015,1,0.0,0.0,1.0,-15.747494,-47.899082
Brasília,2022,1,0.0,1.0,0.0,-15.747494,-47.899082
Bratislava,2018,1,0.0,0.0,1.0,48.17129,17.10988
Bratislava,2022,1,0.0,0.0,1.0,48.17129,17.10988
Braunschweig,2016,1,0.0,1.0,0.0,52.277107,10.529457
Bremen,1997,1,1.0,0.0,0.0,53.080208,8.815079
Bremen,1999,1,0.0,1.0,0.0,53.080208,8.815079
Bremen,2000,1,0.0,1.0,0.0,53.080208,8.815079
Bremen,2012,1,1.0,0.0,0.0,53.080208,8.815079
Bremen,2017,1,0.0,0.0,1.0,53.080208,8.815079
Brighton,2016,2,0.0,1.0,1.0,50.8216,-0.143432
Brighton,2018,2,0.0,1.0,1.0,50.8216,-0.143432
Brighton,2020,1,0.0,1.0,0.0,50.8216,-0.143432
Brighton,2021,1,0.0,1.0,0.0,50.8216,-0.143432
Brighton,2024,1,0.0,0.0,1.0,50.8216,-0.143432
Brisbane,2015,1,0.0,1.0,0.0,-27.504896,152.97615
Brisbane,2016,2,1.0,1.0,0.0,-27.504896,152.97615
Brisbane,2019,14,0.0,11.0,3.0,-27.504896,152.97615
Brisbane,2020,3,0.0,2.0,1.0,-27.504896,152.97615
Brisbane,2022,2,0.0,1.0,1.0,-27.504896,152.97615
Brisbane,2023,4,0.0,1.0,3.0,-27.504896,152.97615
Bristol,1988,1,0.0,1.0,0.0,51.45094,-2.599192
Bristol,2001,1,0.0,1.0,0.0,51.45094,-2.599192
Bristol,2008,1,0.0,1.0,0.0,51.45094,-2.599192
Bristol,2012,1,0.0,1.0,0.0,51.45094,-2.599192
Bristol,2015,1,0.0,1.0,0.0,51.45094,-2.599192
Bristol,2017,1,0.0,0.0,1.0,51.45094,-2.599192
Bristol,2018,1,0.0,0.0,1.0,51.45094,-2.599192
Bristol,2019,1,0.0,0.0,1.0,51.45094,-2.599192
Bristol,2020,5,0.0,5.0,0.0,51.45094,-2.599192
Bristol,2021,1,0.0,1.0,0.0,51.45094,-2.599192
Bristol,2023,1,0.0,1.0,0.0,51.45094,-2.599192
Bristol,2024,1,0.0,1.0,0.0,51.45094,-2.599192
Brockport,2003,1,0.0,1.0,0.0,43.21367,-77.93918
Brunswick,1999,1,0.0,1.0,0.0,31.149666,-81.49614
Brussels,1993,1,0.0,1.0,0.0,50.841236,4.371717
Brussels,2001,1,0.0,0.0,1.0,50.841236,4.371717
Brussels,2016,1,0.0,0.0,1.0,50.841236,4.371717
Brussels,2018,1,1.0,0.0,0.0,50.841236,4.371717
Brussels,2020,2,0.0,1.0,1.0,50.841236,4.371717
Brussels,2021,4,0.0,2.0,2.0,50.841236,4.371717
Brussels,2022,3,0.0,2.0,1.0,50.841236,4.371717
Brussels,2023,1,0.0,1.0,0.0,50.841236,4.371717
Bucharest,2018,1,0.0,1.0,0.0,44.426937,26.092825
Budapest,2019,1,1.0,0.0,0.0,47.49835,19.04045
Budapest,2022,1,1.0,0.0,0.0,47.49835,19.04045
Buenos Aires,2014,1,0.0,0.0,1.0,-34.61315,-58.37723
Buenos Aires,2016,1,0.0,1.0,0.0,-34.61315,-58.37723
Buenos Aires,2022,1,0.0,1.0,0.0,-34.61315,-58.37723
Buffalo,2017,1,0.0,1.0,0.0,44.35514,-106.65949
Burlington,2005,1,0.0,0.0,1.0,42.4979,-71.22148
Burlington,2017,1,0.0,1.0,0.0,42.4979,-71.22148
Burlington,2023,1,0.0,1.0,0.0,42.4979,-71.22148
Burnaby,2004,1,1.0,0.0,0.0,49.19106,-122.99426
Burnaby,2018,1,0.0,1.0,0.0,49.19106,-122.99426
Burnaby,2020,2,0.0,0.0,2.0,49.19106,-122.99426
Burnaby,2021,1,0.0,0.0,1.0,49.19106,-122.99426
Burwood,2017,1,0.0,0.0,1.0,-37.84978,145.119
Burwood,2019,1,0.0,1.0,0.0,-37.84978,145.119
Burwood,2020,1,0.0,1.0,0.0,-37.84978,145.119
Burwood,2023,2,1.0,1.0,0.0,-37.84978,145.119
Cairo,2020,1,0.0,0.0,1.0,30.056013,31.229746
Calgary,2008,1,0.0,0.0,1.0,51.086365,-114.009
Calgary,2012,1,0.0,0.0,1.0,51.086365,-114.009
Calgary,2013,2,2.0,0.0,0.0,51.086365,-114.009
Calgary,2016,1,0.0,0.0,1.0,51.086365,-114.009
Calgary,2017,1,0.0,1.0,0.0,51.086365,-114.009
Calgary,2019,1,1.0,0.0,0.0,51.086365,-114.009
Calgary,2020,7,5.0,0.0,2.0,51.086365,-114.009
Calgary,2021,4,3.0,0.0,1.0,51.086365,-114.009
Calgary,2023,1,1.0,0.0,0.0,51.086365,-114.009
California,1995,1,0.0,0.0,1.0,38.311832,-76.53798
California,2009,1,1.0,0.0,0.0,38.311832,-76.53798
California,2020,1,0.0,0.0,1.0,38.311832,-76.53798
Cambridge,1970,1,0.0,1.0,0.0,52.20877,0.148915
Cambridge,1977,1,0.0,1.0,0.0,52.20877,0.148915
Cambridge,1980,1,1.0,0.0,0.0,52.20877,0.148915
Cambridge,1981,1,0.0,1.0,0.0,52.20877,0.148915
Cambridge,1993,1,0.0,1.0,0.0,52.20877,0.148915
Cambridge,1996,1,1.0,0.0,0.0,52.20877,0.148915
Cambridge,1997,3,0.0,2.0,1.0,52.20877,0.148915
Cambridge,1998,1,0.0,1.0,0.0,52.20877,0.148915
Cambridge,1999,1,1.0,0.0,0.0,52.20877,0.148915
Cambridge,2000,1,1.0,0.0,0.0,52.20877,0.148915
Cambridge,2001,1,0.0,1.0,0.0,52.20877,0.148915
Cambridge,2003,2,0.0,2.0,0.0,52.20877,0.148915
Cambridge,2006,1,0.0,0.0,1.0,52.20877,0.148915
Cambridge,2008,2,1.0,0.0,1.0,52.20877,0.148915
Cambridge,2010,4,0.0,0.0,4.0,52.20877,0.148915
Cambridge,2011,2,1.0,1.0,0.0,52.20877,0.148915
Cambridge,2012,1,0.0,1.0,0.0,52.20877,0.148915
Cambridge,2013,1,0.0,0.0,1.0,52.20877,0.148915
Cambridge,2015,1,0.0,0.0,1.0,52.20877,0.148915
Cambridge,2016,3,0.0,1.0,2.0,52.20877,0.148915
Cambridge,2017,3,0.0,3.0,0.0,52.20877,0.148915
Cambridge,2018,7,3.0,2.0,2.0,52.20877,0.148915
Cambridge,2019,5,2.0,1.0,2.0,52.20877,0.148915
Cambridge,2020,3,0.0,0.0,3.0,52.20877,0.148915
Cambridge,2021,5,0.0,3.0,2.0,52.20877,0.148915
Campinas,1998,1,0.0,1.0,0.0,-22.832014,-47.07766
Campinas,2013,1,0.0,1.0,0.0,-22.832014,-47.07766
Canberra,1992,1,0.0,1.0,0.0,-35.322845,149.09682
Canberra,1998,1,0.0,0.0,1.0,-35.322845,149.09682
Canberra,2000,2,1.0,1.0,0.0,-35.322845,149.09682
Canberra,2001,1,0.0,1.0,0.0,-35.322845,149.09682
Canberra,2007,1,0.0,1.0,0.0,-35.322845,149.09682
Canberra,2009,1,0.0,1.0,0.0,-35.322845,149.09682
Canberra,2018,2,0.0,1.0,1.0,-35.322845,149.09682
Canberra,2019,1,1.0,0.0,0.0,-35.322845,149.09682
Canberra,2020,1,0.0,0.0,1.0,-35.322845,149.09682
Canberra,2021,1,0.0,0.0,1.0,-35.322845,149.09682
Canberra,2022,2,0.0,1.0,1.0,-35.322845,149.09682
Canberra,2023,1,0.0,1.0,0.0,-35.322845,149.09682
Canterbury,2008,1,0.0,1.0,0.0,51.281925,1.077419
Canterbury,2015,1,0.0,1.0,0.0,51.281925,1.077419
Cape Town,2001,1,0.0,1.0,0.0,-33.935123,18.460941
Caracas,2020,1,0.0,1.0,0.0,10.49724,-66.844086
Cardiff,2013,1,0.0,0.0,1.0,51.480923,-3.180977
Cardiff,2021,1,0.0,0.0,1.0,51.480923,-3.180977
Cardiff,2023,1,0.0,0.0,1.0,51.480923,-3.180977
Carlow,2012,1,0.0,0.0,1.0,52.839752,-6.931281
Carlow,2015,1,0.0,0.0,1.0,52.839752,-6.931281
Cassino,2009,1,1.0,0.0,0.0,41.48581,13.82835
Cassino,2022,1,0.0,1.0,0.0,41.48581,13.82835
Castellon,2012,1,1.0,0.0,0.0,39.98567,-0.04935
Celje,2022,1,0.0,0.0,1.0,46.23568,15.278768
Cerdanyola del Vallès,2000,1,0.0,1.0,0.0,41.489445,2.125722
Cerdanyola del Vallès,2004,1,0.0,1.0,0.0,41.489445,2.125722
Cerdanyola del Vallès,2009,1,0.0,1.0,0.0,41.489445,2.125722
Cerdanyola del Vallès,2010,2,2.0,0.0,0.0,41.489445,2.125722
Cerdanyola del Vallès,2011,1,0.0,1.0,0.0,41.489445,2.125722
Cerdanyola del Vallès,2012,2,2.0,0.0,0.0,41.489445,2.125722
Cerdanyola del Vallès,2013,2,1.0,1.0,0.0,41.489445,2.125722
Cerdanyola del Vallès,2014,1,0.0,0.0,1.0,41.489445,2.125722
Cerdanyola del Vallès,2018,1,0.0,1.0,0.0,41.489445,2.125722
Cerdanyola del Vallès,2019,1,0.0,0.0,1.0,41.489445,2.125722
Cerdanyola del Vallès,2023,1,0.0,1.0,0.0,41.489445,2.125722
Cergy-Pontoise,2022,1,0.0,0.0,1.0,49.03894,2.07805
Champs-sur-Marne,2016,1,1.0,0.0,0.0,48.85,2.6
Champs-sur-Marne,2021,1,0.0,1.0,0.0,48.85,2.6
Changchun,2021,1,1.0,0.0,0.0,43.88,125.32278
Changsha,2001,1,0.0,1.0,0.0,28.19874,112.97087
Changsha,2006,1,0.0,1.0,0.0,28.19874,112.97087
Changsha,2008,1,0.0,1.0,0.0,28.19874,112.97087
Chapel Hill,2002,1,0.0,0.0,1.0,35.959187,-79.0528
Chapel Hill,2011,2,0.0,2.0,0.0,35.959187,-79.0528
Chapel Hill,2017,1,0.0,0.0,1.0,35.959187,-79.0528
Chapel Hill,2018,1,1.0,0.0,0.0,35.959187,-79.0528
Chapel Hill,2019,1,0.0,1.0,0.0,35.959187,-79.0528
Charlottesville,1980,1,0.0,1.0,0.0,38.024952,-78.48061
Chengdu,2009,1,0.0,1.0,0.0,30.66667,104.06667
Chengdu,2010,1,0.0,1.0,0.0,30.66667,104.06667
Cheongju-si,2015,1,0.0,1.0,0.0,36.63045,127.49476
Cheongju-si,2023,1,0.0,1.0,0.0,36.63045,127.49476
Cherkasy,2018,1,0.0,0.0,1.0,48.792774,30.51307
Chicago,1973,1,0.0,1.0,0.0,41.882423,-87.82521
Chicago,1990,1,0.0,1.0,0.0,41.882423,-87.82521
Chicago,1995,1,1.0,0.0,0.0,41.882423,-87.82521
Chicago,2002,1,1.0,0.0,0.0,41.882423,-87.82521
Chicago,2010,1,0.0,1.0,0.0,41.882423,-87.82521
Chicago,2011,1,0.0,1.0,0.0,41.882423,-87.82521
Chicago,2018,4,0.0,1.0,3.0,41.882423,-87.82521
Chicago,2019,1,0.0,0.0,1.0,41.882423,-87.82521
Chicago,2021,2,1.0,0.0,1.0,41.882423,-87.82521
Chicopee,2019,1,0.0,1.0,0.0,42.14167,-72.600555
Chongqing,2006,1,0.0,1.0,0.0,29.403362,105.62766
Chongqing,2009,1,0.0,1.0,0.0,29.403362,105.62766
Ciechanów,2017,1,0.0,1.0,0.0,52.88101,20.604074
Cincinnati,2001,1,0.0,1.0,0.0,39.11588,-84.50586
Ciudad Real,2019,1,0.0,0.0,1.0,39.172573,-3.855136
Claremont,2022,1,0.0,1.0,0.0,34.109688,-117.71771
Clayton,2024,1,0.0,1.0,0.0,-37.942932,145.11781
Clermont-Ferrand,2021,1,0.0,0.0,1.0,45.78072,3.083174
Cleveland,2018,1,0.0,1.0,0.0,41.496735,-81.674644
Cleveland,2021,2,0.0,2.0,0.0,41.496735,-81.674644
Cleveland,2022,1,1.0,0.0,0.0,41.496735,-81.674644
Colchester,1976,1,0.0,0.0,1.0,51.894295,0.896368
Colchester,1987,1,0.0,1.0,0.0,51.894295,0.896368
Colchester,1994,1,0.0,0.0,1.0,51.894295,0.896368
Colchester,1998,1,0.0,1.0,0.0,51.894295,0.896368
Colchester,2009,1,0.0,0.0,1.0,51.894295,0.896368
Colchester,2012,1,0.0,0.0,1.0,51.894295,0.896368
Colchester,2015,1,1.0,0.0,0.0,51.894295,0.896368
Colchester,2017,1,0.0,0.0,1.0,51.894295,0.896368
Colchester,2023,2,0.0,0.0,2.0,51.894295,0.896368
Colchester,2024,1,0.0,0.0,1.0,51.894295,0.896368
Cologne,2000,2,0.0,2.0,0.0,50.940853,6.935017
Cologne,2008,1,1.0,0.0,0.0,50.940853,6.935017
Cologne,2009,1,0.0,0.0,1.0,50.940853,6.935017
Cologne,2022,1,0.0,1.0,0.0,50.940853,6.935017
Columbia,1986,1,0.0,1.0,0.0,38.951557,-92.33937
Columbus,2007,1,0.0,1.0,0.0,32.464695,-84.992874
Columbus,2019,2,0.0,1.0,1.0,32.464695,-84.992874
Concepción del Uruguay,2024,1,0.0,1.0,0.0,-32.48463,-58.23217
Copenhagen,1999,1,0.0,0.0,1.0,55.676647,12.576498
Copenhagen,2006,1,0.0,1.0,0.0,55.676647,12.576498
Copenhagen,2008,1,0.0,0.0,1.0,55.676647,12.576498
Copenhagen,2019,1,0.0,0.0,1.0,55.676647,12.576498
Copenhagen,2022,1,0.0,0.0,1.0,55.676647,12.576498
Coral Gables,1986,2,0.0,0.0,2.0,25.706146,-80.28527
Coral Gables,2011,1,0.0,0.0,1.0,25.706146,-80.28527
Coral Gables,2014,1,0.0,0.0,1.0,25.706146,-80.28527
Coral Gables,2019,1,0.0,1.0,0.0,25.706146,-80.28527
Corpus Christi,2020,1,1.0,0.0,0.0,27.793016,-97.3991
Corpus Christi,2023,1,1.0,0.0,0.0,27.793016,-97.3991
Cottbus,2010,1,0.0,1.0,0.0,51.75769,14.32888
Coventry,1999,1,0.0,1.0,0.0,52.408924,-1.520425
Coventry,2000,1,0.0,1.0,0.0,52.408924,-1.520425
Coventry,2006,1,0.0,0.0,1.0,52.408924,-1.520425
Coventry,2022,1,0.0,0.0,1.0,52.408924,-1.520425
Covilha,2020,1,0.0,0.0,1.0,40.28106,-7.50504
Curitiba,2022,1,0.0,1.0,0.0,-25.504316,-49.25649
Curitiba,2023,1,0.0,0.0,1.0,-25.504316,-49.25649
Córdoba,2018,1,0.0,0.0,1.0,18.8842,-96.92559
Dalian,2022,1,0.0,1.0,0.0,38.91222,121.60222
Davis,1992,1,0.0,0.0,1.0,38.541515,-121.83561
Davis,2012,1,0.0,0.0,1.0,38.541515,-121.83561
Davis,2013,1,0.0,1.0,0.0,38.541515,-121.83561
Dearborn,2013,1,0.0,0.0,1.0,42.298893,-83.265755
Delhi,2018,1,0.0,0.0,1.0,42.29926,-74.88918
Denver,2003,1,0.0,0.0,1.0,39.73915,-104.9847
Denver,2005,1,0.0,0.0,1.0,39.73915,-104.9847
Denver,2020,1,0.0,0.0,1.0,39.73915,-104.9847
Depok,2022,1,1.0,0.0,0.0,-6.4,106.81861
Dhaka,2006,1,0.0,1.0,0.0,23.82945,90.41947
Dire Dawa,2022,1,0.0,0.0,1.0,9.425,42.033333
Dnipro,2018,1,0.0,0.0,1.0,48.46664,35.04066
Doha,2013,2,0.0,2.0,0.0,25.169687,51.435738
Doha,2017,1,0.0,1.0,0.0,25.169687,51.435738
Doha,2018,13,0.0,13.0,0.0,25.169687,51.435738
Doha,2019,2,0.0,2.0,0.0,25.169687,51.435738
Doha,2021,1,0.0,0.0,1.0,25.169687,51.435738
Doha,2023,2,0.0,2.0,0.0,25.169687,51.435738
Doha,2024,2,0.0,1.0,1.0,25.169687,51.435738
Dortmund,2021,1,0.0,0.0,1.0,51.52925,7.629641
Dublin,1997,1,0.0,0.0,1.0,53.338787,-6.249923
Dublin,2004,1,0.0,0.0,1.0,53.338787,-6.249923
Dublin,2006,1,0.0,0.0,1.0,53.338787,-6.249923
Dublin,2007,1,0.0,0.0,1.0,53.338787,-6.249923
Dublin,2013,1,1.0,0.0,0.0,53.338787,-6.249923
Dublin,2022,2,0.0,1.0,1.0,53.338787,-6.249923
Dublin,2023,1,0.0,1.0,0.0,53.338787,-6.249923
Dublin,2024,2,0.0,1.0,1.0,53.338787,-6.249923
Duluth,2021,1,0.0,0.0,1.0,46.781055,-92.10417
Duluth,2023,1,0.0,0.0,1.0,46.781055,-92.10417
Dunedin,2017,1,0.0,1.0,0.0,-45.87416,170.50362
Durban,2006,1,1.0,0.0,0.0,-29.833725,30.836145
Durban,2013,1,0.0,1.0,0.0,-29.833725,30.836145
Durban,2022,1,0.0,0.0,1.0,-29.833725,30.836145
Durham,1978,1,0.0,1.0,0.0,37.504765,-122.25954
Durham,2012,1,0.0,0.0,1.0,37.504765,-122.25954
Durham,2018,1,0.0,1.0,0.0,37.504765,-122.25954
Durham,2020,1,0.0,1.0,0.0,37.504765,-122.25954
Durham,2023,1,0.0,0.0,1.0,37.504765,-122.25954
Durrës,2020,1,1.0,0.0,0.0,41.31442,19.434029
Dushanbe,2021,1,0.0,1.0,0.0,38.56809,68.79061
East Lansing,1998,1,0.0,0.0,1.0,42.759193,-84.48268
East Lansing,2021,1,0.0,0.0,1.0,42.759193,-84.48268
Edinburgh,2011,1,1.0,0.0,0.0,55.956337,-3.198537
Edinburgh,2012,1,0.0,1.0,0.0,55.956337,-3.198537
Edinburgh,2018,2,0.0,0.0,2.0,55.956337,-3.198537
Edinburgh,2021,1,0.0,0.0,1.0,55.956337,-3.198537
Edinburgh,2023,2,0.0,0.0,2.0,55.956337,-3.198537
Edmonton,2009,1,0.0,0.0,1.0,53.570454,-113.548485
Edmonton,2012,1,0.0,0.0,1.0,53.570454,-113.548485
Edmonton,2017,3,1.0,1.0,1.0,53.570454,-113.548485
Edmonton,2018,1,0.0,1.0,0.0,53.570454,-113.548485
Edmonton,2021,2,1.0,0.0,1.0,53.570454,-113.548485
Egham,2005,1,0.0,1.0,0.0,51.430984,-0.546643
Egham,2017,1,0.0,1.0,0.0,51.430984,-0.546643
Eichstätt,2016,7,0.0,7.0,0.0,48.88854,11.19675
Eindhoven,1996,1,0.0,1.0,0.0,51.443462,5.441618
Elon,2010,1,0.0,1.0,0.0,36.10513,-79.50437
Erding,2024,1,0.0,0.0,1.0,48.325134,11.923687
Erlangen,2013,1,0.0,0.0,1.0,49.571426,11.003681
Esch-sur-Alzette,2017,1,1.0,0.0,0.0,49.494232,5.966697
Esch-sur-Alzette,2018,2,0.0,0.0,2.0,49.494232,5.966697
Espoo,2020,1,0.0,0.0,1.0,60.287903,24.953943
Essen,2009,1,0.0,1.0,0.0,51.408646,6.979386
Essen,2020,1,0.0,1.0,0.0,51.408646,6.979386
Eugene,2020,1,0.0,1.0,0.0,44.04273,-123.0917
Evanston,2003,1,0.0,1.0,0.0,42.05038,-87.68427
Evanston,2012,1,0.0,0.0,1.0,42.05038,-87.68427
Evanston,2019,1,0.0,0.0,1.0,42.05038,-87.68427
Evora,2020,1,0.0,0.0,1.0,38.573338,-7.912386
Exeter,1998,2,1.0,1.0,0.0,50.72288,-3.532095
Exeter,2010,1,0.0,1.0,0.0,50.72288,-3.532095
Exeter,2018,1,0.0,0.0,1.0,50.72288,-3.532095
Exeter,2021,1,0.0,0.0,1.0,50.72288,-3.532095
Fairfax,1993,1,0.0,1.0,0.0,38.8614,-77.38173
Fairfax,1997,1,0.0,1.0,0.0,38.8614,-77.38173
Fairfax,2007,1,0.0,1.0,0.0,38.8614,-77.38173
Fairfax,2008,1,0.0,1.0,0.0,38.8614,-77.38173
Fairfax,2009,1,0.0,1.0,0.0,38.8614,-77.38173
Fairfax,2012,1,0.0,0.0,1.0,38.8614,-77.38173
Fairfax,2013,1,0.0,0.0,1.0,38.8614,-77.38173
Fairfax,2021,1,1.0,0.0,0.0,38.8614,-77.38173
Fitzroy,2005,1,0.0,0.0,1.0,-37.803143,144.97675
Fitzroy,2019,1,0.0,0.0,1.0,-37.803143,144.97675
Flagstaff,1995,1,0.0,1.0,0.0,35.16067,-111.73083
Flensburg,2021,1,0.0,1.0,0.0,54.79195,9.431058
Florence,2001,1,1.0,0.0,0.0,43.76649,11.23912
Florence,2009,1,0.0,1.0,0.0,43.76649,11.23912
Florence,2021,1,0.0,1.0,0.0,43.76649,11.23912
Florence,2022,1,0.0,0.0,1.0,43.76649,11.23912
Florianópolis,2020,1,0.0,1.0,0.0,-27.61455,-48.50116
Fort Collins,2004,1,0.0,1.0,0.0,40.59751,-105.07191
Fort Worth,2021,1,0.0,0.0,1.0,32.747887,-97.36853
Fort Worth,2023,1,0.0,0.0,1.0,32.747887,-97.36853
Frankfurt (Oder),2015,1,0.0,0.0,1.0,52.31772,14.492871
Frankfurt am Main,2002,1,0.0,0.0,1.0,50.079533,8.633199
Frankfurt am Main,2016,1,0.0,1.0,0.0,50.079533,8.633199
Frankfurt am Main,2018,1,0.0,0.0,1.0,50.079533,8.633199
Freiburg im Breisgau,1997,1,1.0,0.0,0.0,47.9959,7.85222
Freiburg im Breisgau,1999,1,0.0,1.0,0.0,47.9959,7.85222
Freiburg im Breisgau,2006,1,0.0,1.0,0.0,47.9959,7.85222
Freiburg im Breisgau,2015,2,0.0,2.0,0.0,47.9959,7.85222
Freiburg im Breisgau,2017,1,0.0,1.0,0.0,47.9959,7.85222
Freiburg im Breisgau,2018,1,1.0,0.0,0.0,47.9959,7.85222
Freiburg im Breisgau,2019,1,0.0,0.0,1.0,47.9959,7.85222
Freiburg im Breisgau,2021,2,1.0,0.0,1.0,47.9959,7.85222
Freiburg im Breisgau,2023,4,0.0,0.0,4.0,47.9959,7.85222
Fresno,2021,1,1.0,0.0,0.0,36.75003,-119.71082
Fullerton,2012,1,0.0,1.0,0.0,33.882927,-117.88692
Galloway,2008,1,1.0,0.0,0.0,39.48788,-74.47598
Galway,2010,1,0.0,0.0,1.0,53.286034,-9.026707
Galway,2014,1,0.0,1.0,0.0,53.286034,-9.026707
Galway,2016,1,0.0,1.0,0.0,53.286034,-9.026707
Galway,2021,1,0.0,1.0,0.0,53.286034,-9.026707
Gatineau,2012,1,0.0,0.0,1.0,45.431316,-75.71139
Gdynia,2020,1,0.0,1.0,0.0,54.521175,18.532791
Geneva,1997,1,1.0,0.0,0.0,42.85953,-76.985275
Geneva,2008,1,0.0,0.0,1.0,42.85953,-76.985275
Geneva,2016,2,0.0,2.0,0.0,42.85953,-76.985275
Geneva,2018,1,0.0,0.0,1.0,42.85953,-76.985275
Geneva,2019,1,0.0,1.0,0.0,42.85953,-76.985275
Geneva,2020,1,0.0,1.0,0.0,42.85953,-76.985275
Geneva,2021,1,0.0,0.0,1.0,42.85953,-76.985275
Geneva,2022,1,0.0,1.0,0.0,42.85953,-76.985275
Geneva,2023,1,0.0,0.0,1.0,42.85953,-76.985275
Ghent,2004,1,0.0,0.0,1.0,51.0546,3.715635
Ghent,2016,1,0.0,0.0,1.0,51.0546,3.715635
Ghent,2022,1,0.0,0.0,1.0,51.0546,3.715635
Girona,2023,1,0.0,0.0,1.0,41.90321,2.80897
Glasgow,2003,1,0.0,1.0,0.0,55.849052,-4.257922
Glasgow,2007,1,0.0,1.0,0.0,55.849052,-4.257922
Glasgow,2013,2,0.0,2.0,0.0,55.849052,-4.257922
Glasgow,2016,1,0.0,0.0,1.0,55.849052,-4.257922
Glasgow,2018,2,0.0,1.0,1.0,55.849052,-4.257922
Glasgow,2020,2,0.0,1.0,1.0,55.849052,-4.257922
Glasgow,2021,1,0.0,0.0,1.0,55.849052,-4.257922
Glasgow,2022,2,0.0,0.0,2.0,55.849052,-4.257922
Glasgow,2023,4,0.0,1.0,3.0,55.849052,-4.257922
Glasgow,2024,2,0.0,0.0,2.0,55.849052,-4.257922
Glenrothes,2021,1,0.0,0.0,1.0,56.18664,-3.142051
Gongju,2024,1,0.0,0.0,1.0,36.45556,127.12472
Gothenburg,2016,1,0.0,1.0,0.0,57.70716,11.96679
Gothenburg,2023,1,0.0,0.0,1.0,57.70716,11.96679
Granville,2009,1,0.0,1.0,0.0,40.06812,-82.5196
Graz,2021,1,0.0,1.0,0.0,47.1524,15.325624
Graz,2022,1,0.0,1.0,0.0,47.1524,15.325624
Great Barrington,2021,1,0.0,0.0,1.0,42.194996,-73.36219
Great Barrington,2022,4,0.0,0.0,4.0,42.194996,-73.36219
Greensboro,2023,1,0.0,0.0,1.0,36.066467,-79.789055
Greenville,1999,1,0.0,1.0,0.0,34.827343,-82.27495
Grenoble,2019,1,0.0,0.0,1.0,45.188118,5.709307
Grenoble,2021,1,0.0,1.0,0.0,45.188118,5.709307
Groningen,2016,1,0.0,1.0,0.0,53.242725,6.532266
Groningen,2022,1,1.0,0.0,0.0,53.242725,6.532266
Guangzhou,2010,1,0.0,1.0,0.0,23.11667,113.25
Guangzhou,2020,1,0.0,1.0,0.0,23.11667,113.25
Guildford,2019,1,0.0,1.0,0.0,51.21603,-0.580404
Gyeongsan-si,2023,1,0.0,1.0,0.0,35.837772,128.7542
Gödöllő,2018,2,1.0,1.0,0.0,47.601353,19.35803
Haifa,2010,1,0.0,1.0,0.0,32.795864,34.989136
Hakodate,2019,1,0.0,1.0,0.0,41.801556,140.76292
Halifax,2023,1,0.0,1.0,0.0,44.656193,-63.57597
Hamburg,1989,1,0.0,1.0,0.0,53.556694,9.985891
Hamburg,1990,1,0.0,1.0,0.0,53.556694,9.985891
Hamburg,2003,1,0.0,1.0,0.0,53.556694,9.985891
Hamburg,2017,1,0.0,1.0,0.0,53.556694,9.985891
Hamburg,2018,1,0.0,0.0,1.0,53.556694,9.985891
Hamburg,2020,1,0.0,0.0,1.0,53.556694,9.985891
Hamilton,2003,2,0.0,0.0,2.0,39.3995,-84.56134
Hamilton,2016,1,0.0,1.0,0.0,39.3995,-84.56134
Hamilton,2018,1,0.0,0.0,1.0,39.3995,-84.56134
Hamilton,2020,2,1.0,0.0,1.0,39.3995,-84.56134
Hamilton,2021,2,0.0,0.0,2.0,39.3995,-84.56134
Hamilton,2022,1,0.0,0.0,1.0,39.3995,-84.56134
Harbin,2007,1,0.0,1.0,0.0,45.727554,126.61475
Harbin,2009,1,0.0,1.0,0.0,45.727554,126.61475
Haridwar,2023,1,1.0,0.0,0.0,29.951227,78.15859
Harrisonburg,2020,1,0.0,0.0,1.0,38.44957,-78.86892
Hatfield,2000,2,0.0,2.0,0.0,42.379242,-72.596245
Hatfield,2019,1,0.0,0.0,1.0,42.379242,-72.596245
Hattiesburg,2002,1,0.0,1.0,0.0,31.325478,-89.295784
Heidelberg,2018,1,0.0,1.0,0.0,49.384857,8.710788
Heidelberg,2020,1,0.0,0.0,1.0,49.384857,8.710788
Helena,2018,1,0.0,1.0,0.0,46.59271,-112.03611
Helsinki,1997,1,0.0,1.0,0.0,60.16952,24.93545
Helsinki,2009,1,1.0,0.0,0.0,60.16952,24.93545
Helsinki,2013,1,0.0,1.0,0.0,60.16952,24.93545
Helsinki,2014,1,0.0,0.0,1.0,60.16952,24.93545
Helsinki,2016,2,0.0,2.0,0.0,60.16952,24.93545
Helsinki,2017,3,0.0,2.0,1.0,60.16952,24.93545
Helsinki,2018,5,1.0,3.0,1.0,60.16952,24.93545
Helsinki,2019,3,0.0,1.0,2.0,60.16952,24.93545
Helsinki,2020,3,0.0,0.0,3.0,60.16952,24.93545
Helsinki,2021,2,1.0,0.0,1.0,60.16952,24.93545
Helsinki,2022,5,2.0,1.0,2.0,60.16952,24.93545
Helsinki,2023,2,0.0,0.0,2.0,60.16952,24.93545
Hermosillo,2022,1,0.0,0.0,1.0,29.1026,-110.97732
Herzliya,2022,1,0.0,0.0,1.0,32.16593,34.810993
Hiroshima,1988,1,0.0,1.0,0.0,34.378746,132.45392
Hoboken,2009,1,0.0,1.0,0.0,40.738377,-74.030304
Hong Kong,1983,1,0.0,1.0,0.0,22.312012,114.2204
Hong Kong,1988,2,1.0,1.0,0.0,22.312012,114.2204
Hong Kong,1989,1,0.0,1.0,0.0,22.312012,114.2204
Hong Kong,1994,1,0.0,1.0,0.0,22.312012,114.2204
Hong Kong,1995,1,0.0,0.0,1.0,22.312012,114.2204
Hong Kong,2006,1,0.0,0.0,1.0,22.312012,114.2204
Hong Kong,2015,1,0.0,0.0,1.0,22.312012,114.2204
Houston,2020,1,0.0,0.0,1.0,29.74842,-95.47086
Huddinge,2019,1,0.0,1.0,0.0,59.220753,17.94046
Huddinge,2023,1,0.0,1.0,0.0,59.220753,17.94046
Huelva,2020,1,1.0,0.0,0.0,37.272224,-6.919703
Huelva,2023,1,1.0,0.0,0.0,37.272224,-6.919703
Hyderabad,2017,1,0.0,1.0,0.0,17.451864,78.33032
Ijuí,2021,1,0.0,1.0,0.0,-27.433207,-53.936775
Indianapolis,2005,1,0.0,1.0,0.0,39.82693,-86.155975
Innsbruck,2012,1,0.0,0.0,1.0,47.25203,11.401422
Ioannina,2021,1,1.0,0.0,0.0,39.66486,20.85189
Irkutsk,2023,2,1.0,0.0,1.0,52.28505,104.28806
Irpin,2019,1,0.0,1.0,0.0,50.52175,30.25055
Irvine,2024,2,0.0,1.0,1.0,33.641647,-117.72272
Istanbul,2012,1,1.0,0.0,0.0,40.8219,29.289589
Istanbul,2019,1,0.0,1.0,0.0,40.8219,29.289589
Istanbul,2020,1,0.0,0.0,1.0,40.8219,29.289589
Istanbul,2021,1,1.0,0.0,0.0,40.8219,29.289589
Ithaca,1998,1,0.0,0.0,1.0,42.47613,-76.46511
Ithaca,2005,1,0.0,0.0,1.0,42.47613,-76.46511
Ithaca,2013,1,1.0,0.0,0.0,42.47613,-76.46511
Ithaca,2017,1,0.0,0.0,1.0,42.47613,-76.46511
Ithaca,2020,1,0.0,1.0,0.0,42.47613,-76.46511
Jaffna,2023,1,0.0,0.0,1.0,9.66845,80.00742
Jena,2008,1,0.0,1.0,0.0,50.916397,11.565207
Jena,2021,2,0.0,2.0,0.0,50.916397,11.565207
Jena,2022,1,0.0,0.0,1.0,50.916397,11.565207
Jerusalem,1976,1,1.0,0.0,0.0,31.769392,35.21243
Jerusalem,2000,1,1.0,0.0,0.0,31.769392,35.21243
Jerusalem,2008,1,1.0,0.0,0.0,31.769392,35.21243
Jerusalem,2020,1,1.0,0.0,0.0,31.769392,35.21243
Jinan,2013,1,0.0,1.0,0.0,36.66833,116.99722
Jiujiang,2002,1,0.0,1.0,0.0,29.276892,115.7225
Johannesburg,2008,1,0.0,1.0,0.0,-26.133308,28.046228
Johannesburg,2015,1,0.0,1.0,0.0,-26.133308,28.046228
Johannesburg,2020,1,0.0,1.0,0.0,-26.133308,28.046228
Johannesburg,2021,2,0.0,1.0,1.0,-26.133308,28.046228
Jyvaskyla,1998,1,0.0,0.0,1.0,62.240932,25.758507
Jyvaskyla,2016,1,0.0,1.0,0.0,62.240932,25.758507
Jyvaskyla,2018,1,0.0,0.0,1.0,62.240932,25.758507
Jyvaskyla,2019,1,1.0,0.0,0.0,62.240932,25.758507
Jönköping,2019,1,0.0,1.0,0.0,57.779327,14.159006
Kampala,2024,1,0.0,1.0,0.0,0.292502,32.60626
Kansas City,2005,1,0.0,0.0,1.0,39.063828,-94.527824
Kenilworth,2019,1,0.0,0.0,1.0,52.343914,-1.502573
Keynsham,2012,1,0.0,1.0,0.0,51.413345,-2.49774
Kiel,2014,1,0.0,0.0,1.0,54.31891,10.130168
Kiel,2020,1,0.0,0.0,1.0,54.31891,10.130168
Kielce,2018,1,0.0,1.0,0.0,50.904125,20.63859
Kielce,2019,1,0.0,1.0,0.0,50.904125,20.63859
Kingston,2007,1,0.0,1.0,0.0,44.242184,-76.48082
Kingston,2012,1,0.0,1.0,0.0,44.242184,-76.48082
Kingston,2015,1,0.0,1.0,0.0,44.242184,-76.48082
Kingston,2017,2,0.0,2.0,0.0,44.242184,-76.48082
Kingston,2018,2,0.0,0.0,2.0,44.242184,-76.48082
Kingston,2019,3,0.0,3.0,0.0,44.242184,-76.48082
Kingston,2020,1,0.0,1.0,0.0,44.242184,-76.48082
Kingston,2021,1,0.0,0.0,1.0,44.242184,-76.48082
Kingston,2024,1,0.0,0.0,1.0,44.242184,-76.48082
Klagenfurt,2011,1,0.0,0.0,1.0,46.62472,14.30528
Klagenfurt,2012,1,0.0,0.0,1.0,46.62472,14.30528
Knoxville,2015,1,0.0,1.0,0.0,35.92793,-84.002594
Knoxville,2020,1,0.0,0.0,1.0,35.92793,-84.002594
Koblenz,2014,1,0.0,0.0,1.0,50.366547,7.576487
Koblenz,2024,1,0.0,1.0,0.0,50.366547,7.576487
Kolkata,2018,1,0.0,1.0,0.0,22.519432,88.36177
Kongsberg,2021,1,0.0,0.0,1.0,59.675488,9.641017
Konstanz,2013,1,0.0,0.0,1.0,47.672295,9.15606
Konstanz,2014,2,0.0,0.0,2.0,47.672295,9.15606
Konstanz,2019,1,0.0,0.0,1.0,47.672295,9.15606
Konstanz,2021,1,1.0,0.0,0.0,47.672295,9.15606
Koper,2022,1,0.0,0.0,1.0,45.52974,13.738098
Kragujevac,2023,1,0.0,1.0,0.0,44.01667,20.91667
Krakow,2020,1,0.0,1.0,0.0,50.06481,19.95299
Krakow,2021,1,0.0,1.0,0.0,50.06481,19.95299
Kristiansand,2017,1,0.0,1.0,0.0,58.16053,8.04267
Kunming,2014,1,0.0,1.0,0.0,25.041313,102.69134
Kuwait City,1986,1,0.0,0.0,1.0,29.306534,47.908085
Kyiv,2016,1,0.0,1.0,0.0,50.436916,30.532509
Kyoto,2018,2,0.0,1.0,1.0,34.97006,135.7654
Kyoto,2019,1,0.0,0.0,1.0,34.97006,135.7654
Kyoto,2021,1,0.0,1.0,0.0,34.97006,135.7654
Kyoto,2022,2,0.0,2.0,0.0,34.97006,135.7654
Kyoto,2023,1,0.0,0.0,1.0,34.97006,135.7654
La Plata,2012,1,0.0,0.0,1.0,-34.92145,-57.95453
La Verne,2018,2,0.0,2.0,0.0,34.103443,-117.78992
La Verne,2020,1,0.0,1.0,0.0,34.103443,-117.78992
La Verne,2021,1,0.0,1.0,0.0,34.103443,-117.78992
La Verne,2024,1,0.0,0.0,1.0,34.103443,-117.78992
Lancaster,2002,1,1.0,0.0,0.0,40.053997,-76.234665
Lancaster,2017,1,0.0,1.0,0.0,40.053997,-76.234665
Lancaster,2018,2,1.0,1.0,0.0,40.053997,-76.234665
Lancaster,2019,1,1.0,0.0,0.0,40.053997,-76.234665
Lancaster,2021,3,1.0,0.0,2.0,40.053997,-76.234665
Lancaster,2022,1,0.0,0.0,1.0,40.053997,-76.234665
Lancaster,2023,1,0.0,1.0,0.0,40.053997,-76.234665
Las Cruces,2014,3,0.0,3.0,0.0,32.31232,-106.77834
Lausanne,2017,1,0.0,1.0,0.0,46.519283,6.629147
Lausanne,2023,1,0.0,0.0,1.0,46.519283,6.629147
Lawrence,1988,1,0.0,1.0,0.0,38.95165,-95.262955
Laxenburg,2003,1,0.0,1.0,0.0,48.055676,16.357899
Le Havre,2012,1,0.0,0.0,1.0,49.48908,0.122492
Lecce,2006,1,0.0,1.0,0.0,40.35126,18.164658
Leeds,1996,1,0.0,1.0,0.0,53.792553,-1.595627
Leeds,2005,2,1.0,1.0,0.0,53.792553,-1.595627
Leeds,2016,1,0.0,1.0,0.0,53.792553,-1.595627
Leeds,2018,2,0.0,2.0,0.0,53.792553,-1.595627
Leeds,2019,1,0.0,0.0,1.0,53.792553,-1.595627
Leeds,2021,1,0.0,1.0,0.0,53.792553,-1.595627
Leeds,2022,1,0.0,0.0,1.0,53.792553,-1.595627
Leeds,2023,1,1.0,0.0,0.0,53.792553,-1.595627
Leicester,2012,2,0.0,0.0,2.0,52.6023,-1.19181
Leicester,2021,1,0.0,0.0,1.0,52.6023,-1.19181
Leiden,2016,1,1.0,0.0,0.0,52.16877,4.487487
Leiden,2017,1,0.0,0.0,1.0,52.16877,4.487487
Leioa,2014,2,2.0,0.0,0.0,43.32686,-2.98884
Leioa,2017,1,1.0,0.0,0.0,43.32686,-2.98884
Leioa,2018,1,1.0,0.0,0.0,43.32686,-2.98884
Leioa,2020,1,0.0,1.0,0.0,43.32686,-2.98884
Leioa,2023,1,1.0,0.0,0.0,43.32686,-2.98884
Leipzig,1998,1,0.0,1.0,0.0,51.320812,12.395898
Leipzig,1999,1,0.0,1.0,0.0,51.320812,12.395898
Leipzig,2014,1,0.0,1.0,0.0,51.320812,12.395898
Leipzig,2016,1,0.0,1.0,0.0,51.320812,12.395898
Leipzig,2017,1,0.0,0.0,1.0,51.320812,12.395898
Leipzig,2020,1,0.0,1.0,0.0,51.320812,12.395898
Leipzig,2021,1,0.0,0.0,1.0,51.320812,12.395898
Leipzig,2024,1,0.0,0.0,1.0,51.320812,12.395898
Lethbridge,2016,1,0.0,0.0,1.0,49.69288,-112.8473
Lethbridge,2017,1,0.0,0.0,1.0,49.69288,-112.8473
Leuven,2004,1,0.0,0.0,1.0,50.877975,4.696328
Leuven,2008,1,1.0,0.0,0.0,50.877975,4.696328
Leuven,2013,1,0.0,0.0,1.0,50.877975,4.696328
Leuven,2019,1,0.0,0.0,1.0,50.877975,4.696328
Leuven,2020,2,0.0,0.0,2.0,50.877975,4.696328
Leuven,2021,1,0.0,1.0,0.0,50.877975,4.696328
Leuven,2022,3,2.0,0.0,1.0,50.877975,4.696328
Leuven,2023,8,1.0,7.0,0.0,50.877975,4.696328
Leuven,2024,1,1.0,0.0,0.0,50.877975,4.696328
Lewes,1991,1,0.0,1.0,0.0,50.86739,-0.087964
Lexington,2011,2,0.0,2.0,0.0,38.036945,-84.50515
León,2020,1,0.0,0.0,1.0,21.125088,-101.660515
Lier,2007,1,0.0,0.0,1.0,51.150707,4.534913
Lille,2019,1,0.0,0.0,1.0,50.608463,3.0385928
Lille,2020,1,0.0,0.0,1.0,50.608463,3.0385928
Lima,2018,1,0.0,1.0,0.0,-12.04318,-77.02824
Limerick,2023,1,1.0,0.0,0.0,52.718586,-8.873474
Linköping,2020,1,0.0,0.0,1.0,58.393864,15.561066
Linz,2012,1,0.0,0.0,1.0,48.307564,14.288011
Lisbon,2018,1,0.0,0.0,1.0,38.733322,-9.15381
Lismore,2018,1,0.0,0.0,1.0,-28.81354,153.2773
Liverpool,2022,1,0.0,1.0,0.0,53.40238,-2.977693
Liverpool,2023,2,0.0,0.0,2.0,53.40238,-2.977693
Livingston,2020,1,0.0,0.0,1.0,55.887924,-3.418229
Liège,2016,1,0.0,0.0,1.0,50.647095,5.568724
Liège,2018,1,0.0,0.0,1.0,50.647095,5.568724
Liège,2022,1,0.0,0.0,1.0,50.647095,5.568724
Ljubljana,2015,1,0.0,1.0,0.0,45.54599,13.730602
Ljubljana,2017,1,0.0,1.0,0.0,45.54599,13.730602
Ljubljana,2019,1,0.0,1.0,0.0,45.54599,13.730602
Ljubljana,2020,1,0.0,0.0,1.0,45.54599,13.730602
Ljubljana,2021,1,0.0,1.0,0.0,45.54599,13.730602
Logan,1999,1,0.0,1.0,0.0,41.742165,-111.80906
London,1936,1,0.0,1.0,0.0,51.520943,-0.122017
London,1975,2,0.0,2.0,0.0,51.520943,-0.122017
London,1976,1,0.0,1.0,0.0,51.520943,-0.122017
London,1984,1,0.0,1.0,0.0,51.520943,-0.122017
London,1986,1,0.0,1.0,0.0,51.520943,-0.122017
London,1989,2,0.0,2.0,0.0,51.520943,-0.122017
London,1990,1,0.0,1.0,0.0,51.520943,-0.122017
London,1991,1,0.0,1.0,0.0,51.520943,-0.122017
London,1992,1,0.0,1.0,0.0,51.520943,-0.122017
London,1996,6,1.0,4.0,1.0,51.520943,-0.122017
London,1997,1,0.0,1.0,0.0,51.520943,-0.122017
London,1998,2,0.0,1.0,1.0,51.520943,-0.122017
London,1999,3,0.0,1.0,2.0,51.520943,-0.122017
London,2000,1,0.0,1.0,0.0,51.520943,-0.122017
London,2001,2,1.0,1.0,0.0,51.520943,-0.122017
London,2002,2,0.0,2.0,0.0,51.520943,-0.122017
London,2004,1,0.0,1.0,0.0,51.520943,-0.122017
London,2005,2,0.0,1.0,1.0,51.520943,-0.122017
London,2010,3,0.0,2.0,1.0,51.520943,-0.122017
London,2011,2,0.0,1.0,1.0,51.520943,-0.122017
London,2012,5,0.0,4.0,1.0,51.520943,-0.122017
London,2013,2,0.0,2.0,0.0,51.520943,-0.122017
London,2014,2,0.0,2.0,0.0,51.520943,-0.122017
London,2015,5,0.0,2.0,3.0,51.520943,-0.122017
London,2016,4,0.0,4.0,0.0,51.520943,-0.122017
London,2017,4,0.0,3.0,1.0,51.520943,-0.122017
London,2018,7,0.0,5.0,2.0,51.520943,-0.122017
London,2019,16,0.0,7.0,9.0,51.520943,-0.122017
London,2020,8,2.0,4.0,2.0,51.520943,-0.122017
London,2021,12,2.0,6.0,4.0,51.520943,-0.122017
London,2022,4,0.0,1.0,3.0,51.520943,-0.122017
London,2023,5,0.0,2.0,3.0,51.520943,-0.122017
London,2024,1,0.0,0.0,1.0,51.520943,-0.122017
Long Beach,2003,1,0.0,1.0,0.0,33.877895,-118.20415
Long Beach,2018,1,0.0,1.0,0.0,33.877895,-118.20415
Long Beach,2019,1,0.0,1.0,0.0,33.877895,-118.20415
Long Island City,2021,1,0.0,1.0,0.0,40.755875,-73.942024
Los Angeles,1976,1,1.0,0.0,0.0,34.06082,-118.299866
Los Angeles,2004,4,0.0,4.0,0.0,34.06082,-118.299866
Los Angeles,2006,1,1.0,0.0,0.0,34.06082,-118.299866
Los Angeles,2007,1,0.0,1.0,0.0,34.06082,-118.299866
Los Angeles,2016,1,0.0,1.0,0.0,34.06082,-118.299866
Los Angeles,2018,1,0.0,0.0,1.0,34.06082,-118.299866
Los Angeles,2019,2,0.0,1.0,1.0,34.06082,-118.299866
Los Angeles,2020,1,0.0,0.0,1.0,34.06082,-118.299866
Loughborough,2023,1,0.0,1.0,0.0,51.71783,-2.230478
Louvain-la-Neuve,1989,1,0.0,1.0,0.0,50.66846,4.611575
Louvain-la-Neuve,1993,1,0.0,1.0,0.0,50.66846,4.611575
Louvain-la-Neuve,1996,1,0.0,1.0,0.0,50.66846,4.611575
Louvain-la-Neuve,1997,2,0.0,2.0,0.0,50.66846,4.611575
Louvain-la-Neuve,1999,1,0.0,1.0,0.0,50.66846,4.611575
Louvain-la-Neuve,2001,1,0.0,0.0,1.0,50.66846,4.611575
Louvain-la-Neuve,2004,2,0.0,2.0,0.0,50.66846,4.611575
Louvain-la-Neuve,2007,1,0.0,0.0,1.0,50.66846,4.611575
Louvain-la-Neuve,2009,1,0.0,1.0,0.0,50.66846,4.611575
Louvain-la-Neuve,2016,1,0.0,0.0,1.0,50.66846,4.611575
Louvain-la-Neuve,2018,1,0.0,0.0,1.0,50.66846,4.611575
Louvain-la-Neuve,2019,2,0.0,0.0,2.0,50.66846,4.611575
Louvain-la-Neuve,2021,1,0.0,0.0,1.0,50.66846,4.611575
Louvain-la-Neuve,2022,3,0.0,1.0,2.0,50.66846,4.611575
Louvain-la-Neuve,2023,1,0.0,1.0,0.0,50.66846,4.611575
Lubbock,1998,1,0.0,1.0,0.0,33.57562,-101.86305
Lubbock,2012,1,0.0,0.0,1.0,33.57562,-101.86305
Lund,2004,1,0.0,1.0,0.0,55.71436,13.215202
Lund,2005,1,0.0,1.0,0.0,55.71436,13.215202
Lund,2015,1,0.0,1.0,0.0,55.71436,13.215202
Lund,2017,1,0.0,1.0,0.0,55.71436,13.215202
Lund,2018,1,0.0,0.0,1.0,55.71436,13.215202
Lund,2019,2,0.0,0.0,2.0,55.71436,13.215202
Lund,2022,1,0.0,0.0,1.0,55.71436,13.215202
Lund,2023,1,0.0,0.0,1.0,55.71436,13.215202
Luton,1999,3,0.0,3.0,0.0,51.902737,-0.394953
Luxembourg,2020,1,0.0,1.0,0.0,49.60627,6.128769
Lviv,2018,1,0.0,0.0,1.0,49.85433,24.037226
Lviv,2019,1,1.0,0.0,0.0,49.85433,24.037226
Lviv,2022,1,1.0,0.0,0.0,49.85433,24.037226
Maastricht,2015,1,0.0,0.0,1.0,50.849808,5.682138
Maastricht,2017,1,0.0,0.0,1.0,50.849808,5.682138
Maastricht,2019,1,1.0,0.0,0.0,50.849808,5.682138
Maastricht,2020,1,0.0,0.0,1.0,50.849808,5.682138
Macao,2011,1,0.0,0.0,1.0,22.205788,113.549286
Macao,2014,1,0.0,0.0,1.0,22.205788,113.549286
Macomb,1977,1,0.0,1.0,0.0,40.45921,-90.6718
Macomb,1993,1,0.0,1.0,0.0,40.45921,-90.6718
Macomb,1994,1,0.0,1.0,0.0,40.45921,-90.6718
Macomb,1999,1,0.0,1.0,0.0,40.45921,-90.6718
Macomb,2007,1,0.0,1.0,0.0,40.45921,-90.6718
Macomb,2013,1,0.0,1.0,0.0,40.45921,-90.6718
Macomb,2014,1,0.0,1.0,0.0,40.45921,-90.6718
Madison,1976,1,0.0,1.0,0.0,43.034847,-89.432724
Madison,1977,1,0.0,1.0,0.0,43.034847,-89.432724
Madison,1978,1,0.0,0.0,1.0,43.034847,-89.432724
Madison,1986,1,0.0,1.0,0.0,43.034847,-89.432724
Madison,1995,1,0.0,1.0,0.0,43.034847,-89.432724
Madison,2003,1,0.0,1.0,0.0,43.034847,-89.432724
Madison,2007,2,0.0,2.0,0.0,43.034847,-89.432724
Madison,2012,1,0.0,1.0,0.0,43.034847,-89.432724
Madison,2013,1,0.0,1.0,0.0,43.034847,-89.432724
Madison,2015,1,0.0,1.0,0.0,43.034847,-89.432724
Madison,2016,1,0.0,1.0,0.0,43.034847,-89.432724
Madrid,2007,1,0.0,0.0,1.0,40.48705,-3.660724
Madrid,2015,1,0.0,0.0,1.0,40.48705,-3.660724
Madrid,2019,3,0.0,2.0,1.0,40.48705,-3.660724
Madrid,2020,3,1.0,1.0,1.0,40.48705,-3.660724
Madrid,2021,1,1.0,0.0,0.0,40.48705,-3.660724
Madrid,2023,1,0.0,0.0,1.0,40.48705,-3.660724
Magdeburg,2024,1,0.0,0.0,1.0,52.126595,11.633011
Mainz,2018,1,0.0,0.0,1.0,50.00461,8.266863
Malang,2021,1,0.0,1.0,0.0,-7.938068,112.63564
Malden,2010,1,0.0,0.0,1.0,42.428173,-71.075
Manchester,1988,2,0.0,2.0,0.0,53.48095,-2.23743
Manchester,2005,1,0.0,1.0,0.0,53.48095,-2.23743
Manchester,2006,1,0.0,1.0,0.0,53.48095,-2.23743
Manchester,2008,1,0.0,0.0,1.0,53.48095,-2.23743
Manchester,2010,1,1.0,0.0,0.0,53.48095,-2.23743
Manchester,2014,1,0.0,1.0,0.0,53.48095,-2.23743
Manchester,2015,1,0.0,1.0,0.0,53.48095,-2.23743
Manchester,2016,2,0.0,2.0,0.0,53.48095,-2.23743
Manchester,2018,1,0.0,0.0,1.0,53.48095,-2.23743
Manchester,2021,1,0.0,0.0,1.0,53.48095,-2.23743
Manchester,2023,2,0.0,1.0,1.0,53.48095,-2.23743
Manchester,2024,1,0.0,0.0,1.0,53.48095,-2.23743
Manhattan,2023,1,1.0,0.0,0.0,39.209087,-96.577
Mankato,2015,1,0.0,1.0,0.0,44.15906,-94.00915
Mannheim,2002,1,0.0,1.0,0.0,49.478153,8.479395
Mannheim,2006,2,0.0,1.0,1.0,49.478153,8.479395
Mannheim,2007,1,0.0,0.0,1.0,49.478153,8.479395
Mannheim,2009,1,0.0,1.0,0.0,49.478153,8.479395
Mannheim,2010,1,0.0,0.0,1.0,49.478153,8.479395
Mannheim,2011,1,1.0,0.0,0.0,49.478153,8.479395
Mannheim,2012,1,0.0,0.0,1.0,49.478153,8.479395
Mannheim,2015,2,1.0,0.0,1.0,49.478153,8.479395
Mannheim,2017,1,1.0,0.0,0.0,49.478153,8.479395
Mannheim,2023,1,0.0,0.0,1.0,49.478153,8.479395
Maribor,2014,1,1.0,0.0,0.0,46.561073,15.648467
Marseille,2008,1,0.0,0.0,1.0,43.245396,5.416869
Marseille,2010,1,0.0,1.0,0.0,43.245396,5.416869
Marseille,2013,1,0.0,0.0,1.0,43.245396,5.416869
Marseille,2014,2,0.0,0.0,2.0,43.245396,5.416869
Marseille,2017,1,0.0,0.0,1.0,43.245396,5.416869
Marseille,2021,1,0.0,0.0,1.0,43.245396,5.416869
Marseille,2023,1,0.0,0.0,1.0,43.245396,5.416869
Maynooth,2018,1,0.0,1.0,0.0,53.385315,-6.601737
Maynooth,2021,2,1.0,0.0,1.0,53.385315,-6.601737
Mechanicsburg,2010,1,0.0,1.0,0.0,40.237217,-76.96521
Medford,1988,1,0.0,1.0,0.0,42.415894,-71.12655
Medford,2017,1,0.0,1.0,0.0,42.415894,-71.12655
Melbourne,1971,1,0.0,1.0,0.0,-37.8133,144.96706
Melbourne,1980,1,0.0,1.0,0.0,-37.8133,144.96706
Melbourne,1981,1,0.0,1.0,0.0,-37.8133,144.96706
Melbourne,1987,2,0.0,1.0,1.0,-37.8133,144.96706
Melbourne,1997,1,0.0,1.0,0.0,-37.8133,144.96706
Melbourne,1998,3,0.0,2.0,1.0,-37.8133,144.96706
Melbourne,2003,1,1.0,0.0,0.0,-37.8133,144.96706
Melbourne,2004,1,0.0,1.0,0.0,-37.8133,144.96706
Melbourne,2005,4,0.0,3.0,1.0,-37.8133,144.96706
Melbourne,2008,1,0.0,1.0,0.0,-37.8133,144.96706
Melbourne,2009,1,0.0,1.0,0.0,-37.8133,144.96706
Melbourne,2012,1,0.0,1.0,0.0,-37.8133,144.96706
Melbourne,2013,1,0.0,1.0,0.0,-37.8133,144.96706
Melbourne,2017,1,0.0,0.0,1.0,-37.8133,144.96706
Melbourne,2018,3,0.0,1.0,2.0,-37.8133,144.96706
Melbourne,2019,3,0.0,0.0,3.0,-37.8133,144.96706
Melbourne,2020,1,0.0,1.0,0.0,-37.8133,144.96706
Melbourne,2021,1,0.0,1.0,0.0,-37.8133,144.96706
Melbourne,2022,2,0.0,2.0,0.0,-37.8133,144.96706
Melbourne,2023,1,0.0,0.0,1.0,-37.8133,144.96706
Menlo Park,1978,1,1.0,0.0,0.0,37.46214,-122.152245
Menlo Park,1981,1,0.0,0.0,1.0,37.46214,-122.152245
Menlo Park,1985,1,0.0,1.0,0.0,37.46214,-122.152245
Menlo Park,1986,1,0.0,0.0,1.0,37.46214,-122.152245
Mexico City,2020,1,0.0,1.0,0.0,19.240677,-99.17407
Mexico City,2022,1,0.0,1.0,0.0,19.240677,-99.17407
Miami,2018,1,0.0,1.0,0.0,25.78943,-80.33476
Middlebury (village),2018,1,0.0,1.0,0.0,44.2225,-73.23805
Middlesbrough,2017,1,0.0,1.0,0.0,54.576256,-1.219496
Milan,2009,1,0.0,1.0,0.0,45.465096,9.198525
Milan,2010,1,0.0,1.0,0.0,45.465096,9.198525
Milan,2017,1,0.0,1.0,0.0,45.465096,9.198525
Milan,2018,1,1.0,0.0,0.0,45.465096,9.198525
Milton Keynes,1996,1,0.0,1.0,0.0,52.003963,-0.733842
Milton Keynes,2004,1,0.0,1.0,0.0,52.003963,-0.733842
Milton Keynes,2018,1,0.0,1.0,0.0,52.003963,-0.733842
Milton Keynes,2019,1,0.0,0.0,1.0,52.003963,-0.733842
Milton Keynes,2021,1,0.0,1.0,0.0,52.003963,-0.733842
Milton Keynes,2023,1,0.0,0.0,1.0,52.003963,-0.733842
Milwaukee,2020,1,0.0,0.0,1.0,43.03951,-87.92231
Minneapolis,1971,1,0.0,1.0,0.0,44.976208,-93.268585
Minneapolis,1997,1,0.0,0.0,1.0,44.976208,-93.268585
Miskolc,2021,1,0.0,1.0,0.0,48.12031,20.788511
Miskolc,2022,1,0.0,1.0,0.0,48.12031,20.788511
Modena,2002,1,0.0,0.0,1.0,44.628735,10.949843
Moncalieri,2010,1,0.0,0.0,1.0,44.993267,7.669697
Moncalieri,2017,1,0.0,0.0,1.0,44.993267,7.669697
Montes Claros,2009,1,0.0,1.0,0.0,-16.7016,-43.808975
Montevideo,2006,1,0.0,1.0,0.0,-34.82624,-56.178905
Montevideo,2020,1,0.0,1.0,0.0,-34.82624,-56.178905
Montevideo,2023,1,0.0,1.0,0.0,-34.82624,-56.178905
Montreal,1947,1,0.0,1.0,0.0,45.50884,-73.58781
Montreal,1986,1,0.0,1.0,0.0,45.50884,-73.58781
Montreal,1998,1,0.0,1.0,0.0,45.50884,-73.58781
Montreal,2004,3,0.0,2.0,1.0,45.50884,-73.58781
Montreal,2009,1,0.0,1.0,0.0,45.50884,-73.58781
Montreal,2010,1,0.0,1.0,0.0,45.50884,-73.58781
Montreal,2012,2,0.0,0.0,2.0,45.50884,-73.58781
Montreal,2013,1,0.0,0.0,1.0,45.50884,-73.58781
Montreal,2014,3,0.0,0.0,3.0,45.50884,-73.58781
Montreal,2015,4,1.0,2.0,1.0,45.50884,-73.58781
Montreal,2017,1,0.0,0.0,1.0,45.50884,-73.58781
Montreal,2018,3,1.0,0.0,2.0,45.50884,-73.58781
Montreal,2020,1,0.0,1.0,0.0,45.50884,-73.58781
Montreal,2022,2,0.0,1.0,1.0,45.50884,-73.58781
Morelia,2019,1,1.0,0.0,0.0,19.6914,-101.2069
Morristown,2011,1,0.0,0.0,1.0,40.78616,-74.46781
Moscow,2016,1,0.0,0.0,1.0,55.777287,37.622856
Moscow,2019,5,2.0,3.0,0.0,55.777287,37.622856
Moscow,2020,12,4.0,8.0,0.0,55.777287,37.622856
Moscow,2021,7,2.0,4.0,1.0,55.777287,37.622856
Moscow,2022,3,2.0,1.0,0.0,55.777287,37.622856
Moscow,2023,1,0.0,1.0,0.0,55.777287,37.622856
Mount Pleasant,1982,1,0.0,1.0,0.0,43.5719,-84.78099
Mountain View,2017,1,0.0,1.0,0.0,37.401417,-122.111244
Mountain View,2023,1,0.0,0.0,1.0,37.401417,-122.111244
Mumbai,2017,1,0.0,1.0,0.0,19.136639,72.833755
Mumbai,2021,1,0.0,0.0,1.0,19.136639,72.833755
Munich,1999,1,1.0,0.0,0.0,48.180202,11.536068
Munich,2001,2,2.0,0.0,0.0,48.180202,11.536068
Munich,2005,1,0.0,1.0,0.0,48.180202,11.536068
Munich,2006,1,0.0,0.0,1.0,48.180202,11.536068
Munich,2007,1,0.0,0.0,1.0,48.180202,11.536068
Munich,2011,1,0.0,0.0,1.0,48.180202,11.536068
Munich,2012,1,0.0,0.0,1.0,48.180202,11.536068
Munich,2013,1,0.0,1.0,0.0,48.180202,11.536068
Munich,2014,2,0.0,0.0,2.0,48.180202,11.536068
Munich,2015,2,0.0,0.0,2.0,48.180202,11.536068
Munich,2022,2,0.0,1.0,1.0,48.180202,11.536068
Mönchengladbach,2002,1,0.0,1.0,0.0,51.182713,6.481611
Münster,2006,1,0.0,1.0,0.0,51.969707,7.593999
Münster,2014,1,1.0,0.0,0.0,51.969707,7.593999
Münster,2021,1,0.0,1.0,0.0,51.969707,7.593999
Nagaoka,2023,2,0.0,0.0,2.0,37.43833,138.76778
Nairobi,2019,1,0.0,1.0,0.0,-1.263877,36.807663
Namur,2016,1,0.0,0.0,1.0,50.485786,4.803834
Namur,2022,1,0.0,0.0,1.0,50.485786,4.803834
Nanjing,2002,1,0.0,1.0,0.0,32.06167,118.77778
Nanjing,2011,1,0.0,1.0,0.0,32.06167,118.77778
Nanjing,2015,1,0.0,1.0,0.0,32.06167,118.77778
Nanterre,2021,1,0.0,0.0,1.0,48.89198,2.20675
Nashville,2021,1,0.0,0.0,1.0,36.16589,-86.78444
New Brunswick,1985,1,0.0,1.0,0.0,40.47752,-74.48145
New Brunswick,2002,1,0.0,1.0,0.0,40.47752,-74.48145
New Brunswick,2003,1,0.0,0.0,1.0,40.47752,-74.48145
New Brunswick,2004,1,0.0,1.0,0.0,40.47752,-74.48145
New Brunswick,2005,1,0.0,1.0,0.0,40.47752,-74.48145
New Brunswick,2006,1,0.0,1.0,0.0,40.47752,-74.48145
New Brunswick,2007,1,0.0,1.0,0.0,40.47752,-74.48145
New Brunswick,2012,2,0.0,2.0,0.0,40.47752,-74.48145
New Delhi,2012,1,0.0,0.0,1.0,28.540148,77.16802
New Delhi,2015,1,0.0,1.0,0.0,28.540148,77.16802
New Delhi,2016,1,0.0,1.0,0.0,28.540148,77.16802
New Delhi,2017,6,0.0,6.0,0.0,28.540148,77.16802
New Delhi,2019,1,0.0,1.0,0.0,28.540148,77.16802
New Delhi,2020,2,0.0,2.0,0.0,28.540148,77.16802
New Delhi,2021,1,0.0,0.0,1.0,28.540148,77.16802
New Delhi,2023,1,0.0,1.0,0.0,28.540148,77.16802
New Haven,1977,1,0.0,1.0,0.0,41.31082,-72.922134
New Haven,2004,1,1.0,0.0,0.0,41.31082,-72.922134
New Haven,2010,1,0.0,1.0,0.0,41.31082,-72.922134
New Haven,2011,1,0.0,1.0,0.0,41.31082,-72.922134
New Haven,2013,1,0.0,0.0,1.0,41.31082,-72.922134
New Haven,2022,2,0.0,1.0,1.0,41.31082,-72.922134
New Orleans,2006,1,0.0,1.0,0.0,29.967852,-90.0105
New Orleans,2014,1,0.0,1.0,0.0,29.967852,-90.0105
New Orleans,2016,1,1.0,0.0,0.0,29.967852,-90.0105
New Orleans,2017,1,0.0,1.0,0.0,29.967852,-90.0105
New Orleans,2022,1,0.0,0.0,1.0,29.967852,-90.0105
New Orleans,2023,1,0.0,0.0,1.0,29.967852,-90.0105
New York,1917,1,0.0,1.0,0.0,40.75054,-73.980644
New York,1936,1,0.0,1.0,0.0,40.75054,-73.980644
New York,1975,1,0.0,1.0,0.0,40.75054,-73.980644
New York,1979,1,1.0,0.0,0.0,40.75054,-73.980644
New York,1998,2,0.0,2.0,0.0,40.75054,-73.980644
New York,1999,1,0.0,1.0,0.0,40.75054,-73.980644
New York,2000,1,0.0,1.0,0.0,40.75054,-73.980644
New York,2003,1,0.0,1.0,0.0,40.75054,-73.980644
New York,2005,2,0.0,1.0,1.0,40.75054,-73.980644
New York,2007,3,0.0,3.0,0.0,40.75054,-73.980644
New York,2008,2,0.0,2.0,0.0,40.75054,-73.980644
New York,2009,1,0.0,0.0,1.0,40.75054,-73.980644
New York,2010,1,0.0,1.0,0.0,40.75054,-73.980644
New York,2011,1,0.0,1.0,0.0,40.75054,-73.980644
New York,2012,5,1.0,3.0,1.0,40.75054,-73.980644
New York,2013,1,0.0,1.0,0.0,40.75054,-73.980644
New York,2014,1,0.0,1.0,0.0,40.75054,-73.980644
New York,2016,2,1.0,1.0,0.0,40.75054,-73.980644
New York,2017,5,0.0,3.0,2.0,40.75054,-73.980644
New York,2018,4,0.0,3.0,1.0,40.75054,-73.980644
New York,2019,3,0.0,1.0,2.0,40.75054,-73.980644
New York,2020,8,1.0,4.0,3.0,40.75054,-73.980644
New York,2021,3,0.0,2.0,1.0,40.75054,-73.980644
New York,2022,3,0.0,2.0,1.0,40.75054,-73.980644
New York,2023,1,0.0,0.0,1.0,40.75054,-73.980644
Newark,2018,1,1.0,0.0,0.0,39.68889,-75.67441
Newcastle,1997,1,1.0,0.0,0.0,35.29115,-97.63497
Newcastle,2018,1,1.0,0.0,0.0,35.29115,-97.63497
Newcastle upon Tyne,1987,1,0.0,1.0,0.0,54.970043,-1.622133
Newcastle upon Tyne,2017,1,0.0,1.0,0.0,54.970043,-1.622133
Newcastle upon Tyne,2021,1,0.0,0.0,1.0,54.970043,-1.622133
Newcastle upon Tyne,2022,1,0.0,0.0,1.0,54.970043,-1.622133
Newcastle upon Tyne,2023,5,1.0,0.0,4.0,54.970043,-1.622133
Newcastle-under-Lyme,1999,1,0.0,0.0,1.0,53.0,-2.23333
Nijmegen,1997,1,0.0,1.0,0.0,51.827568,5.843798
Nijmegen,2003,1,0.0,1.0,0.0,51.827568,5.843798
Nijmegen,2018,1,1.0,0.0,0.0,51.827568,5.843798
Nijmegen,2019,4,3.0,1.0,0.0,51.827568,5.843798
Nijmegen,2022,2,1.0,1.0,0.0,51.827568,5.843798
Ningbo,2018,1,0.0,1.0,0.0,29.87819,121.54945
Niterói,2019,1,0.0,1.0,0.0,-22.877756,-43.102882
Nizhny Novgorod,2020,1,1.0,0.0,0.0,56.145287,44.17544
Nizhny Novgorod,2022,1,1.0,0.0,0.0,56.145287,44.17544
Nizhny Novgorod,2023,1,0.0,1.0,0.0,56.145287,44.17544
Niğde,2019,1,0.0,1.0,0.0,37.96583,34.67935
Norman,2002,1,0.0,1.0,0.0,35.18415,-97.39913
Norman,2018,1,0.0,0.0,1.0,35.18415,-97.39913
Norman,2020,1,0.0,0.0,1.0,35.18415,-97.39913
North Canton,2019,1,0.0,1.0,0.0,40.878666,-81.46137
Norwich,2004,2,0.0,0.0,2.0,52.447105,1.025173
Norwich,2007,1,0.0,0.0,1.0,52.447105,1.025173
Norwich,2010,1,0.0,1.0,0.0,52.447105,1.025173
Norwich,2013,1,0.0,1.0,0.0,52.447105,1.025173
Norwich,2021,1,0.0,0.0,1.0,52.447105,1.025173
Norwich,2022,1,0.0,1.0,0.0,52.447105,1.025173
Nottingham,2001,1,0.0,1.0,0.0,52.97033,-1.176135
Nottingham,2003,2,0.0,0.0,2.0,52.97033,-1.176135
Nottingham,2004,1,0.0,1.0,0.0,52.97033,-1.176135
Nottingham,2005,1,0.0,1.0,0.0,52.97033,-1.176135
Nottingham,2011,1,0.0,1.0,0.0,52.97033,-1.176135
Nottingham,2013,2,0.0,2.0,0.0,52.97033,-1.176135
Nottingham,2015,1,0.0,1.0,0.0,52.97033,-1.176135
Nottingham,2018,1,0.0,1.0,0.0,52.97033,-1.176135
Nottwil,2014,1,0.0,1.0,0.0,47.14019,8.131047
Nuremberg,2008,2,1.0,0.0,1.0,49.473965,11.0636835
Nuremberg,2011,3,1.0,1.0,1.0,49.473965,11.0636835
Nuremberg,2013,3,2.0,0.0,1.0,49.473965,11.0636835
Nuremberg,2014,1,0.0,1.0,0.0,49.473965,11.0636835
Nuremberg,2015,1,0.0,1.0,0.0,49.473965,11.0636835
Nuremberg,2017,2,1.0,0.0,1.0,49.473965,11.0636835
Nuremberg,2021,1,0.0,1.0,0.0,49.473965,11.0636835
Nuremberg,2022,2,2.0,0.0,0.0,49.473965,11.0636835
Oakland,2017,2,0.0,1.0,1.0,37.822952,-122.27095
Odense,2013,2,0.0,1.0,1.0,55.402473,10.399535
Oldenburg,1999,1,0.0,1.0,0.0,53.15554,8.167174
Omsk,2022,1,0.0,1.0,0.0,56.15134,73.26536
Opava,2012,1,0.0,1.0,0.0,49.954475,17.874605
Orlando,1986,1,0.0,0.0,1.0,28.542252,-81.37703
Orlando,1993,1,1.0,0.0,0.0,28.542252,-81.37703
Ormskirk,2018,1,0.0,1.0,0.0,53.59866,-2.863933
Orono,2005,1,0.0,1.0,0.0,44.8989,-68.68323
Orono,2013,1,0.0,1.0,0.0,44.8989,-68.68323
Orono,2015,1,0.0,1.0,0.0,44.8989,-68.68323
Orono,2018,1,0.0,1.0,0.0,44.8989,-68.68323
Orono,2020,1,0.0,1.0,0.0,44.8989,-68.68323
Osaka,2023,1,0.0,0.0,1.0,34.430298,135.52954
Osan,2023,1,0.0,1.0,0.0,37.193607,127.02305
Oshawa,2018,1,0.0,0.0,1.0,43.87906,-78.80847
Oshawa,2019,1,1.0,0.0,0.0,43.87906,-78.80847
Oslo,1999,1,0.0,0.0,1.0,59.911743,10.746909
Oslo,2004,1,0.0,0.0,1.0,59.911743,10.746909
Oslo,2010,3,0.0,2.0,1.0,59.911743,10.746909
Oslo,2013,1,0.0,0.0,1.0,59.911743,10.746909
Oslo,2015,1,1.0,0.0,0.0,59.911743,10.746909
Oslo,2017,1,0.0,1.0,0.0,59.911743,10.746909
Oslo,2018,1,0.0,0.0,1.0,59.911743,10.746909
Ottawa,1991,1,0.0,1.0,0.0,45.42412,-75.68347
Ottawa,2003,1,0.0,1.0,0.0,45.42412,-75.68347
Ottawa,2008,1,0.0,1.0,0.0,45.42412,-75.68347
Ottawa,2011,1,0.0,1.0,0.0,45.42412,-75.68347
Ottawa,2014,1,1.0,0.0,0.0,45.42412,-75.68347
Ottawa,2017,2,1.0,1.0,0.0,45.42412,-75.68347
Ottawa,2021,2,0.0,1.0,1.0,45.42412,-75.68347
Ottawa,2022,1,0.0,0.0,1.0,45.42412,-75.68347
Oxford,1978,1,0.0,1.0,0.0,44.474113,-70.86044
Oxford,2002,1,0.0,1.0,0.0,44.474113,-70.86044
Oxford,2005,4,0.0,3.0,1.0,44.474113,-70.86044
Oxford,2010,1,0.0,1.0,0.0,44.474113,-70.86044
Oxford,2012,1,0.0,0.0,1.0,44.474113,-70.86044
Oxford,2013,1,0.0,0.0,1.0,44.474113,-70.86044
Oxford,2014,1,0.0,1.0,0.0,44.474113,-70.86044
Oxford,2016,1,0.0,0.0,1.0,44.474113,-70.86044
Oxford,2017,2,1.0,1.0,0.0,44.474113,-70.86044
Oxford,2019,3,0.0,1.0,2.0,44.474113,-70.86044
Oxford,2020,4,0.0,2.0,2.0,44.474113,-70.86044
Oxford,2021,1,1.0,0.0,0.0,44.474113,-70.86044
Oxford,2022,1,0.0,0.0,1.0,44.474113,-70.86044
Oxford,2023,2,0.0,1.0,1.0,44.474113,-70.86044
Paderborn,2000,1,0.0,1.0,0.0,51.713642,8.757499
Paderborn,2013,1,1.0,0.0,0.0,51.713642,8.757499
Padua,2022,1,0.0,0.0,1.0,45.40797,11.88586
Paisley,2003,1,0.0,1.0,0.0,55.83173,-4.43254
Palaiseau,2007,1,0.0,0.0,1.0,48.714558,2.242952
Palma,2007,1,0.0,0.0,1.0,39.55981,2.638175
Palma,2020,1,0.0,0.0,1.0,39.55981,2.638175
Panderma,2020,1,0.0,0.0,1.0,40.337597,27.935944
Paris,1973,1,0.0,1.0,0.0,48.847603,2.264079
Paris,2005,1,0.0,0.0,1.0,48.847603,2.264079
Paris,2007,1,0.0,0.0,1.0,48.847603,2.264079
Paris,2008,1,1.0,0.0,0.0,48.847603,2.264079
Paris,2010,1,0.0,0.0,1.0,48.847603,2.264079
Paris,2013,2,0.0,0.0,2.0,48.847603,2.264079
Paris,2014,2,0.0,2.0,0.0,48.847603,2.264079
Paris,2016,1,1.0,0.0,0.0,48.847603,2.264079
Paris,2017,5,4.0,0.0,1.0,48.847603,2.264079
Paris,2018,2,1.0,1.0,0.0,48.847603,2.264079
Paris,2019,3,0.0,0.0,3.0,48.847603,2.264079
Paris,2020,2,0.0,0.0,2.0,48.847603,2.264079
Paris,2022,1,0.0,0.0,1.0,48.847603,2.264079
Paris,2023,2,0.0,0.0,2.0,48.847603,2.264079
Parma,2007,1,0.0,1.0,0.0,44.808277,10.313269
Parma,2009,1,0.0,1.0,0.0,44.808277,10.313269
Pato Branco,2023,1,0.0,0.0,1.0,-26.22861,-52.67056
Pavia,2008,1,0.0,0.0,1.0,45.19205,9.15917
Perth,2021,1,0.0,1.0,0.0,56.395554,-3.428101
Perth,2022,1,0.0,0.0,1.0,56.395554,-3.428101
Peterborough,1992,1,0.0,0.0,1.0,43.05651,-72.42599
Peterborough,1995,1,0.0,0.0,1.0,43.05651,-72.42599
Pforzheim,2006,1,0.0,0.0,1.0,48.893417,8.704739
Philadelphia,1987,1,0.0,0.0,1.0,39.953423,-75.17269
Philadelphia,1996,1,0.0,0.0,1.0,39.953423,-75.17269
Philadelphia,2000,1,0.0,1.0,0.0,39.953423,-75.17269
Philadelphia,2018,4,0.0,1.0,3.0,39.953423,-75.17269
Philadelphia,2020,1,0.0,0.0,1.0,39.953423,-75.17269
Philadelphia,2021,1,0.0,0.0,1.0,39.953423,-75.17269
Philadelphia,2023,1,1.0,0.0,0.0,39.953423,-75.17269
Phnom Penh,2018,1,0.0,1.0,0.0,11.580469,104.88882
Piraeus,2005,1,0.0,1.0,0.0,37.9515,23.651432
Pisa,2016,1,0.0,1.0,0.0,43.71653,10.397595
Pisa,2017,1,0.0,1.0,0.0,43.71653,10.397595
Pisa,2019,1,0.0,0.0,1.0,43.71653,10.397595
Pisa,2020,1,0.0,0.0,1.0,43.71653,10.397595
Pisa,2021,1,1.0,0.0,0.0,43.71653,10.397595
Pittsburgh,2007,1,0.0,1.0,0.0,40.544117,-79.82761
Plymouth,2011,2,0.0,2.0,0.0,41.63589,-70.964165
Plymouth,2019,1,0.0,1.0,0.0,41.63589,-70.964165
Plymouth,2020,1,0.0,1.0,0.0,41.63589,-70.964165
Ponta Grossa,2023,1,0.0,0.0,1.0,-25.095,-50.16194
Pontypridd,1999,2,0.0,2.0,0.0,51.605057,-3.341916
Port Elizabeth,2021,1,1.0,0.0,0.0,-33.868755,25.567228
Porto,2017,1,0.0,1.0,0.0,41.14457,-8.606121
Portsmouth,1999,1,0.0,1.0,0.0,43.07912,-70.75857
Potsdam,2012,1,0.0,0.0,1.0,52.38699,13.122549
Poznan,2014,1,0.0,1.0,0.0,52.40692,16.92993
Poznan,2016,1,0.0,0.0,1.0,52.40692,16.92993
Poznan,2017,1,0.0,1.0,0.0,52.40692,16.92993
Poznan,2021,1,1.0,0.0,0.0,52.40692,16.92993
Poznan,2023,1,1.0,0.0,0.0,52.40692,16.92993
Prague,2003,1,1.0,0.0,0.0,50.0513,14.406754
Prague,2014,1,0.0,1.0,0.0,50.0513,14.406754
Prague,2015,2,1.0,1.0,0.0,50.0513,14.406754
Prague,2017,1,0.0,1.0,0.0,50.0513,14.406754
Prague,2018,4,1.0,3.0,0.0,50.0513,14.406754
Prague,2022,1,0.0,1.0,0.0,50.0513,14.406754
Preston,2001,1,0.0,1.0,0.0,53.764248,-2.703676
Pretoria,2003,1,0.0,1.0,0.0,-25.74486,28.18783
Pretoria,2007,1,0.0,1.0,0.0,-25.74486,28.18783
Pretoria,2020,2,0.0,1.0,1.0,-25.74486,28.18783
Pretoria,2021,1,0.0,0.0,1.0,-25.74486,28.18783
Pretoria,2022,1,0.0,0.0,1.0,-25.74486,28.18783
Prince George,2023,1,0.0,0.0,1.0,53.90531,-122.73498
Princeton,1974,1,0.0,1.0,0.0,40.35107,-74.65616
Princeton,1979,2,0.0,2.0,0.0,40.35107,-74.65616
Princeton,1983,1,0.0,1.0,0.0,40.35107,-74.65616
Princeton,1995,1,0.0,0.0,1.0,40.35107,-74.65616
Princeton,1996,1,1.0,0.0,0.0,40.35107,-74.65616
Princeton,2009,1,0.0,1.0,0.0,40.35107,-74.65616
Princeton,2018,1,0.0,0.0,1.0,40.35107,-74.65616
Princeton,2020,3,1.0,1.0,1.0,40.35107,-74.65616
Princeton,2022,1,0.0,0.0,1.0,40.35107,-74.65616
Princeton,2023,1,0.0,1.0,0.0,40.35107,-74.65616
Providence,1986,1,0.0,1.0,0.0,41.820942,-71.42378
Providence,1987,1,0.0,1.0,0.0,41.820942,-71.42378
Providence,2015,1,0.0,1.0,0.0,41.820942,-71.42378
Providence,2016,1,0.0,1.0,0.0,41.820942,-71.42378
Providence,2017,1,0.0,0.0,1.0,41.820942,-71.42378
Purchase,2005,2,0.0,2.0,0.0,41.010433,-73.69803
Putrajaya,2023,1,0.0,0.0,1.0,2.892128,101.78953
Quezon City,1967,1,1.0,0.0,0.0,14.633785,121.05583
Quezon City,2005,1,0.0,1.0,0.0,14.633785,121.05583
Quito,2022,1,1.0,0.0,0.0,-0.164862,-78.47264
Québec,2003,1,0.0,0.0,1.0,46.683422,-71.33194
Québec,2013,3,2.0,0.0,1.0,46.683422,-71.33194
Québec,2014,1,0.0,1.0,0.0,46.683422,-71.33194
Raleigh,1978,1,0.0,1.0,0.0,35.81917,-78.70574
Raleigh,1996,1,0.0,1.0,0.0,35.81917,-78.70574
Ramat Gan,2011,1,0.0,1.0,0.0,32.083893,34.8005
Ramat Gan,2014,1,0.0,1.0,0.0,32.083893,34.8005
Ranchi,2017,1,0.0,1.0,0.0,23.34316,85.3094
Reading,2008,1,0.0,1.0,0.0,51.453682,-0.968282
Reading,2013,1,0.0,0.0,1.0,51.453682,-0.968282
Recife,2023,1,1.0,0.0,0.0,-8.057983,-34.883064
Redmond,2018,1,0.0,0.0,1.0,47.648273,-122.14087
Rehovot,2020,1,0.0,0.0,1.0,31.911587,34.804737
Rennes,2004,5,0.0,5.0,0.0,48.11198,-1.67429
Reykjavik,2020,1,0.0,0.0,1.0,64.1409,-21.975338
Richmond,2009,1,0.0,1.0,0.0,49.18628,-123.070145
Richmond,2020,1,0.0,0.0,1.0,49.18628,-123.070145
Riga,2014,1,1.0,0.0,0.0,56.971775,24.174496
Riga,2021,1,0.0,0.0,1.0,56.971775,24.174496
Riga,2022,1,0.0,0.0,1.0,56.971775,24.174496
Rijeka,2015,1,0.0,0.0,1.0,45.32673,14.44241
Rio de Janeiro,2006,1,0.0,1.0,0.0,-22.878857,-43.00642
Rio de Janeiro,2008,1,0.0,1.0,0.0,-22.878857,-43.00642
Rio de Janeiro,2016,1,0.0,1.0,0.0,-22.878857,-43.00642
Rio de Janeiro,2017,1,0.0,0.0,1.0,-22.878857,-43.00642
Rio de Janeiro,2018,1,0.0,0.0,1.0,-22.878857,-43.00642
Riverside,2009,1,0.0,1.0,0.0,33.982952,-117.37352
Rome,1985,1,0.0,1.0,0.0,41.82523,12.468952
Rome,2014,1,1.0,0.0,0.0,41.82523,12.468952
Rome,2018,2,0.0,1.0,1.0,41.82523,12.468952
Rome,2019,1,0.0,0.0,1.0,41.82523,12.468952
Rome,2020,1,1.0,0.0,0.0,41.82523,12.468952
Rome,2021,1,0.0,1.0,0.0,41.82523,12.468952
Rome,2023,1,0.0,1.0,0.0,41.82523,12.468952
Rondebosch,2000,1,0.0,1.0,0.0,-33.96333,18.47639
Rondebosch,2002,2,0.0,1.0,1.0,-33.96333,18.47639
Rondebosch,2004,1,0.0,1.0,0.0,-33.96333,18.47639
Rondebosch,2005,1,0.0,1.0,0.0,-33.96333,18.47639
Rondebosch,2019,1,1.0,0.0,0.0,-33.96333,18.47639
Rondebosch,2020,1,0.0,1.0,0.0,-33.96333,18.47639
Roskilde,2022,1,0.0,0.0,1.0,55.69538,12.101894
Rotterdam,1988,1,0.0,0.0,1.0,51.948593,4.54058
Rotterdam,1991,1,0.0,0.0,1.0,51.948593,4.54058
Rotterdam,1997,1,0.0,1.0,0.0,51.948593,4.54058
Rotterdam,2014,1,0.0,1.0,0.0,51.948593,4.54058
Rotterdam,2017,1,0.0,0.0,1.0,51.948593,4.54058
Rotterdam,2023,2,1.0,0.0,1.0,51.948593,4.54058
Rēzekne,2023,1,0.0,1.0,0.0,56.5044,27.330114
Saarbrücken,2022,1,1.0,0.0,0.0,49.257847,7.041066
Saint Augustine,2018,1,0.0,0.0,1.0,29.86653,-81.3193
Saint Charles,2020,1,0.0,0.0,1.0,38.78779,-90.49988
Saint Gallen,2014,1,0.0,1.0,0.0,47.42391,9.37477
Saint Paul,1993,1,0.0,0.0,1.0,44.94772,-93.097084
Saint Petersburg,2022,1,0.0,1.0,0.0,60.02477,30.390882
Saint-Etienne,2015,1,0.0,1.0,0.0,45.439056,4.441524
Saint-Martin-d'Hères,2019,2,0.0,1.0,1.0,45.1787,5.76281
Salford,2022,1,0.0,1.0,0.0,53.48771,-2.29042
Salisbury,1950,1,0.0,1.0,0.0,35.666367,-80.46847
Salisbury,2021,1,0.0,0.0,1.0,35.666367,-80.46847
Salt Lake City,2019,1,0.0,1.0,0.0,40.732635,-111.97769
Salzburg,2022,1,0.0,1.0,0.0,47.81432,13.043039
San Antonio,2014,1,0.0,0.0,1.0,29.456278,-98.663284
San Antonio,2020,1,0.0,1.0,0.0,29.456278,-98.663284
San Antonio,2021,1,1.0,0.0,0.0,29.456278,-98.663284
San Diego,2010,2,0.0,2.0,0.0,32.90368,-117.18272
San Diego,2015,1,0.0,1.0,0.0,32.90368,-117.18272
San Diego,2017,1,0.0,0.0,1.0,32.90368,-117.18272
San Diego,2018,1,0.0,0.0,1.0,32.90368,-117.18272
San Diego,2019,5,0.0,2.0,3.0,32.90368,-117.18272
San Diego,2020,1,0.0,1.0,0.0,32.90368,-117.18272
San Diego,2021,1,0.0,0.0,1.0,32.90368,-117.18272
San Diego,2023,1,0.0,0.0,1.0,32.90368,-117.18272
San Francisco,2010,2,0.0,1.0,1.0,37.758163,-122.3911
San Nicolás de los Garza,2022,1,0.0,0.0,1.0,25.727222,-100.31028
Sankt Augustin,2023,1,0.0,1.0,0.0,50.774536,7.175419
Santa Barbara,1998,1,0.0,1.0,0.0,34.422543,-119.6989
Santa Monica,2018,1,0.0,0.0,1.0,34.0268,-118.48227
Santiago,2007,1,1.0,0.0,0.0,-33.392876,-70.793205
Santiago,2012,1,0.0,0.0,1.0,-33.392876,-70.793205
Santiago,2014,1,0.0,1.0,0.0,-33.392876,-70.793205
Santiago,2015,1,0.0,1.0,0.0,-33.392876,-70.793205
Santiago,2023,2,0.0,1.0,1.0,-33.392876,-70.793205
Santiago de Cali,2022,1,0.0,1.0,0.0,3.464248,-76.52565
Santos,2023,1,1.0,0.0,0.0,-23.97212,-46.30197
Sarajevo,2018,1,0.0,0.0,1.0,43.850876,18.382061
Seattle,1978,1,0.0,1.0,0.0,47.677357,-122.34964
Seattle,2008,1,0.0,1.0,0.0,47.677357,-122.34964
Segovia,2017,1,0.0,1.0,0.0,40.94808,-4.11839
Seoul,2006,1,0.0,0.0,1.0,37.58254,126.98937
Seoul,2012,1,0.0,1.0,0.0,37.58254,126.98937
Seoul,2019,2,0.0,1.0,1.0,37.58254,126.98937
Seoul,2020,2,2.0,0.0,0.0,37.58254,126.98937
Seoul,2021,2,1.0,1.0,0.0,37.58254,126.98937
Seoul,2022,1,1.0,0.0,0.0,37.58254,126.98937
Seoul,2023,8,0.0,6.0,2.0,37.58254,126.98937
Seoul,2024,1,0.0,0.0,1.0,37.58254,126.98937
Seville,2012,1,0.0,1.0,0.0,37.37261,-5.995587
Seville,2016,1,0.0,1.0,0.0,37.37261,-5.995587
Seville,2019,1,1.0,0.0,0.0,37.37261,-5.995587
Shah Alam,2018,1,1.0,0.0,0.0,3.074348,101.51431
Shanghai,2009,1,0.0,1.0,0.0,31.22222,121.45806
Shanghai,2016,1,0.0,1.0,0.0,31.22222,121.45806
Shanghai,2018,1,0.0,1.0,0.0,31.22222,121.45806
Shanghai,2019,1,0.0,0.0,1.0,31.22222,121.45806
Shanghai,2022,1,0.0,1.0,0.0,31.22222,121.45806
Shanghai,2023,1,0.0,0.0,1.0,31.22222,121.45806
Shanxi,2003,1,0.0,1.0,0.0,36.61919,109.46259
Shatin,2019,1,0.0,0.0,1.0,22.37882,114.20147
Sheboygan,2020,1,0.0,0.0,1.0,43.75234,-87.71358
Sheffield,2012,2,0.0,0.0,2.0,53.39843,-1.408925
Sheffield,2017,1,0.0,1.0,0.0,53.39843,-1.408925
Sheffield,2023,1,0.0,0.0,1.0,53.39843,-1.408925
Shenyang,2005,1,0.0,1.0,0.0,41.79222,123.43278
Shenzhen,2006,1,0.0,1.0,0.0,22.54554,114.0683
Shijiazhuang,2018,1,1.0,0.0,0.0,38.04139,114.47861
Shillong,2023,1,0.0,0.0,1.0,25.566147,91.90118
Siegen,2010,1,0.0,0.0,1.0,50.8512,8.01835
Silang,2014,1,0.0,1.0,0.0,14.219486,121.036934
Siloam Springs,2013,1,0.0,1.0,0.0,36.19,-94.55861
Siuntio,2010,1,0.0,0.0,1.0,60.120857,24.288204
Siuntio,2013,1,1.0,0.0,0.0,60.120857,24.288204
Siuntio,2014,2,0.0,1.0,1.0,60.120857,24.288204
Siuntio,2017,2,1.0,0.0,1.0,60.120857,24.288204
Siuntio,2020,1,0.0,0.0,1.0,60.120857,24.288204
Skopje,2013,1,0.0,0.0,1.0,41.97334,21.392645
Skopje,2020,1,0.0,1.0,0.0,41.97334,21.392645
Sofia,2006,1,0.0,0.0,1.0,42.67496,23.369762
Sofia,2017,1,0.0,1.0,0.0,42.67496,23.369762
Sofia,2019,1,0.0,0.0,1.0,42.67496,23.369762
Sofia,2020,1,1.0,0.0,0.0,42.67496,23.369762
Sofia,2022,1,0.0,0.0,1.0,42.67496,23.369762
Sonīpat,2023,1,0.0,1.0,0.0,28.99478,77.01937
Southampton,2004,1,0.0,1.0,0.0,50.91689,-1.52145
Southampton,2022,1,0.0,1.0,0.0,50.91689,-1.52145
Southampton,2023,1,0.0,0.0,1.0,50.91689,-1.52145
Speyer,2014,1,0.0,0.0,1.0,49.32083,8.43111
Split,2015,1,1.0,0.0,0.0,43.50891,16.43915
St Andrews,2010,1,1.0,0.0,0.0,56.33871,-2.79902
St Andrews,2011,2,0.0,0.0,2.0,56.33871,-2.79902
St Andrews,2017,2,2.0,0.0,0.0,56.33871,-2.79902
St Andrews,2018,1,1.0,0.0,0.0,56.33871,-2.79902
St Louis,1968,1,0.0,1.0,0.0,38.628883,-90.27343
St Louis,2009,1,0.0,0.0,1.0,38.628883,-90.27343
St Louis,2014,3,0.0,0.0,3.0,38.628883,-90.27343
St Louis,2017,1,0.0,0.0,1.0,38.628883,-90.27343
St Louis,2023,1,0.0,0.0,1.0,38.628883,-90.27343
St. Petersburg,2005,1,0.0,1.0,0.0,27.760868,-82.63269
Stanford,1976,1,0.0,0.0,1.0,37.42411,-122.16608
Stanford,1983,1,0.0,1.0,0.0,37.42411,-122.16608
Stanford,2010,1,0.0,1.0,0.0,37.42411,-122.16608
Stanford,2013,1,0.0,1.0,0.0,37.42411,-122.16608
Stanford,2017,1,0.0,0.0,1.0,37.42411,-122.16608
Stanford,2018,2,0.0,0.0,2.0,37.42411,-122.16608
Stanford,2019,1,0.0,1.0,0.0,37.42411,-122.16608
Stanford,2020,2,2.0,0.0,0.0,37.42411,-122.16608
Stanford,2021,1,1.0,0.0,0.0,37.42411,-122.16608
Stanford,2023,1,1.0,0.0,0.0,37.42411,-122.16608
State College,1973,1,0.0,1.0,0.0,40.82752,-77.80003
Staten Island,2013,1,0.0,1.0,0.0,40.6145,-74.15044
Stellenbosch,2017,1,0.0,1.0,0.0,-33.942394,18.847818
Stellenbosch,2021,2,0.0,1.0,1.0,-33.942394,18.847818
Stellenbosch,2023,1,1.0,0.0,0.0,-33.942394,18.847818
Stirling,2001,1,0.0,1.0,0.0,56.118156,-3.928458
Stockholm,2000,1,0.0,1.0,0.0,59.30121,18.088823
Stockholm,2003,1,0.0,0.0,1.0,59.30121,18.088823
Stockholm,2010,1,0.0,1.0,0.0,59.30121,18.088823
Stockholm,2011,2,0.0,2.0,0.0,59.30121,18.088823
Stockholm,2012,1,0.0,1.0,0.0,59.30121,18.088823
Stockholm,2016,1,0.0,0.0,1.0,59.30121,18.088823
Stockholm,2017,2,0.0,2.0,0.0,59.30121,18.088823
Stockholm,2018,2,0.0,0.0,2.0,59.30121,18.088823
Stockholm,2019,1,0.0,0.0,1.0,59.30121,18.088823
Stockholm,2020,1,0.0,0.0,1.0,59.30121,18.088823
Stockholm,2021,1,0.0,1.0,0.0,59.30121,18.088823
Stockholm,2024,1,0.0,1.0,0.0,59.30121,18.088823
Stoke-on-Trent,2020,1,0.0,1.0,0.0,52.98437,-1.990211
Stony Brook,2005,2,0.0,1.0,1.0,40.91817,-73.145004
Stony Brook,2012,1,0.0,0.0,1.0,40.91817,-73.145004
Stony Brook,2023,1,0.0,0.0,1.0,40.91817,-73.145004
Storrs,1981,1,1.0,0.0,0.0,41.807167,-72.2525
Strasbourg,2023,1,0.0,1.0,0.0,48.582645,7.750853
Suita,2021,1,0.0,1.0,0.0,34.81296,135.52968
Suita,2023,1,0.0,1.0,0.0,34.81296,135.52968
Sundsvall,2003,1,0.0,0.0,1.0,62.393322,17.283142
Sunshine Coast,2019,1,0.0,0.0,1.0,-26.65682,153.07954
Suwon,2021,1,0.0,1.0,0.0,37.281296,127.005905
Suwon,2023,1,0.0,0.0,1.0,37.281296,127.005905
Swindon,1984,1,1.0,0.0,0.0,51.58231,-1.753396
Swindon,2017,1,0.0,0.0,1.0,51.58231,-1.753396
Sydney,1987,1,0.0,0.0,1.0,-33.8659,151.2116
Sydney,1989,1,1.0,0.0,0.0,-33.8659,151.2116
Sydney,1997,1,0.0,0.0,1.0,-33.8659,151.2116
Sydney,1998,1,0.0,1.0,0.0,-33.8659,151.2116
Sydney,2000,1,0.0,0.0,1.0,-33.8659,151.2116
Sydney,2004,1,0.0,1.0,0.0,-33.8659,151.2116
Sydney,2013,1,0.0,0.0,1.0,-33.8659,151.2116
Sydney,2017,2,0.0,2.0,0.0,-33.8659,151.2116
Sydney,2018,1,0.0,0.0,1.0,-33.8659,151.2116
Sydney,2019,5,1.0,3.0,1.0,-33.8659,151.2116
Sydney,2020,4,0.0,2.0,2.0,-33.8659,151.2116
Sydney,2022,2,1.0,1.0,0.0,-33.8659,151.2116
Sydney,2023,4,0.0,1.0,3.0,-33.8659,151.2116
Sydney,2024,1,0.0,1.0,0.0,-33.8659,151.2116
Syracuse,2017,1,1.0,0.0,0.0,43.049297,-76.15321
Syracuse,2019,1,0.0,0.0,1.0,43.049297,-76.15321
Syracuse,2021,1,1.0,0.0,0.0,43.049297,-76.15321
São Luís,2009,1,0.0,1.0,0.0,-2.52972,-44.30278
São Luís,2015,1,0.0,1.0,0.0,-2.52972,-44.30278
São Luís,2019,1,1.0,0.0,0.0,-2.52972,-44.30278
São Luís,2023,1,0.0,1.0,0.0,-2.52972,-44.30278
São Paulo,2011,1,0.0,1.0,0.0,-23.62462,-46.60952
Taipei,2022,1,0.0,0.0,1.0,25.06109,121.541756
Takasaki,2017,1,0.0,1.0,0.0,36.298466,139.07939
Talence,2012,1,0.0,0.0,1.0,44.807922,-0.575219
Tallahassee,2018,1,0.0,0.0,1.0,30.46203,-84.23012
Tallahassee,2020,1,0.0,0.0,1.0,30.46203,-84.23012
Tallahassee,2023,1,0.0,1.0,0.0,30.46203,-84.23012
Tallinn,2016,1,0.0,1.0,0.0,59.43696,24.75353
Tampere,1994,1,0.0,0.0,1.0,61.45069,23.864182
Tampere,1998,1,0.0,0.0,1.0,61.45069,23.864182
Tampere,2014,1,1.0,0.0,0.0,61.45069,23.864182
Tampere,2016,4,1.0,1.0,2.0,61.45069,23.864182
Tampere,2017,1,0.0,0.0,1.0,61.45069,23.864182
Tampere,2018,2,0.0,0.0,2.0,61.45069,23.864182
Tampere,2019,6,0.0,3.0,3.0,61.45069,23.864182
Tampere,2020,2,0.0,1.0,1.0,61.45069,23.864182
Tampere,2023,4,1.0,2.0,1.0,61.45069,23.864182
Tangerang,2020,1,0.0,1.0,0.0,-6.255909,106.60906
Tbilisi,2017,1,0.0,1.0,0.0,41.69411,44.83368
Tel Aviv,1987,1,0.0,0.0,1.0,32.109035,34.805885
Tel Aviv,2012,1,0.0,0.0,1.0,32.109035,34.805885
Tel Aviv,2022,1,0.0,0.0,1.0,32.109035,34.805885
Tempe,2017,1,1.0,0.0,0.0,33.39727,-111.95065
Tempe,2023,1,0.0,0.0,1.0,33.39727,-111.95065
Temuco,2016,1,0.0,1.0,0.0,-38.73965,-72.59842
Teresina,2015,1,0.0,0.0,1.0,-5.096159,-42.79901
Teresina,2018,1,0.0,0.0,1.0,-5.096159,-42.79901
Ternopil,2020,1,1.0,0.0,0.0,49.55404,25.59067
Terre Haute,2021,1,1.0,0.0,0.0,39.467674,-87.40321
Thais,2012,1,0.0,1.0,0.0,46.75749,0.91021
The Hague,1994,1,1.0,0.0,0.0,52.08696,4.333363
The Hague,1996,2,2.0,0.0,0.0,52.08696,4.333363
The Hague,1997,1,0.0,1.0,0.0,52.08696,4.333363
The Hague,1998,1,0.0,1.0,0.0,52.08696,4.333363
The Hague,2004,2,0.0,2.0,0.0,52.08696,4.333363
The Hague,2010,1,0.0,1.0,0.0,52.08696,4.333363
Thiruvananthapuram,2015,1,1.0,0.0,0.0,8.507783,76.94861
Thiruvananthapuram,2017,2,0.0,2.0,0.0,8.507783,76.94861
Thiruvananthapuram,2021,1,0.0,1.0,0.0,8.507783,76.94861
Thiverval-Grignon,2000,1,1.0,0.0,0.0,48.84964,1.91729
Thiverval-Grignon,2019,1,0.0,0.0,1.0,48.84964,1.91729
Tianjin,2011,1,0.0,1.0,0.0,38.951958,117.41502
Tilburg,1993,1,0.0,1.0,0.0,51.589497,5.0538526
Tilburg,1995,1,0.0,1.0,0.0,51.589497,5.0538526
Tilburg,2000,1,0.0,1.0,0.0,51.589497,5.0538526
Tilburg,2019,2,0.0,1.0,1.0,51.589497,5.0538526
Tilburg,2020,1,0.0,0.0,1.0,51.589497,5.0538526
Tilburg,2022,3,1.0,1.0,1.0,51.589497,5.0538526
Tilburg,2023,2,2.0,0.0,0.0,51.589497,5.0538526
Tlalpan,2024,1,0.0,1.0,0.0,19.29513,-99.16206
Tokyo,1987,1,1.0,0.0,0.0,35.718357,139.7058
Tokyo,1997,1,0.0,0.0,1.0,35.718357,139.7058
Tokyo,2017,1,0.0,0.0,1.0,35.718357,139.7058
Tokyo,2018,3,0.0,2.0,1.0,35.718357,139.7058
Tokyo,2019,1,0.0,1.0,0.0,35.718357,139.7058
Tokyo,2020,1,1.0,0.0,0.0,35.718357,139.7058
Tokyo,2021,1,0.0,0.0,1.0,35.718357,139.7058
Tokyo,2023,2,0.0,0.0,2.0,35.718357,139.7058
Tomsk,2019,1,1.0,0.0,0.0,56.497913,84.96626
Toronto,1996,1,0.0,1.0,0.0,43.659924,-79.388626
Toronto,2009,1,0.0,0.0,1.0,43.659924,-79.388626
Toronto,2013,1,0.0,1.0,0.0,43.659924,-79.388626
Toronto,2014,1,1.0,0.0,0.0,43.659924,-79.388626
Toronto,2017,3,1.0,2.0,0.0,43.659924,-79.388626
Toronto,2018,6,1.0,1.0,4.0,43.659924,-79.388626
Toronto,2019,3,2.0,0.0,1.0,43.659924,-79.388626
Toronto,2020,3,0.0,2.0,1.0,43.659924,-79.388626
Toronto,2021,11,1.0,8.0,2.0,43.659924,-79.388626
Toronto,2023,6,0.0,5.0,1.0,43.659924,-79.388626
Toulouse,2015,1,0.0,0.0,1.0,43.60426,1.44367
Toulouse,2022,1,0.0,1.0,0.0,43.60426,1.44367
Townsville,1977,1,0.0,1.0,0.0,-19.37514,146.81076
Towson,2021,1,0.0,0.0,1.0,39.414307,-76.628716
Tripoli,2015,1,0.0,1.0,0.0,32.88743,13.18733
Troy,2021,1,0.0,1.0,0.0,42.555576,-83.15041
Tsarskoye Selo,1977,1,1.0,0.0,0.0,59.739822,30.38869
Tsukuba,2018,1,0.0,0.0,1.0,36.080692,140.12383
Tuen Mun,2008,1,0.0,1.0,0.0,22.397114,113.96974
Tulsa,2006,1,0.0,1.0,0.0,36.176514,-95.87932
Turin,1999,2,1.0,0.0,1.0,45.102566,7.765658
Turin,2004,1,0.0,0.0,1.0,45.102566,7.765658
Turin,2009,1,0.0,1.0,0.0,45.102566,7.765658
Turin,2010,2,0.0,0.0,2.0,45.102566,7.765658
Turin,2011,3,0.0,3.0,0.0,45.102566,7.765658
Turin,2012,2,1.0,0.0,1.0,45.102566,7.765658
Turin,2013,2,0.0,1.0,1.0,45.102566,7.765658
Turin,2014,1,0.0,1.0,0.0,45.102566,7.765658
Turin,2015,1,0.0,1.0,0.0,45.102566,7.765658
Turin,2017,1,0.0,0.0,1.0,45.102566,7.765658
Turin,2018,2,0.0,0.0,2.0,45.102566,7.765658
Turin,2019,1,1.0,0.0,0.0,45.102566,7.765658
Turku,2010,1,0.0,0.0,1.0,60.44657,22.258669
Turku,2019,1,0.0,1.0,0.0,60.44657,22.258669
Turku,2020,2,0.0,0.0,2.0,60.44657,22.258669
Turku,2022,1,0.0,0.0,1.0,60.44657,22.258669
Turku,2023,1,0.0,0.0,1.0,60.44657,22.258669
Turlock,2022,1,0.0,1.0,0.0,37.49466,-120.84659
Tuscaloosa,2021,1,0.0,1.0,0.0,33.20984,-87.56917
Tübingen,2017,1,0.0,1.0,0.0,48.5152,9.059589
Tübingen,2021,1,0.0,1.0,0.0,48.5152,9.059589
Tübingen,2022,1,0.0,0.0,1.0,48.5152,9.059589
Ufa,2020,1,0.0,1.0,0.0,54.740334,55.97003
Umeå,1995,1,0.0,1.0,0.0,63.829,20.258774
Umeå,2006,1,0.0,0.0,1.0,63.829,20.258774
Umeå,2014,1,1.0,0.0,0.0,63.829,20.258774
Uppsala,1997,1,0.0,0.0,1.0,59.86453,17.641321
Uppsala,2013,1,0.0,1.0,0.0,59.86453,17.641321
Uppsala,2020,2,0.0,0.0,2.0,59.86453,17.641321
Urbana,1998,1,0.0,0.0,1.0,40.094997,-88.24004
Urbana,2021,1,0.0,1.0,0.0,40.094997,-88.24004
Urbana,2023,3,0.0,2.0,1.0,40.094997,-88.24004
Utrecht,1997,1,0.0,0.0,1.0,52.093388,5.120935
Utrecht,2000,1,0.0,1.0,0.0,52.093388,5.120935
Utrecht,2006,1,0.0,1.0,0.0,52.093388,5.120935
Utrecht,2014,1,0.0,1.0,0.0,52.093388,5.120935
Utrecht,2018,1,0.0,0.0,1.0,52.093388,5.120935
Utrecht,2019,1,0.0,0.0,1.0,52.093388,5.120935
Utrecht,2021,1,1.0,0.0,0.0,52.093388,5.120935
Utrecht,2023,1,1.0,0.0,0.0,52.093388,5.120935
Valdivia,2019,1,0.0,1.0,0.0,-39.81422,-73.24589
Valdivia,2023,2,0.0,0.0,2.0,-39.81422,-73.24589
Valencia,2019,1,0.0,1.0,0.0,39.47156,-0.378746
Valencia,2023,1,0.0,1.0,0.0,39.47156,-0.378746
Valencia,2024,1,1.0,0.0,0.0,39.47156,-0.378746
Valladolid,2020,1,0.0,0.0,1.0,41.65518,-4.72372
Vallendar,2021,1,0.0,1.0,0.0,50.39586,7.62427
Vallendar,2024,1,0.0,0.0,1.0,50.39586,7.62427
Valparaiso,2017,1,0.0,1.0,0.0,41.469078,-87.05908
Valparaíso,2003,1,0.0,1.0,0.0,-33.039932,-71.62545
Valparaíso,2022,1,1.0,0.0,0.0,-33.039932,-71.62545
Vancouver,1973,1,0.0,1.0,0.0,49.27052,-123.134476
Vancouver,1978,1,0.0,0.0,1.0,49.27052,-123.134476
Vancouver,1979,1,1.0,0.0,0.0,49.27052,-123.134476
Vancouver,2009,2,0.0,0.0,2.0,49.27052,-123.134476
Vancouver,2019,4,0.0,1.0,3.0,49.27052,-123.134476
Vancouver,2020,2,0.0,0.0,2.0,49.27052,-123.134476
Vancouver,2021,1,0.0,0.0,1.0,49.27052,-123.134476
Vaxjo,2024,1,0.0,0.0,1.0,56.90787,14.840417
Vechta,2017,1,0.0,0.0,1.0,52.721233,8.293898
Verona,1990,1,0.0,1.0,0.0,42.991184,-89.52846
Verona,2015,1,0.0,1.0,0.0,42.991184,-89.52846
Victoria,2024,3,1.0,0.0,2.0,48.564682,-123.413506
Viedma,2013,1,0.0,1.0,0.0,-40.81345,-62.99668
Vienna,1974,1,0.0,1.0,0.0,48.197247,16.352657
Vienna,1984,1,1.0,0.0,0.0,48.197247,16.352657
Vienna,2012,2,0.0,0.0,2.0,48.197247,16.352657
Vienna,2015,1,0.0,1.0,0.0,48.197247,16.352657
Vienna,2021,1,0.0,1.0,0.0,48.197247,16.352657
Vienna,2022,1,1.0,0.0,0.0,48.197247,16.352657
Vienna,2023,2,1.0,1.0,0.0,48.197247,16.352657
Vienna,2024,1,0.0,1.0,0.0,48.197247,16.352657
Villejuif,2009,1,0.0,1.0,0.0,48.7939,2.35992
Villejuif,2010,2,0.0,2.0,0.0,48.7939,2.35992
Villejuif,2012,1,0.0,0.0,1.0,48.7939,2.35992
Villejuif,2014,1,0.0,0.0,1.0,48.7939,2.35992
Vilnius,2015,1,0.0,1.0,0.0,54.688908,25.275175
Vilnius,2016,1,1.0,0.0,0.0,54.688908,25.275175
Vinnytsia,2020,1,1.0,0.0,0.0,49.2322,28.46871
Vladivostok,2023,1,0.0,1.0,0.0,43.126415,131.9084
Wageningen,2020,1,1.0,0.0,0.0,51.95925,5.647204
Wageningen,2023,1,0.0,0.0,1.0,51.95925,5.647204
Waltham,1987,1,0.0,0.0,1.0,50.93009,-1.202311
Warsaw,2011,2,0.0,0.0,2.0,52.260944,21.038343
Warsaw,2012,1,0.0,0.0,1.0,52.260944,21.038343
Warsaw,2014,1,0.0,1.0,0.0,52.260944,21.038343
Warsaw,2017,2,0.0,2.0,0.0,52.260944,21.038343
Warsaw,2019,1,0.0,1.0,0.0,52.260944,21.038343
Warsaw,2021,2,0.0,1.0,1.0,52.260944,21.038343
Warsaw,2022,5,0.0,0.0,5.0,52.260944,21.038343
Washington,1980,1,0.0,1.0,0.0,38.89511,-77.03637
Washington,1986,1,0.0,0.0,1.0,38.89511,-77.03637
Washington,1993,1,0.0,0.0,1.0,38.89511,-77.03637
Washington,1994,1,0.0,0.0,1.0,38.89511,-77.03637
Washington,1999,1,0.0,0.0,1.0,38.89511,-77.03637
Washington,2003,2,0.0,0.0,2.0,38.89511,-77.03637
Washington,2005,1,0.0,0.0,1.0,38.89511,-77.03637
Washington,2006,1,0.0,0.0,1.0,38.89511,-77.03637
Washington,2011,1,1.0,0.0,0.0,38.89511,-77.03637
Washington,2013,1,1.0,0.0,0.0,38.89511,-77.03637
Washington,2014,1,0.0,0.0,1.0,38.89511,-77.03637
Washington,2016,1,0.0,1.0,0.0,38.89511,-77.03637
Washington,2017,1,0.0,0.0,1.0,38.89511,-77.03637
Washington,2018,8,3.0,3.0,2.0,38.89511,-77.03637
Washington,2019,1,0.0,1.0,0.0,38.89511,-77.03637
Washington,2020,1,0.0,0.0,1.0,38.89511,-77.03637
Washington,2021,4,0.0,3.0,1.0,38.89511,-77.03637
Washington,2023,1,0.0,0.0,1.0,38.89511,-77.03637
Washington,2024,1,0.0,0.0,1.0,38.89511,-77.03637
Washington D.C.,1981,1,0.0,0.0,1.0,38.910824,-77.055855
Washington D.C.,1990,1,0.0,1.0,0.0,38.910824,-77.055855
Washington D.C.,1991,1,0.0,0.0,1.0,38.910824,-77.055855
Washington D.C.,1994,1,1.0,0.0,0.0,38.910824,-77.055855
Washington D.C.,1995,1,0.0,1.0,0.0,38.910824,-77.055855
Washington D.C.,1998,1,0.0,1.0,0.0,38.910824,-77.055855
Washington D.C.,1999,1,0.0,0.0,1.0,38.910824,-77.055855
Washington D.C.,2002,1,0.0,1.0,0.0,38.910824,-77.055855
Washington D.C.,2004,2,0.0,2.0,0.0,38.910824,-77.055855
Washington D.C.,2006,2,0.0,0.0,2.0,38.910824,-77.055855
Washington D.C.,2008,2,0.0,0.0,2.0,38.910824,-77.055855
Washington D.C.,2011,1,0.0,1.0,0.0,38.910824,-77.055855
Washington D.C.,2012,1,0.0,0.0,1.0,38.910824,-77.055855
Washington D.C.,2015,1,0.0,0.0,1.0,38.910824,-77.055855
Washington D.C.,2016,2,0.0,1.0,1.0,38.910824,-77.055855
Washington D.C.,2017,3,0.0,3.0,0.0,38.910824,-77.055855
Washington D.C.,2018,5,2.0,1.0,2.0,38.910824,-77.055855
Washington D.C.,2019,3,0.0,3.0,0.0,38.910824,-77.055855
Washington D.C.,2020,3,2.0,1.0,0.0,38.910824,-77.055855
Washington D.C.,2021,1,0.0,0.0,1.0,38.910824,-77.055855
Waterloo,2007,1,0.0,1.0,0.0,50.71118,4.409325
Waterloo,2011,1,0.0,1.0,0.0,50.71118,4.409325
Waterloo,2015,2,0.0,1.0,1.0,50.71118,4.409325
Waterloo,2018,1,0.0,1.0,0.0,50.71118,4.409325
Waterloo,2020,1,0.0,0.0,1.0,50.71118,4.409325
Waterloo,2023,1,1.0,0.0,0.0,50.71118,4.409325
Waterloo,2024,1,0.0,0.0,1.0,50.71118,4.409325
Wellesley,1986,1,0.0,0.0,1.0,42.325855,-71.26041
Wellesley,2008,1,0.0,0.0,1.0,42.325855,-71.26041
Wellington,2010,1,1.0,0.0,0.0,-41.284924,174.77254
Wellington,2016,3,1.0,2.0,0.0,-41.284924,174.77254
Wellington,2021,1,1.0,0.0,0.0,-41.284924,174.77254
West Lafayette,2024,1,0.0,1.0,0.0,40.46,-86.92902
West Long Branch,2005,1,0.0,0.0,1.0,40.29039,-74.01764
West Point,2020,1,0.0,0.0,1.0,33.63963,-88.77712
Wiesbaden,2014,1,0.0,0.0,1.0,50.08603,8.22587
Wiesbaden,2018,7,0.0,7.0,0.0,50.08603,8.22587
Wiesbaden,2019,1,0.0,1.0,0.0,50.08603,8.22587
Williamsport,2021,1,0.0,1.0,0.0,41.24334,-77.0018
Williamstown,2012,1,0.0,0.0,1.0,42.694492,-73.207016
Wilmington,2022,1,0.0,1.0,0.0,39.745213,-75.54749
Windisch,2019,1,0.0,1.0,0.0,47.361122,7.867154
Winnipeg,1992,1,0.0,0.0,1.0,49.911392,-97.133606
Winnipeg,1993,1,1.0,0.0,0.0,49.911392,-97.133606
Winnipeg,1994,1,1.0,0.0,0.0,49.911392,-97.133606
Winnipeg,1995,1,0.0,0.0,1.0,49.911392,-97.133606
Winnipeg,2009,1,0.0,0.0,1.0,49.911392,-97.133606
Winnipeg,2013,3,2.0,1.0,0.0,49.911392,-97.133606
Winnipeg,2014,2,1.0,1.0,0.0,49.911392,-97.133606
Winnipeg,2015,1,0.0,1.0,0.0,49.911392,-97.133606
Winnipeg,2016,1,1.0,0.0,0.0,49.911392,-97.133606
Winnipeg,2017,3,2.0,0.0,1.0,49.911392,-97.133606
Winnipeg,2018,3,1.0,1.0,1.0,49.911392,-97.133606
Winnipeg,2019,3,2.0,0.0,1.0,49.911392,-97.133606
Winnipeg,2020,3,0.0,2.0,1.0,49.911392,-97.133606
Winnipeg,2021,9,0.0,8.0,1.0,49.911392,-97.133606
Winnipeg,2024,2,0.0,0.0,2.0,49.911392,-97.133606
Winter Park,2010,1,0.0,1.0,0.0,28.5996,-81.35276
Winter Park,2011,1,0.0,1.0,0.0,28.5996,-81.35276
Winter Park,2013,1,0.0,1.0,0.0,28.5996,-81.35276
Winter Park,2018,1,0.0,1.0,0.0,28.5996,-81.35276
Wollongong,2021,2,1.0,1.0,0.0,-34.405125,150.87843
Wollongong,2023,1,0.0,0.0,1.0,-34.405125,150.87843
Worcester,2019,1,0.0,1.0,0.0,52.196182,-2.224552
Worcester,2020,1,0.0,0.0,1.0,52.196182,-2.224552
Wroclaw,2023,1,0.0,0.0,1.0,51.1,17.03333
Wrocław,2023,1,0.0,1.0,0.0,51.1175,17.114435
Wuhan,2006,1,0.0,1.0,0.0,30.486864,114.527115
Wuhu,2009,1,0.0,1.0,0.0,31.271395,118.342
Wuxi,2004,1,0.0,1.0,0.0,31.531,120.27979
Xiangtan,2003,1,0.0,1.0,0.0,27.883953,112.86723
Xiangtan,2006,1,0.0,1.0,0.0,27.883953,112.86723
Xuzhou,2006,1,0.0,1.0,0.0,34.20442,117.28386
Yaoundé,2023,1,0.0,1.0,0.0,3.849811,11.499469
Yekaterinburg,2023,2,0.0,2.0,0.0,56.8503,60.664906
York,1999,1,0.0,1.0,0.0,53.957584,-1.080363
York,2006,1,0.0,1.0,0.0,53.957584,-1.080363
York,2012,1,0.0,0.0,1.0,53.957584,-1.080363
York,2015,1,0.0,1.0,0.0,53.957584,-1.080363
York,2016,1,0.0,1.0,0.0,53.957584,-1.080363
York,2017,1,0.0,1.0,0.0,53.957584,-1.080363
York,2018,1,0.0,1.0,0.0,53.957584,-1.080363
York,2019,3,0.0,2.0,1.0,53.957584,-1.080363
York,2020,3,0.0,3.0,0.0,53.957584,-1.080363
York,2021,2,0.0,2.0,0.0,53.957584,-1.080363
York,2023,3,0.0,0.0,3.0,53.957584,-1.080363
Zagreb,2021,1,1.0,0.0,0.0,45.81005,15.984061
Zhuhai,2023,1,0.0,1.0,0.0,22.27694,113.56778
Zurich,2011,1,1.0,0.0,0.0,47.389412,8.483702
Zurich,2012,1,0.0,1.0,0.0,47.389412,8.483702
Zurich,2013,1,0.0,1.0,0.0,47.389412,8.483702
Zurich,2017,1,0.0,1.0,0.0,47.389412,8.483702
Zurich,2019,1,0.0,0.0,1.0,47.389412,8.483702
Zurich,2020,1,0.0,0.0,1.0,47.389412,8.483702
Zurich,2021,2,0.0,2.0,0.0,47.389412,8.483702
Zurich,2022,2,0.0,0.0,2.0,47.389412,8.483702
Ås,2023,1,0.0,1.0,0.0,59.73123,10.782374
İzmit,2024,1,1.0,0.0,0.0,40.76499,29.92928
