Source,Target
0,1
0,2051
0,2303
1,28
1,37
1,164
1,175
1,178
1,232
1,256
1,325
1,337
1,427
1,560
1,654
1,715
1,720
1,727
1,758
1,760
1,784
1,825
1,888
1,962
1,1007
1,1152
1,1257
1,1357
1,1566
1,1628
1,1681
1,1780
1,1915
1,1942
1,2156
1,2333
1,2452
1,2539
1,2543
1,2605
2,3
2,4
2,5
2,6
2,7
2,8
2,758
3,12
3,96
3,127
3,164
3,205
3,232
3,282
3,313
3,347
3,362
3,482
3,576
3,578
3,591
3,596
3,729
3,754
3,798
3,911
3,940
3,949
3,1039
3,1137
3,1216
3,1427
3,1639
3,1658
3,1973
3,2040
3,2099
3,2136
3,2145
3,2156
3,2212
3,2222
3,2273
3,2305
3,2358
4,347
4,601
4,668
4,940
4,1164
4,1692
4,2273
4,2461
4,2531
5,482
6,96
6,200
6,329
6,362
6,486
6,764
6,815
6,1004
6,1031
6,1440
6,1850
6,1901
6,2143
6,2194
6,2283
6,2315
6,2348
6,2423
6,2569
9,10
9,11
9,12
9,13
9,14
9,15
9,16
9,17
9,18
9,19
9,20
9,21
9,22
9,23
9,24
9,25
9,26
9,27
9,28
9,29
9,30
9,31
9,32
9,33
9,34
9,35
9,36
9,37
9,38
9,39
9,40
9,41
9,42
9,43
9,44
9,45
9,46
9,47
9,48
9,49
9,50
9,51
9,1237
9,1910
9,2155
9,2320
9,2442
10,28
10,30
10,154
10,156
10,159
10,163
10,164
10,175
10,176
10,179
10,357
10,384
10,399
10,513
10,518
10,647
10,739
10,760
10,962
10,967
10,1178
10,1194
10,1475
10,1614
10,1700
10,1766
10,2146
10,2181
10,2244
10,2473
10,2481
10,2523
10,2563
11,128
11,943
11,1026
11,1835
12,14
12,15
12,81
12,109
12,159
12,166
12,172
12,230
12,264
12,275
12,321
12,322
12,344
12,349
12,398
12,482
12,654
12,738
12,747
12,748
12,749
12,750
12,751
12,752
12,821
12,832
12,1171
12,1366
12,1454
12,1625
12,1667
12,2135
13,28
13,35
13,312
13,477
13,490
13,505
13,654
13,786
13,868
13,869
13,946
13,1217
13,1255
13,1271
13,1333
13,1946
13,2007
13,2028
13,2060
13,2061
13,2099
13,2342
13,2576
14,24
14,164
14,180
14,321
14,347
14,399
14,420
14,486
14,739
14,760
14,821
14,868
14,940
14,1047
14,1219
14,1298
14,1425
14,1668
14,1703
14,1760
14,1858
14,2305
14,2324
15,19
15,22
15,25
15,89
15,111
15,124
15,155
15,156
15,164
15,165
15,171
15,172
15,174
15,176
15,177
15,180
15,181
15,198
15,202
15,214
15,215
15,230
15,232
15,233
15,254
15,256
15,264
15,267
15,269
15,274
15,281
15,321
15,339
15,340
15,345
15,354
15,361
15,362
15,363
15,401
15,404
15,405
15,409
15,418
15,463
15,482
15,505
15,577
15,582
15,585
15,592
15,593
15,597
15,604
15,629
15,632
15,647
15,684
15,699
15,717
15,742
15,815
15,821
15,827
15,831
15,881
15,895
15,935
15,980
15,1000
15,1012
15,1015
15,1042
15,1054
15,1139
15,1178
15,1185
15,1233
15,1240
15,1241
15,1244
15,1269
15,1285
15,1333
15,1349
15,1359
15,1371
15,1394
15,1412
15,1430
15,1440
15,1498
15,1506
15,1520
15,1564
15,1616
15,1621
15,1629
15,1668
15,1706
15,1729
15,1735
15,1760
15,1784
15,1787
15,1817
15,1831
15,1844
15,1864
15,1869
15,1910
15,1924
15,1946
15,1973
15,1979
15,1986
15,2003
15,2034
15,2065
15,2105
15,2130
15,2140
15,2152
15,2172
15,2194
15,2221
15,2290
15,2305
15,2315
15,2320
15,2336
15,2342
15,2358
15,2377
15,2404
15,2407
15,2436
15,2456
15,2471
15,2473
15,2498
15,2549
15,2551
15,2600
15,2602
16,18
16,51
16,81
16,125
16,134
16,180
16,229
16,349
16,350
16,362
16,384
16,405
16,418
16,444
16,477
16,479
16,649
16,879
16,1078
16,1506
16,2046
16,2238
16,2506
17,19
17,81
17,155
17,158
17,159
17,164
17,170
17,248
17,254
17,264
17,272
17,321
17,337
17,362
17,405
17,739
17,751
17,831
17,840
17,841
17,1486
17,1654
17,1730
17,1866
17,2023
17,2378
17,2614
18,20
18,28
18,30
18,37
18,276
18,320
18,337
18,453
18,474
18,503
18,604
18,717
18,739
18,764
18,838
18,868
18,895
18,1015
18,1069
18,1117
18,1139
18,1217
18,1265
18,1284
18,1290
18,1301
18,1425
18,1545
18,1546
18,1547
18,1668
18,1735
18,1760
18,1762
18,1811
18,1853
18,1894
18,2108
18,2181
18,2239
18,2273
18,2296
18,2324
18,2452
18,2574
18,2614
19,24
19,28
19,66
19,81
19,167
19,171
19,179
19,180
19,230
19,232
19,314
19,348
19,362
19,363
19,390
19,396
19,399
19,401
19,418
19,477
19,493
19,576
19,582
19,597
19,604
19,605
19,657
19,666
19,717
19,783
19,863
19,911
19,962
19,1000
19,1044
19,1139
19,1217
19,1240
19,1310
19,1333
19,1399
19,1425
19,1621
19,1668
19,1692
19,1716
19,1734
19,1735
19,1762
19,1787
19,1852
19,1866
19,1883
19,1946
19,1973
19,2048
19,2065
19,2273
19,2296
19,2315
19,2407
19,2416
19,2531
20,395
20,479
20,1628
21,28
21,39
21,134
21,138
21,172
21,180
21,208
21,232
21,325
21,347
21,551
21,557
21,585
21,656
21,666
21,684
21,732
21,779
21,784
21,901
21,911
21,940
21,1000
21,1004
21,1007
21,1031
21,1050
21,1078
21,1128
21,1171
21,1175
21,1197
21,1243
21,1254
21,1271
21,1544
21,1546
21,1585
21,1632
21,1670
21,1705
21,1744
21,1765
21,1853
21,1910
21,2051
21,2079
21,2143
21,2156
21,2307
21,2333
21,2396
21,2463
21,2531
22,222
22,224
23,28
23,35
23,66
23,78
23,172
23,320
23,334
23,344
23,409
23,452
23,479
23,602
23,606
23,632
23,666
23,825
23,830
23,872
23,1925
23,1946
23,1986
23,2007
23,2051
23,2129
23,2283
23,2364
23,2378
23,2392
23,2557
24,418
24,508
24,609
24,737
24,941
24,1000
24,1400
24,1464
24,1707
24,1708
24,1719
24,1910
24,2324
24,2531
25,78
25,154
25,210
25,312
25,322
25,388
25,395
25,425
25,482
25,489
25,636
25,659
25,812
25,829
25,1098
25,1406
25,1419
25,1729
25,2032
26,105
26,115
26,177
26,178
26,182
26,183
26,266
26,334
26,359
26,361
26,364
26,366
26,385
26,399
26,420
26,440
26,576
26,641
26,674
26,675
26,858
26,962
26,1038
26,1084
26,1088
26,1128
26,1131
26,1278
26,1568
26,1585
26,1632
26,1749
26,1760
26,1810
26,1902
26,1910
26,1914
26,1964
26,2035
26,2067
26,2121
26,2149
26,2162
26,2189
26,2190
26,2216
26,2275
26,2342
26,2406
26,2441
26,2520
26,2530
26,2542
26,2549
27,78
27,510
27,729
27,730
27,733
27,751
27,778
27,815
27,1972
27,2111
27,2145
28,45
28,48
28,70
28,78
28,85
28,112
28,163
28,178
28,219
28,257
28,264
28,308
28,312
28,325
28,354
28,420
28,430
28,472
28,543
28,576
28,580
28,617
28,632
28,646
28,658
28,722
28,730
28,733
28,782
28,895
28,939
28,1080
28,1098
28,1146
28,1153
28,1217
28,1254
28,1256
28,1271
28,1371
28,1575
28,1586
28,1607
28,1695
28,1696
28,1697
28,1698
28,1699
28,1858
28,1945
28,1946
28,2003
28,2085
28,2133
28,2296
28,2382
28,2417
28,2485
28,2516
28,2531
28,2539
28,2552
29,42
29,113
29,258
29,702
30,48
30,70
30,101
30,104
30,142
30,146
30,163
30,166
30,177
30,181
30,182
30,186
30,199
30,250
30,264
30,339
30,342
30,343
30,345
30,399
30,403
30,405
30,406
30,409
30,410
30,472
30,476
30,477
30,632
30,739
30,745
30,746
30,755
30,777
30,825
30,1152
30,1241
30,1265
30,1586
30,1614
30,1617
30,1836
30,1899
30,1922
30,2127
30,2155
30,2172
30,2239
30,2244
30,2290
30,2343
30,2420
30,2452
30,2526
31,113
31,136
31,139
31,278
31,279
31,390
31,614
31,615
31,616
31,827
31,901
31,1049
31,1238
31,1239
31,1881
31,2085
31,2392
31,2428
31,2429
31,2539
31,2612
32,162
32,320
32,326
32,353
32,896
32,2480
33,320
33,326
33,327
33,560
33,890
33,1764
33,1804
33,1886
33,1919
33,2022
33,2023
33,2024
33,2025
34,38
34,87
34,486
34,666
34,1038
34,1047
34,1049
34,1153
34,1910
34,2542
35,355
35,910
35,1577
35,1868
35,2402
36,115
36,178
36,269
36,354
36,380
36,384
36,407
36,452
36,484
36,632
36,664
36,771
36,1093
36,1239
36,1360
36,1389
36,1392
36,1398
36,1473
36,1566
36,1614
36,1776
36,1810
36,1836
36,1840
36,1866
36,1902
36,1922
36,1946
36,1963
36,2014
36,2047
36,2153
36,2155
36,2162
36,2165
36,2224
36,2250
36,2342
36,2353
36,2392
36,2411
36,2485
36,2526
36,2531
36,2542
36,2552
36,2583
36,2602
37,45
37,48
37,70
37,85
37,104
37,155
37,162
37,164
37,229
37,230
37,252
37,349
37,464
37,466
37,467
37,480
37,490
37,659
37,683
37,821
37,968
37,969
37,991
37,1101
37,1277
37,1528
37,1687
37,1803
37,1908
37,1909
37,1963
38,68
38,69
38,72
38,73
38,74
38,77
38,82
38,94
38,100
38,154
38,228
38,236
38,333
38,395
38,413
38,414
38,434
38,486
38,617
38,666
38,869
38,949
38,1039
38,1042
38,1044
38,1047
38,1140
38,1318
38,1461
38,1874
38,2163
38,2327
38,2328
38,2329
38,2330
39,45
39,48
39,70
39,86
39,162
39,163
39,180
39,248
39,264
39,308
39,324
39,395
39,490
39,589
39,751
39,779
39,782
39,785
39,821
39,1117
39,1231
39,1254
39,1425
39,1511
39,1512
39,1566
39,1858
39,1902
39,2415
40,314
40,420
40,471
40,579
40,589
40,863
40,869
40,1377
40,1378
40,1379
40,1380
40,1946
40,2574
41,359
41,498
41,600
41,1776
41,2420
41,2442
42,132
42,332
42,359
42,364
42,478
42,606
42,774
42,775
42,1037
42,1105
42,1135
42,1278
42,1300
42,1388
42,1463
42,1689
42,1690
42,1721
42,1801
42,1843
42,1935
42,1986
42,2004
42,2034
42,2088
42,2129
42,2316
42,2485
42,2530
42,2583
43,132
43,178
43,290
43,296
43,359
43,362
43,452
43,514
43,576
43,600
43,632
43,699
43,771
43,774
43,843
43,1153
43,1314
43,1606
43,1607
43,1801
43,1825
43,1922
43,1934
43,1946
43,1963
43,2088
43,2320
43,2353
43,2382
43,2552
43,2583
43,2591
43,2597
43,2607
45,154
45,164
45,232
45,255
45,269
45,321
45,486
45,576
45,709
45,745
45,779
45,783
45,784
45,797
45,821
45,911
45,1004
45,1031
45,1086
45,1197
45,1544
45,1546
45,1629
45,1632
45,1705
45,1765
45,1889
45,2048
45,2143
45,2156
45,2307
45,2333
46,843
47,125
47,175
47,371
47,410
47,479
47,819
47,909
47,1197
47,1629
47,2003
48,66
48,101
48,105
48,115
48,146
48,158
48,159
48,163
48,172
48,175
48,176
48,179
48,182
48,205
48,236
48,250
48,252
48,255
48,269
48,294
48,330
48,331
48,335
48,337
48,342
48,343
48,344
48,354
48,357
48,358
48,359
48,362
48,380
48,384
48,402
48,403
48,462
48,479
48,513
48,543
48,576
48,591
48,600
48,605
48,606
48,641
48,666
48,668
48,673
48,674
48,676
48,706
48,742
48,744
48,773
48,774
48,779
48,784
48,797
48,814
48,834
48,843
48,855
48,868
48,879
48,880
48,895
48,898
48,901
48,902
48,929
48,946
48,960
48,967
48,1044
48,1049
48,1084
48,1086
48,1130
48,1135
48,1162
48,1175
48,1217
48,1239
48,1240
48,1241
48,1271
48,1278
48,1314
48,1319
48,1348
48,1360
48,1371
48,1388
48,1394
48,1461
48,1473
48,1480
48,1500
48,1503
48,1546
48,1548
48,1579
48,1585
48,1606
48,1625
48,1628
48,1629
48,1678
48,1704
48,1705
48,1729
48,1737
48,1749
48,1765
48,1766
48,1769
48,1784
48,1864
48,1881
48,1899
48,1902
48,1914
48,1920
48,1963
48,1990
48,2004
48,2014
48,2048
48,2087
48,2088
48,2092
48,2099
48,2101
48,2107
48,2144
48,2153
48,2157
48,2159
48,2218
48,2232
48,2296
48,2298
48,2300
48,2324
48,2333
48,2353
48,2372
48,2378
48,2397
48,2415
48,2428
48,2439
48,2452
48,2463
48,2480
48,2481
48,2506
48,2526
48,2531
48,2543
48,2552
48,2559
48,2579
48,2591
48,2594
49,278
49,410
49,454
49,486
49,557
49,641
49,668
49,674
49,858
49,863
49,1038
49,1049
49,1080
49,1153
49,1319
49,1350
49,1498
49,1585
49,1914
49,1946
49,2014
49,2133
49,2136
49,2232
49,2398
49,2594
50,1629
50,2478
51,146
51,359
51,407
51,470
51,476
51,499
51,566
51,584
51,585
51,600
51,634
51,706
51,771
51,1235
51,1473
51,1483
51,1817
51,1830
51,1981
51,2006
51,2021
51,2117
51,2230
51,2337
51,2389
51,2616
52,53
52,54
52,55
52,585
53,585
53,836
53,1385
54,55
54,585
55,528
55,585
56,57
56,58
56,59
56,60
56,1873
57,58
57,81
57,274
57,481
57,725
57,781
57,1339
57,1340
57,1543
57,1641
57,2161
57,2560
58,1338
58,1641
58,2113
58,2123
58,2334
59,1641
60,96
60,163
60,168
60,185
60,197
60,232
60,276
60,359
60,446
60,504
60,576
60,699
60,702
60,771
60,812
60,1030
60,1055
60,1090
60,1160
60,1207
60,1214
60,1233
60,1235
60,1244
60,1278
60,1504
60,1523
60,1545
60,1732
60,1864
60,1907
60,1981
60,1984
60,2302
60,2356
60,2368
60,2451
60,2560
60,2605
61,62
61,63
61,64
61,65
61,522
61,584
61,1469
62,88
62,92
62,261
62,275
62,463
62,484
62,497
62,511
62,522
62,523
62,538
62,621
62,701
62,852
62,892
62,984
62,985
62,1000
62,1178
62,1212
62,1223
62,1226
62,1228
62,1414
62,1417
62,1421
62,1437
62,1438
62,1521
62,1641
62,1755
62,1931
62,2130
62,2213
62,2234
62,2349
62,2358
62,2423
62,2436
62,2471
62,2571
63,2030
64,214
64,522
64,538
64,1226
64,1417
64,1438
64,1733
64,2312
65,118
65,367
65,563
65,978
65,1282
65,1470
65,2071
65,2384
66,67
66,68
66,69
66,70
66,71
66,72
66,73
66,74
66,75
66,76
66,77
66,78
66,79
66,80
66,81
66,82
66,83
66,84
66,85
66,86
66,87
66,181
66,1044
66,1049
66,1737
66,1902
66,1946
66,2409
66,2411
67,159
67,247
67,322
67,471
67,519
67,1532
67,1780
67,1991
67,1992
67,1993
67,1994
67,1995
67,1996
68,81
68,111
68,346
68,362
68,399
68,416
68,486
68,492
68,666
68,742
68,1038
68,1044
68,1047
68,1394
68,1762
68,1946
68,2591
69,486
69,666
69,1038
69,1047
69,1049
69,1899
70,146
70,153
70,164
70,181
70,232
70,252
70,268
70,313
70,335
70,354
70,357
70,362
70,404
70,407
70,492
70,525
70,641
70,649
70,666
70,684
70,739
70,744
70,745
70,746
70,760
70,785
70,821
70,911
70,946
70,967
70,1031
70,1038
70,1128
70,1202
70,1319
70,1464
70,1480
70,1625
70,1628
70,1630
70,1705
70,1910
70,1986
70,2004
70,2034
70,2121
70,2153
70,2324
70,2333
70,2352
70,2378
70,2434
71,666
71,1044
71,2534
72,79
72,166
72,486
72,666
72,1044
72,1049
72,1430
73,362
73,666
73,1038
73,1047
74,362
74,666
74,1047
75,666
76,666
76,865
76,869
76,1278
76,1756
76,1762
76,1844
76,1948
76,1949
77,81
77,437
77,486
77,604
77,666
77,1065
77,1066
78,146
78,254
78,312
78,384
78,420
78,456
78,457
78,477
78,486
78,505
78,511
78,538
78,593
78,604
78,657
78,666
78,786
78,806
78,817
78,857
78,1052
78,1240
78,1333
78,1380
78,1545
78,2219
78,2296
78,2433
79,155
79,234
79,235
79,404
79,486
79,493
79,509
79,551
79,581
79,666
79,739
79,745
79,1044
79,1403
79,1832
79,1889
79,2023
79,2273
80,108
80,666
80,1038
80,1044
80,1049
80,1946
80,2146
80,2604
81,127
81,154
81,164
81,165
81,171
81,180
81,186
81,197
81,221
81,232
81,235
81,241
81,249
81,313
81,321
81,323
81,325
81,334
81,343
81,348
81,399
81,445
81,482
81,486
81,504
81,505
81,578
81,579
81,581
81,617
81,632
81,636
81,649
81,666
81,668
81,676
81,688
81,717
81,732
81,779
81,784
81,797
81,798
81,800
81,812
81,815
81,819
81,821
81,830
81,888
81,910
81,911
81,912
81,946
81,1000
81,1047
81,1052
81,1054
81,1086
81,1128
81,1135
81,1160
81,1175
81,1183
81,1197
81,1219
81,1223
81,1226
81,1241
81,1244
81,1248
81,1263
81,1301
81,1310
81,1319
81,1345
81,1402
81,1403
81,1421
81,1427
81,1442
81,1443
81,1460
81,1504
81,1518
81,1545
81,1566
81,1586
81,1597
81,1668
81,1703
81,1709
81,1735
81,1742
81,1745
81,1747
81,1765
81,1780
81,1786
81,1819
81,1850
81,1858
81,1885
81,1939
81,1940
81,1958
81,1973
81,2019
81,2032
81,2048
81,2121
81,2130
81,2136
81,2146
81,2157
81,2159
81,2171
81,2177
81,2189
81,2194
81,2212
81,2234
81,2273
81,2282
81,2284
81,2301
81,2302
81,2304
81,2305
81,2307
81,2402
81,2413
81,2440
81,2454
81,2463
81,2536
81,2560
81,2588
81,2593
82,94
82,402
82,486
82,557
82,666
82,949
82,1735
82,1874
82,2128
83,666
83,758
83,2234
84,146
84,666
84,1421
84,2234
85,666
85,734
86,134
86,172
86,179
86,208
86,229
86,232
86,324
86,325
86,666
86,751
86,753
86,754
86,755
86,756
86,760
86,784
86,797
86,855
86,1038
86,1049
86,1425
86,1585
86,1595
86,1765
86,1910
86,2034
87,1044
88,89
88,90
88,91
88,92
88,93
89,123
89,246
89,376
89,390
89,523
89,621
89,1030
89,1223
89,1284
89,1414
89,1420
89,1621
89,2030
89,2273
89,2403
89,2479
89,2584
90,92
90,93
90,109
90,111
90,229
90,274
90,368
90,876
90,883
90,1359
90,1655
91,93
91,132
91,259
91,290
91,298
91,358
91,607
91,685
91,736
91,761
91,1283
91,1503
91,1552
91,1610
91,1691
91,1827
91,1953
91,2034
91,2057
91,2209
91,2306
91,2362
92,108
92,111
92,621
92,916
92,1270
92,1637
92,1754
92,1832
93,196
93,290
93,298
93,359
93,496
93,498
93,499
93,621
93,705
93,736
93,761
93,774
93,834
93,843
93,918
93,929
93,1051
93,1052
93,1137
93,1212
93,1223
93,1235
93,1353
93,1358
93,1376
93,1496
93,1552
93,1642
93,1754
93,1830
93,1942
93,2057
93,2093
93,2455
94,95
94,96
94,97
94,98
94,99
94,100
94,236
94,1038
94,1899
94,2127
94,2283
95,2283
96,206
96,647
96,2473
97,415
97,865
97,955
97,1039
97,1539
97,1542
97,1643
97,1757
97,2127
99,2269
100,236
100,335
100,414
100,415
100,955
100,1038
100,1047
100,1356
100,2299
100,2534
101,102
101,103
101,104
101,105
101,2088
101,2244
101,2452
101,2501
102,746
103,156
103,970
103,1491
103,1701
103,2563
104,256
104,343
104,399
104,403
104,405
104,406
104,410
104,477
104,654
104,825
104,1130
104,1243
104,1265
104,1371
104,1584
104,1586
104,1629
104,1730
104,1864
104,1899
104,2218
104,2239
104,2244
104,2452
104,2526
105,129
105,156
105,196
105,197
105,198
105,199
105,200
105,201
105,202
105,203
105,204
105,205
105,206
105,207
105,745
105,1237
105,2244
105,2501
105,2549
106,107
106,108
106,109
106,354
107,146
107,171
107,266
107,334
107,410
107,477
107,739
107,745
107,1209
107,1237
107,1625
107,1628
107,1690
107,1917
107,2140
107,2244
107,2448
107,2501
107,2529
107,2549
108,205
108,337
108,503
108,541
108,593
108,632
108,701
108,739
108,745
108,746
108,763
108,801
108,871
108,1071
108,1116
108,1127
108,1178
108,1271
108,1284
108,1307
108,1317
108,1326
108,1381
108,1382
108,1384
108,1586
108,1628
108,1668
108,1817
108,1832
108,1931
108,1979
108,2019
108,2055
108,2130
108,2146
108,2159
108,2213
108,2242
108,2268
108,2273
108,2284
108,2315
108,2485
108,2536
108,2588
108,2614
109,155
109,181
109,254
109,263
109,316
109,349
109,362
109,504
109,605
109,622
109,641
109,704
109,827
109,856
109,1139
109,1178
109,1212
109,1235
109,1297
109,1421
109,1461
109,1498
109,1522
109,1577
109,1628
109,1630
109,1631
109,1706
109,1729
109,1749
109,1754
109,1779
109,1830
109,1900
109,1902
109,1942
109,2040
109,2181
109,2205
109,2305
110,111
110,1616
110,2378
111,246
111,439
111,535
111,541
111,628
111,704
111,780
111,815
111,1054
111,1103
111,1117
111,1307
111,1358
111,1403
111,1641
111,1754
111,1834
111,2030
111,2032
111,2110
111,2195
111,2380
111,2384
111,2413
111,2498
111,2536
112,113
112,1256
113,146
113,178
113,361
113,478
113,491
113,606
113,774
113,796
113,843
113,1051
113,1135
113,1239
113,1255
113,1256
113,1278
113,1300
113,1412
113,1499
113,1506
113,1564
113,1690
113,1722
113,1801
113,1843
113,1902
113,1922
113,2004
113,2060
113,2088
113,2429
114,115
115,380
115,383
115,384
115,385
115,386
115,389
115,759
115,1360
115,1363
115,1389
115,1505
115,2165
115,2342
116,117
116,118
116,496
116,1325
116,1496
116,1641
116,1873
117,309
117,310
117,586
117,600
117,620
117,634
117,693
117,761
117,907
117,908
117,1136
117,1265
117,1414
117,2093
117,2239
117,2455
118,134
118,230
118,303
118,322
118,377
118,378
118,564
118,565
118,566
118,567
118,568
118,569
118,570
118,571
118,572
118,573
118,574
118,575
118,593
118,600
118,602
118,705
118,774
118,1284
118,1367
118,1435
118,1548
118,1638
118,1817
118,1830
118,1942
118,2497
118,2588
119,120
119,121
119,122
119,129
119,364
120,129
120,682
120,1771
120,1849
121,129
121,531
121,1016
121,2172
121,2190
121,2441
122,2353
123,124
123,541
123,871
123,1158
124,390
124,444
124,538
124,1190
124,1194
124,1531
124,1700
124,2030
124,2195
124,2234
125,126
125,127
125,128
125,129
125,130
125,131
125,132
125,133
125,134
125,135
125,136
125,137
125,138
125,139
125,140
125,141
125,142
125,277
125,279
125,944
125,1050
125,1084
125,1617
125,1742
125,1788
125,2003
125,2046
125,2155
125,2539
126,129
126,133
126,139
126,364
126,391
126,681
126,944
126,1375
126,1490
126,2003
126,2046
126,2510
127,138
127,180
127,362
127,546
127,601
127,605
127,631
127,756
127,779
127,1078
127,1099
127,1692
127,1703
127,1765
127,1788
127,1853
127,1858
127,1883
127,2181
127,2273
127,2506
127,2529
127,2579
128,139
128,208
128,279
128,362
128,364
128,1591
128,1798
128,1975
128,2003
128,2046
128,2320
128,2585
129,130
129,131
129,156
129,165
129,167
129,172
129,178
129,196
129,212
129,253
129,254
129,258
129,266
129,267
129,299
129,300
129,301
129,302
129,303
129,304
129,335
129,357
129,361
129,362
129,364
129,373
129,429
129,438
129,463
129,518
129,531
129,551
129,593
129,597
129,602
129,628
129,641
129,654
129,668
129,678
129,679
129,680
129,686
129,687
129,692
129,694
129,702
129,760
129,769
129,770
129,785
129,796
129,811
129,820
129,827
129,832
129,846
129,847
129,868
129,908
129,923
129,925
129,930
129,1001
129,1015
129,1017
129,1018
129,1030
129,1106
129,1107
129,1108
129,1109
129,1111
129,1112
129,1113
129,1115
129,1125
129,1128
129,1132
129,1171
129,1178
129,1181
129,1203
129,1255
129,1368
129,1384
129,1421
129,1471
129,1503
129,1545
129,1568
129,1577
129,1620
129,1621
129,1646
129,1668
129,1701
129,1749
129,1750
129,1751
129,1752
129,1753
129,1771
129,1843
129,1848
129,1849
129,1910
129,1914
129,1927
129,1942
129,1975
129,2016
129,2028
129,2029
129,2034
129,2046
129,2051
129,2060
129,2073
129,2149
129,2150
129,2168
129,2172
129,2173
129,2174
129,2190
129,2228
129,2234
129,2256
129,2257
129,2258
129,2259
129,2260
129,2261
129,2262
129,2263
129,2264
129,2265
129,2266
129,2267
129,2273
129,2296
129,2298
129,2320
129,2324
129,2352
129,2372
129,2398
129,2406
129,2436
129,2441
129,2462
129,2491
129,2536
129,2594
130,279
130,391
130,1412
130,2046
130,2149
130,2606
131,196
131,402
131,490
131,1668
131,2046
131,2549
132,139
132,178
132,223
132,259
132,576
132,600
132,608
132,654
132,674
132,774
132,843
132,855
132,1278
132,1349
132,1680
132,1910
132,1914
132,1925
132,1986
132,2004
132,2046
132,2057
132,2088
132,2411
132,2428
133,139
133,278
133,335
133,361
133,362
133,364
133,452
133,546
133,616
133,634
133,679
133,811
133,846
133,1037
133,1445
133,1881
133,2003
133,2046
133,2320
133,2372
133,2508
133,2539
134,138
134,279
134,353
134,361
134,381
134,632
134,939
134,944
134,1078
134,1193
134,1406
134,1742
134,1744
134,1788
134,2003
134,2046
134,2079
134,2155
135,140
135,294
135,1744
135,2293
136,178
136,208
136,258
136,259
136,576
136,604
136,632
136,796
136,811
136,1590
136,1617
136,1843
136,1902
136,1905
136,2046
136,2135
136,2396
136,2398
137,140
137,153
137,359
137,364
137,420
137,543
137,662
137,1238
137,1555
137,1744
137,2004
137,2034
137,2085
137,2129
137,2237
137,2324
137,2436
137,2523
137,2539
137,2542
137,2552
138,279
138,944
138,1038
138,1050
138,1617
138,1742
138,2003
138,2046
138,2155
139,167
139,196
139,212
139,258
139,277
139,278
139,279
139,339
139,344
139,354
139,361
139,393
139,632
139,678
139,680
139,682
139,785
139,846
139,847
139,944
139,946
139,1084
139,1087
139,1096
139,1326
139,1348
139,1489
139,1591
139,1619
139,1648
139,1742
139,1835
139,1914
139,1934
139,2003
139,2046
139,2172
139,2320
139,2372
139,2402
139,2508
139,2510
139,2539
139,2606
140,279
140,342
140,632
140,1021
140,2003
140,2046
141,279
141,320
141,354
141,2007
141,2046
141,2155
141,2293
142,382
142,452
142,1152
142,1259
142,2003
143,144
144,1124
144,1946
145,146
145,632
146,162
146,164
146,196
146,200
146,241
146,258
146,353
146,375
146,418
146,471
146,511
146,632
146,635
146,638
146,643
146,726
146,758
146,759
146,896
146,998
146,1079
146,1269
146,1301
146,1468
146,1663
146,1795
146,1884
146,2033
146,2338
146,2410
146,2420
146,2516
147,148
147,149
147,150
147,151
147,152
148,152
150,1248
150,1251
151,362
151,613
151,1284
151,1291
151,1668
151,1866
152,1554
152,2074
152,2233
153,154
153,155
153,156
153,157
153,158
153,159
153,407
153,957
153,1735
153,2372
154,158
154,159
154,171
154,216
154,219
154,253
154,254
154,320
154,405
154,465
154,524
154,1086
154,1087
154,1371
154,1383
154,1946
155,158
155,159
155,164
155,218
155,223
155,254
155,395
155,468
155,632
155,659
155,821
155,829
155,866
155,968
155,987
155,992
155,993
155,994
155,995
155,996
155,997
155,998
155,999
155,1371
155,1628
155,1632
155,2086
155,2428
156,159
156,182
156,196
156,229
156,230
156,255
156,264
156,275
156,321
156,349
156,404
156,407
156,480
156,482
156,630
156,654
156,745
156,746
156,747
156,821
156,962
156,1007
156,1020
156,1086
156,1240
156,1586
156,1705
156,1767
156,1865
156,2135
156,2169
156,2293
156,2549
156,2563
156,2573
157,962
158,159
158,164
158,181
158,403
158,406
158,464
158,467
158,504
158,957
158,962
158,1084
158,1087
158,1132
158,1257
158,1498
158,1647
158,1730
158,1739
158,1899
158,1946
158,2428
159,163
159,164
159,255
159,337
159,353
159,424
159,466
159,654
159,683
159,739
159,740
159,746
159,825
159,1084
159,1085
159,1087
159,1132
159,1371
159,1491
159,1584
159,1767
160,161
160,162
161,1086
162,330
162,335
162,357
162,359
162,402
162,407
162,420
162,776
162,1154
162,1342
162,1499
162,1508
162,1606
162,1610
162,1628
162,2004
162,2324
162,2404
163,164
163,165
163,166
163,167
163,168
163,169
163,170
163,171
163,172
163,173
163,174
163,175
163,176
163,177
163,178
163,179
163,180
163,181
163,182
163,183
163,184
164,170
164,171
164,183
164,229
164,230
164,252
164,264
164,321
164,322
164,337
164,349
164,361
164,395
164,398
164,404
164,480
164,482
164,510
164,654
164,659
164,677
164,739
164,742
164,745
164,746
164,751
164,825
164,829
164,939
164,946
164,968
164,990
164,993
164,998
164,1004
164,1084
164,1087
164,1132
164,1394
164,1730
164,1734
164,1767
164,1831
164,2143
164,2307
164,2333
164,2375
164,2376
164,2411
164,2614
165,178
165,208
165,209
165,210
165,253
165,254
165,264
165,294
165,349
165,436
165,437
165,480
165,576
165,598
165,602
165,669
165,811
165,1015
165,1143
165,1278
165,1621
165,1668
165,1817
165,1942
165,2130
165,2172
165,2412
166,171
166,175
166,181
166,182
166,229
166,230
166,321
166,329
166,340
166,348
166,361
166,362
166,384
166,390
166,410
166,469
166,470
166,471
166,474
166,482
166,518
166,739
166,745
166,746
166,821
166,825
166,831
166,946
166,1012
166,1116
166,1139
166,1178
166,1271
166,1348
166,1388
166,1464
166,1546
166,1586
166,1621
166,1666
166,1668
166,1705
166,1946
166,1973
166,2028
166,2065
166,2082
166,2088
166,2218
166,2232
166,2305
166,2307
166,2333
166,2343
166,2390
166,2411
166,2456
166,2479
166,2549
166,2588
167,196
167,212
167,258
167,269
167,359
167,361
167,362
167,393
167,405
167,429
167,528
167,543
167,551
167,751
167,785
167,786
167,827
167,846
167,847
167,923
167,925
167,929
167,946
167,976
167,1084
167,1115
167,1132
167,1244
167,1503
167,1506
167,1585
167,1591
167,1620
167,1649
167,1650
167,1651
167,1792
167,1848
167,1902
167,1910
167,1914
167,1986
167,2088
167,2172
167,2372
167,2612
168,169
168,176
168,229
168,384
168,479
168,543
168,702
168,703
168,704
168,859
168,929
168,1012
168,1135
168,1237
168,1263
168,1278
168,1586
168,1625
168,1776
168,2004
168,2165
168,2324
168,2418
168,2563
170,172
170,229
170,504
170,826
170,1101
170,1654
170,1730
170,2293
171,181
171,182
171,186
171,199
171,210
171,250
171,264
171,340
171,406
171,410
171,472
171,632
171,739
171,745
171,746
171,821
171,825
171,1241
171,1586
171,1607
171,1614
171,2218
171,2343
171,2420
171,2501
171,2549
171,2563
172,197
172,229
172,256
172,264
172,321
172,337
172,345
172,353
172,384
172,407
172,514
172,532
172,556
172,618
172,627
172,630
172,632
172,811
172,851
172,852
172,853
172,854
172,946
172,962
172,1463
172,2082
172,2165
172,2542
174,285
174,576
174,585
174,1390
174,1523
174,1776
174,1942
174,2372
174,2449
174,2582
174,2583
175,181
175,182
175,186
175,250
175,339
175,340
175,343
175,403
175,404
175,408
175,410
175,477
175,745
175,746
175,821
175,1100
175,1152
175,1614
175,1629
175,1862
175,1863
175,1922
175,2127
175,2244
175,2388
175,2392
175,2420
175,2452
175,2501
175,2563
176,181
176,182
176,250
176,267
176,321
176,339
176,340
176,343
176,399
176,403
176,409
176,410
176,448
176,450
176,476
176,477
176,582
176,745
176,746
176,751
176,777
176,815
176,919
176,1129
176,1152
176,1239
176,1312
176,1614
176,1922
176,1932
176,2011
176,2012
176,2013
176,2014
176,2172
176,2244
176,2388
176,2411
176,2420
176,2452
176,2542
177,182
177,213
177,229
177,233
177,472
177,630
177,744
177,745
177,746
177,905
177,1237
177,1241
177,1614
177,2343
177,2420
177,2549
178,198
178,202
178,209
178,210
178,218
178,267
178,278
178,301
178,359
178,397
178,463
178,467
178,480
178,485
178,491
178,499
178,576
178,577
178,595
178,608
178,632
178,700
178,842
178,854
178,856
178,888
178,945
178,993
178,1105
178,1110
178,1130
178,1139
178,1275
178,1578
178,1673
178,1676
178,1690
178,1730
178,1797
178,1914
178,1925
178,1934
178,1941
178,1942
178,1943
178,1944
178,1945
178,1946
178,2172
178,2320
178,2372
178,2398
178,2539
178,2542
179,337
179,342
179,353
179,546
179,562
179,609
179,890
179,919
179,1123
179,1244
179,1593
179,1614
179,1766
179,2244
179,2388
179,2563
180,402
180,482
180,548
180,649
180,742
180,751
180,760
180,1001
180,1217
180,1854
181,186
181,224
181,229
181,410
181,468
181,582
181,739
181,822
181,825
181,1614
181,1922
181,2012
181,2088
181,2286
181,2420
181,2501
181,2526
182,229
182,343
182,407
182,410
182,746
182,825
182,1152
182,1237
182,1238
182,1614
182,2172
182,2218
182,2420
182,2501
182,2563
183,365
183,674
183,827
183,901
183,2320
184,277
184,279
184,1050
184,1193
184,1742
184,1788
184,2046
184,2155
184,2539
185,186
185,187
186,199
186,250
186,253
186,254
186,256
186,349
186,384
186,399
186,403
186,404
186,405
186,410
186,524
186,562
186,745
186,749
186,825
186,1152
186,1371
186,1383
186,1586
186,2105
186,2244
186,2273
186,2282
186,2501
186,2549
187,1030
187,1418
187,2054
187,2055
188,189
188,190
188,191
188,192
188,193
188,194
188,195
189,671
191,192
191,194
191,299
191,671
191,900
191,908
191,1181
191,1651
192,193
192,2096
193,299
194,298
194,299
194,300
194,2228
195,300
196,258
196,287
196,303
196,359
196,362
196,364
196,391
196,491
196,531
196,585
196,689
196,694
196,796
196,1015
196,1030
196,1278
196,1463
196,1503
196,1533
196,1564
196,1690
196,1701
196,1794
196,1843
196,1956
196,1981
196,2000
196,2006
196,2029
196,2149
196,2172
196,2190
196,2232
196,2425
196,2436
196,2441
196,2520
196,2571
197,198
197,215
197,294
197,346
197,463
197,576
197,598
197,668
197,1030
197,1223
197,1278
197,1581
197,1668
197,2290
197,2560
198,208
198,210
198,288
198,585
198,604
198,796
198,1069
198,1278
198,1437
198,1438
198,1595
198,1616
198,1843
198,2290
198,2372
199,251
199,256
199,346
199,403
199,404
199,448
199,451
199,826
199,1614
200,362
200,405
200,503
200,609
200,760
200,838
200,1487
200,2008
200,2288
200,2377
201,673
201,1030
201,1278
201,1301
201,1450
202,229
202,288
202,404
202,446
202,576
202,586
202,604
202,605
202,886
202,1498
202,1621
202,2073
202,2377
203,486
203,673
203,875
203,1038
203,1078
203,1082
203,1278
203,1481
203,1577
203,1628
203,1658
203,1709
203,1710
203,1844
203,2136
203,2446
204,346
204,1278
204,1864
204,2052
205,1152
205,1584
206,446
206,609
206,838
206,1127
206,1301
206,1333
206,1439
206,1487
206,1574
206,1787
206,1885
206,2008
206,2065
206,2087
206,2288
207,505
207,579
207,581
207,654
207,1012
207,1278
207,1333
207,2179
208,209
208,210
208,211
208,212
208,213
208,576
208,2372
208,2396
208,2542
209,576
209,596
209,673
209,1278
209,1553
209,1621
209,2372
209,2396
209,2542
210,361
210,366
210,596
210,654
210,668
210,673
210,1030
210,1038
210,1178
210,1278
210,1621
210,1632
210,1701
210,1749
210,2396
210,2542
210,2548
211,1300
211,2320
212,219
212,364
212,429
212,543
212,576
212,786
212,2172
212,2232
212,2324
212,2396
213,230
213,739
213,744
213,1237
213,2501
213,2549
214,215
214,216
214,217
214,218
214,219
214,220
214,221
214,222
214,223
214,224
214,596
214,1223
214,2052
215,221
215,2032
215,2234
216,584
216,2332
216,2614
217,346
217,1000
217,1621
217,1667
217,1668
218,346
218,2378
219,249
219,313
219,578
219,581
219,729
219,732
219,929
219,959
219,991
219,1254
219,1255
219,1365
219,1464
219,1559
219,1658
219,1701
219,1765
219,1939
219,2060
219,2062
219,2136
219,2145
219,2156
219,2179
219,2194
219,2371
220,605
220,1733
220,2040
220,2061
220,2146
220,2159
221,230
221,350
221,482
221,576
221,605
221,1668
221,1725
221,1733
221,2077
221,2078
221,2146
221,2159
221,2273
221,2456
222,1733
222,2042
222,2358
222,2359
223,674
223,856
223,989
223,991
223,1042
223,1133
223,1944
223,2105
223,2331
224,230
224,482
224,1733
224,2501
224,2549
225,226
225,227
225,1498
227,860
227,861
228,229
228,230
228,231
228,232
228,233
228,234
228,235
228,236
228,2534
229,230
229,232
229,233
229,235
229,265
229,321
229,337
229,362
229,410
229,445
229,455
229,457
229,460
229,482
229,486
229,499
229,505
229,509
229,551
229,562
229,579
229,581
229,593
229,688
229,783
229,821
229,825
229,863
229,868
229,869
229,958
229,1030
229,1038
229,1044
229,1047
229,1055
229,1212
229,1237
229,1243
229,1255
229,1271
229,1278
229,1280
229,1319
229,1333
229,1358
229,1397
229,1403
229,1414
229,1419
229,1434
229,1483
229,1668
229,1701
229,1705
229,1817
229,1832
229,1865
229,1914
229,1946
229,1966
229,2003
229,2048
229,2050
229,2060
229,2146
229,2152
229,2181
229,2189
229,2293
229,2335
229,2336
229,2406
229,2444
229,2498
229,2501
229,2549
229,2563
229,2614
230,232
230,275
230,321
230,322
230,362
230,471
230,480
230,482
230,581
230,657
230,749
230,752
230,783
230,1044
230,1145
230,1160
230,1178
230,1179
230,1607
230,1701
230,1914
230,2048
230,2146
230,2181
230,2341
230,2358
230,2563
231,235
231,610
231,1609
231,1725
231,2429
232,235
232,316
232,418
232,499
232,911
232,926
232,1044
232,1066
232,1147
232,1148
232,1160
232,2050
233,235
233,361
233,480
233,504
233,630
233,641
233,739
233,744
233,745
233,746
233,946
233,1082
233,1131
233,1277
233,1616
233,1730
233,1914
233,2036
233,2428
234,781
234,1009
235,322
235,333
235,511
235,660
235,755
235,781
235,969
235,1044
235,1045
235,1145
235,1517
235,2039
235,2534
236,413
236,434
236,1045
236,1899
236,2534
237,238
237,1492
238,600
238,725
238,1341
238,1492
238,2093
238,2107
239,240
239,2567
240,2567
241,1670
241,2153
241,2229
242,243
242,244
242,245
244,501
244,1263
244,1803
244,2004
246,247
246,248
246,420
247,1337
247,1532
248,334
248,426
248,561
248,612
248,663
248,874
248,2543
250,251
250,252
250,253
250,254
250,255
250,256
250,257
251,343
251,449
251,450
251,451
251,745
251,746
251,845
252,321
252,659
252,1059
252,1129
252,1730
252,1749
252,2214
252,2523
253,264
253,448
253,464
253,466
253,968
253,1086
253,1152
254,971
254,972
254,973
254,974
254,975
254,976
255,353
255,409
255,465
255,668
255,739
255,745
255,746
255,1084
255,1086
255,1098
255,1128
255,2411
255,2428
255,2594
255,2612
256,441
256,448
256,451
256,464
256,1614
256,1814
256,2420
257,290
257,303
257,332
257,364
257,395
257,410
257,532
257,1801
257,1959
257,2462
257,2501
257,2596
257,2602
258,274
258,284
258,287
258,288
258,300
258,304
258,359
258,361
258,364
258,429
258,551
258,596
258,680
258,694
258,785
258,786
258,827
258,831
258,866
258,924
258,1051
258,1106
258,1107
258,1108
258,1109
258,1110
258,1111
258,1112
258,1113
258,1114
258,1115
258,1255
258,1300
258,1305
258,1463
258,1500
258,1503
258,1508
258,1577
258,1606
258,1794
258,1848
258,1975
258,2028
258,2034
258,2060
258,2172
258,2190
258,2232
258,2273
258,2304
258,2309
258,2320
258,2361
258,2372
258,2402
258,2436
258,2441
258,2479
258,2539
258,2571
259,300
259,577
259,608
259,634
259,796
259,977
259,978
259,1616
259,1843
259,2095
260,261
260,262
260,263
260,264
261,1245
261,2134
263,362
263,1248
263,1252
263,2075
264,275
264,320
264,321
264,334
264,348
264,362
264,404
264,420
264,445
264,463
264,492
264,503
264,538
264,579
264,581
264,582
264,585
264,641
264,649
264,654
264,746
264,758
264,771
264,779
264,783
264,812
264,821
264,868
264,881
264,895
264,912
264,935
264,962
264,985
264,1022
264,1054
264,1071
264,1074
264,1090
264,1128
264,1160
264,1183
264,1187
264,1200
264,1212
264,1271
264,1284
264,1301
264,1333
264,1467
264,1545
264,1586
264,1625
264,1701
264,1765
264,1801
264,1819
264,1915
264,1939
264,1958
264,2007
264,2032
264,2048
264,2069
264,2146
264,2153
264,2179
264,2193
264,2234
264,2273
264,2333
264,2402
264,2411
264,2423
264,2435
264,2488
264,2527
264,2584
265,455
265,1015
266,267
266,268
266,269
266,270
266,1925
266,2086
267,278
267,332
267,334
267,362
267,633
267,680
267,711
267,1022
267,1049
267,1393
267,2237
267,2599
268,424
268,634
268,668
268,674
268,739
268,1239
268,1256
268,1409
268,1410
268,1411
268,1914
268,1927
268,2594
269,279
269,353
269,364
269,410
269,896
269,1326
269,1360
269,1473
269,1959
269,2218
269,2300
269,2411
269,2439
269,2480
269,2577
269,2602
271,272
271,2189
272,443
272,462
272,504
272,549
272,584
272,888
272,1085
272,1255
272,1293
272,1301
272,1528
272,1562
272,2087
272,2189
272,2312
272,2409
273,274
273,275
273,276
273,2242
273,2423
274,390
274,538
274,586
274,694
274,769
274,899
274,1173
274,1211
274,1284
274,1317
274,1358
274,1509
274,1531
274,1673
274,1754
274,1861
274,2197
274,2246
274,2273
274,2305
274,2423
274,2436
274,2536
274,2614
275,582
275,912
275,1042
275,1130
275,1186
275,1189
275,1284
275,1286
275,1382
275,1668
275,1730
275,1924
275,2305
275,2566
276,571
276,1069
276,1226
276,1301
276,1417
276,1435
276,1438
276,1506
276,2030
276,2460
277,278
277,279
278,359
278,382
278,632
278,672
278,785
278,1096
278,1881
278,1925
278,2320
278,2429
278,2539
279,942
279,943
279,944
279,945
279,1050
279,2046
280,281
281,418
282,283
282,814
282,1426
283,396
283,601
283,889
283,1099
283,1425
283,1858
284,285
284,286
284,287
284,358
284,1051
284,1052
284,1792
284,1794
284,1798
284,2378
284,2418
285,287
285,685
285,702
285,877
285,1052
285,1830
285,2449
285,2542
286,358
286,1051
287,304
287,361
287,362
287,392
287,393
287,680
287,827
287,832
287,866
287,1051
287,1106
287,1109
287,1115
287,1300
287,1503
287,1619
287,1620
287,1794
287,1914
287,2378
287,2524
288,289
288,290
288,291
288,292
288,293
288,294
288,295
288,296
288,297
289,881
289,935
289,1004
289,1022
289,2143
289,2404
289,2494
290,359
290,384
290,774
290,843
290,859
290,1390
290,1392
290,1499
290,1577
290,1630
290,1631
290,1774
290,1776
290,1963
290,2004
290,2088
290,2095
290,2133
290,2165
290,2239
290,2250
290,2353
290,2442
290,2520
290,2563
290,2568
290,2583
292,600
292,606
292,664
292,1278
292,1499
292,1801
292,2004
292,2088
292,2409
292,2436
292,2512
292,2520
293,1004
293,1625
293,1777
293,2189
294,353
294,381
294,590
294,632
294,638
294,639
294,757
294,758
294,759
294,2420
295,641
296,300
296,359
296,1087
296,1824
296,1825
296,1826
296,2129
296,2209
296,2232
296,2526
296,2606
297,1278
297,1728
297,2372
298,299
298,300
298,611
298,1212
298,1941
299,365
299,680
299,900
299,977
299,1082
299,1113
299,1178
299,1278
300,361
300,364
300,686
300,687
300,1503
300,1825
300,1981
300,2436
301,302
301,303
301,304
301,364
301,531
301,671
301,876
301,1849
301,2172
301,2190
301,2309
301,2441
302,364
302,391
302,694
302,876
302,1106
302,1126
302,1503
302,1771
302,2259
303,362
303,364
303,368
303,483
303,563
303,569
303,573
303,585
303,593
303,607
303,692
303,1096
303,1181
303,1212
303,1258
303,1851
303,1936
303,1956
303,1981
303,2140
303,2423
303,2551
304,361
304,585
304,1015
304,1111
304,1956
304,1981
304,2140
304,2149
304,2172
304,2551
305,306
306,339
306,343
306,745
306,946
306,1738
306,1964
306,2574
307,308
307,543
308,331
308,335
308,732
308,760
308,796
308,909
308,1241
308,1271
308,1481
308,1508
308,1512
308,1634
308,1843
308,1858
308,1986
308,2065
308,2324
308,2552
309,310
309,593
310,876
310,1052
310,1136
310,2093
311,312
311,1052
312,314
312,322
312,384
312,504
312,505
312,511
312,546
312,657
312,658
312,786
312,1151
312,1194
312,1333
312,1355
312,1380
312,1419
312,1621
312,2007
312,2061
312,2099
312,2232
313,314
314,322
314,471
314,738
315,316
315,584
315,1469
316,369
316,462
316,1030
316,1090
316,1160
316,1284
316,1469
316,2282
316,2341
316,2349
317,318
317,319
318,412
318,1102
318,1189
319,1634
320,321
320,322
320,323
320,324
320,325
320,326
320,327
320,328
320,329
320,330
320,331
320,332
320,333
320,334
320,335
320,336
320,337
320,338
320,632
320,869
320,2411
320,2526
321,322
321,349
321,398
321,418
321,474
321,480
321,482
321,510
321,654
321,659
321,677
321,746
321,751
321,752
321,821
321,831
321,832
321,881
321,937
321,938
321,939
321,1130
321,1628
321,1629
321,2307
322,346
322,362
322,384
322,457
322,657
322,786
322,821
322,911
322,946
322,1291
322,1319
322,1360
322,1506
322,1532
322,1621
322,1786
322,1946
322,2034
322,2105
322,2305
322,2553
323,568
324,325
324,548
324,589
324,601
324,756
324,1000
324,1425
324,1858
324,2282
325,347
325,352
325,576
325,601
325,605
325,753
325,754
325,779
325,940
325,1044
325,1099
325,1425
325,2069
326,327
326,337
326,676
326,760
326,1634
326,1635
326,1756
326,1764
326,1785
326,1806
326,1846
326,2225
326,2324
327,714
327,1634
327,1764
327,1804
327,2420
328,331
328,335
328,632
328,898
328,1022
328,1798
328,1925
328,2004
329,395
329,436
329,438
329,878
329,1129
329,1206
330,428
330,1123
331,335
331,420
331,427
332,606
332,856
332,1617
332,1801
332,1934
332,2516
333,420
333,479
333,486
333,869
333,946
333,1038
333,1047
333,1237
333,1585
333,1946
333,2296
333,2534
333,2549
334,337
334,420
334,423
334,430
334,452
334,485
334,488
334,582
334,759
334,873
334,874
334,948
334,959
334,993
334,1038
334,1041
334,1136
334,1215
334,1260
334,1261
334,1262
334,1263
334,1264
334,1946
334,1959
334,2007
334,2462
334,2531
334,2591
335,420
335,423
335,427
335,751
335,1047
335,1049
335,1192
335,1808
335,1845
335,2591
337,424
337,549
337,562
337,616
337,659
337,717
337,739
337,742
337,745
337,812
337,891
337,1394
337,1440
337,1463
337,1661
337,1662
337,1663
337,1664
337,1665
337,1767
337,1801
337,2007
337,2153
337,2293
337,2526
337,2574
338,1093
338,1546
338,1570
338,1889
338,2596
339,340
339,341
339,342
339,343
339,344
339,345
339,346
339,1513
339,1614
339,2218
339,2244
339,2411
339,2420
339,2501
340,345
340,346
340,364
340,468
340,477
340,745
340,1144
340,1241
340,1614
340,1801
340,2244
340,2388
340,2411
340,2420
340,2563
341,2542
341,2602
342,353
342,354
342,380
342,381
342,382
342,399
342,410
342,452
342,476
342,632
342,944
342,1193
342,1383
342,1389
342,1459
342,1614
342,1617
342,1910
342,2088
342,2155
342,2218
342,2244
342,2289
342,2300
342,2420
342,2439
342,2452
342,2501
342,2526
342,2549
343,399
343,408
343,410
343,451
343,468
343,739
343,742
343,745
343,746
343,803
343,805
343,1152
343,1614
343,2012
343,2206
343,2244
343,2388
343,2411
343,2420
343,2501
344,366
344,407
344,482
344,672
344,1324
344,1703
344,2086
344,2300
344,2411
344,2439
344,2501
344,2523
344,2526
344,2549
344,2563
344,2602
345,399
345,468
345,739
345,2088
345,2244
345,2420
345,2452
345,2485
345,2563
346,450
346,485
346,520
346,618
346,696
346,742
346,760
346,1164
346,1241
346,1395
346,1764
346,1841
346,1842
347,348
347,349
347,350
347,351
347,352
347,353
347,2014
348,418
348,535
348,752
348,871
348,940
348,1000
348,1311
348,1622
349,355
349,425
349,441
349,486
349,521
349,535
349,617
349,618
349,821
349,871
349,888
349,911
349,1004
349,1025
349,1050
349,1190
349,1248
349,1520
349,1531
349,1668
349,1700
349,1701
349,1705
349,1832
349,1915
349,1973
349,2030
349,2143
349,2156
349,2283
349,2307
349,2333
349,2479
349,2566
350,940
351,655
351,940
351,1164
351,1632
351,1692
351,1703
351,1858
351,2506
351,2531
352,940
352,1047
352,1425
352,1910
352,1934
352,2516
353,365
353,407
353,409
353,479
353,543
353,605
353,612
353,641
353,666
353,676
353,715
353,796
353,872
353,895
353,940
353,946
353,1037
353,1080
353,1086
353,1130
353,1241
353,1265
353,1271
353,1383
353,1464
353,1506
353,1555
353,1563
353,1564
353,1630
353,1635
353,1722
353,1729
353,1774
353,1843
353,1864
353,1889
353,1963
353,1986
353,2004
353,2007
353,2010
353,2087
353,2101
353,2133
353,2153
353,2162
353,2231
353,2239
353,2293
353,2296
353,2324
353,2428
353,2458
353,2480
353,2523
353,2539
353,2543
353,2559
353,2574
353,2595
353,2596
354,355
354,356
354,357
354,358
354,359
354,360
354,361
354,362
354,363
354,364
354,365
354,366
355,363
355,912
357,390
357,391
357,392
357,393
357,394
357,395
357,396
357,397
357,398
357,2561
358,390
358,772
358,1051
358,1052
358,1304
358,1792
358,1794
358,2361
358,2422
359,452
359,472
359,479
359,528
359,543
359,549
359,576
359,600
359,606
359,632
359,634
359,671
359,761
359,773
359,774
359,775
359,776
359,834
359,837
359,843
359,1243
359,1314
359,1326
359,1374
359,1375
359,1376
359,1463
359,1606
359,1776
359,1795
359,1825
359,1866
359,1922
359,1925
359,2088
359,2151
359,2172
359,2289
359,2320
359,2353
359,2372
359,2402
359,2568
359,2597
361,438
361,440
361,551
361,678
361,679
361,680
361,681
361,682
361,683
361,684
361,1049
361,1934
361,2320
361,2542
361,2612
362,415
362,417
362,419
362,423
362,425
362,446
362,447
362,467
362,471
362,482
362,509
362,511
362,514
362,529
362,546
362,553
362,581
362,583
362,638
362,657
362,658
362,676
362,681
362,717
362,738
362,751
362,812
362,815
362,881
362,930
362,934
362,949
362,959
362,990
362,1033
362,1098
362,1119
362,1129
362,1145
362,1272
362,1419
362,1441
362,1445
362,1511
362,1591
362,1645
362,1700
362,1787
362,1834
362,1856
362,1866
362,1867
362,1967
362,1968
362,1969
362,1970
362,1971
362,1972
362,1973
362,1974
362,1975
362,1976
362,1977
362,2172
363,824
363,965
363,1195
363,1526
363,1926
363,2229
364,377
364,382
364,393
364,397
364,514
364,634
364,678
364,679
364,680
364,681
364,682
364,770
364,829
364,846
364,847
364,856
364,923
364,939
364,1016
364,1017
364,1018
364,1019
364,1026
364,1107
364,1109
364,1115
364,1203
364,1372
364,1480
364,1591
364,1619
364,1679
364,1750
364,1753
364,1771
364,1815
364,1988
364,2001
364,2174
364,2228
364,2257
364,2263
364,2309
364,2400
364,2401
364,2539
365,514
365,668
365,977
365,1239
365,1631
365,1910
365,1914
365,1917
365,1946
365,2570
366,490
366,674
366,710
366,759
366,1568
366,1829
366,2335
366,2406
367,368
367,369
367,370
368,496
368,497
368,499
368,704
368,883
368,1309
368,1358
368,1483
368,1754
368,1942
368,2326
368,2384
368,2511
369,704
369,1336
369,1337
369,1797
369,1942
369,2326
369,2384
369,2511
370,621
370,1212
370,1223
370,1621
370,1754
370,2326
370,2384
372,373
372,374
372,375
373,596
373,1157
373,1178
373,1606
373,1668
373,2105
373,2273
373,2551
374,615
374,1199
374,1905
374,2186
375,675
375,849
375,872
375,935
375,1769
375,1964
375,1975
375,2315
375,2409
375,2494
377,378
377,379
377,598
378,379
378,2117
379,1370
380,381
380,382
380,383
380,384
380,385
380,386
380,387
380,388
380,389
381,543
381,1000
381,1212
381,1241
381,1481
381,1577
381,1798
381,1946
381,2597
382,1412
382,1721
382,1722
382,2368
383,384
383,1383
383,1473
383,1836
383,2162
383,2481
384,425
384,462
384,482
384,596
384,636
384,772
384,812
384,862
384,878
384,879
384,1398
384,1840
384,2165
384,2342
385,1360
385,1389
385,1836
385,2162
385,2342
386,1383
386,1473
386,2162
386,2342
386,2343
387,388
387,1473
387,2342
388,1840
388,2162
388,2275
388,2342
388,2481
389,879
389,1360
389,1840
389,2275
389,2342
389,2343
389,2481
390,631
390,650
390,785
390,830
390,1355
390,1442
390,2031
390,2032
390,2491
390,2593
391,606
391,678
391,679
391,785
391,820
391,923
391,925
391,1001
391,1107
391,1202
391,1231
391,1404
391,1413
391,1750
391,1751
391,1752
391,1753
391,2115
391,2364
391,2536
392,429
392,593
392,786
392,922
392,1178
392,1305
392,1503
392,1794
392,1848
392,2612
393,551
393,647
393,925
393,1084
393,1132
393,1239
393,1412
393,1591
393,1792
393,1975
393,2088
393,2320
393,2402
393,2473
394,1244
395,632
395,764
395,881
395,909
395,1015
395,1080
395,1086
395,1128
395,1130
395,1555
395,1577
395,1654
395,1668
395,1735
395,1764
395,1801
395,1890
395,1910
395,2028
395,2163
395,2434
395,2516
395,2559
395,2577
396,419
396,781
396,1145
396,1218
396,1910
397,796
397,1631
397,1769
397,1843
397,1910
397,2087
397,2531
398,605
398,617
398,819
398,821
398,958
398,986
398,1595
398,1734
398,2069
398,2506
399,400
399,401
399,402
399,403
399,404
399,405
399,406
399,407
399,408
399,409
399,410
399,411
400,2574
401,477
401,587
401,1475
401,2287
402,406
402,420
402,554
402,622
402,825
402,869
402,872
402,1080
402,1241
402,1269
402,1387
402,1629
402,1850
402,2014
402,2428
403,448
403,468
403,524
403,1324
403,1614
403,2218
403,2420
403,2452
404,464
404,468
404,887
404,926
404,1152
404,1210
404,1241
404,1614
404,2343
404,2420
404,2501
405,446
405,447
405,451
405,521
405,546
405,581
405,657
405,738
405,751
405,881
405,930
405,959
405,1301
405,1591
405,1645
405,1899
405,2244
405,2343
405,2420
406,464
406,465
406,466
406,467
406,468
406,668
406,1237
406,1614
406,1914
406,2542
406,2563
407,409
407,431
407,532
407,584
407,636
407,672
407,772
407,962
407,1199
407,1717
407,1719
407,2201
407,2202
407,2324
407,2501
407,2523
407,2526
407,2542
408,410
408,472
408,1237
408,1614
408,1617
408,2388
408,2549
409,418
409,419
409,609
409,723
409,957
409,963
409,1324
409,1719
409,1785
409,2282
409,2523
410,746
410,821
410,822
410,823
410,824
410,825
410,826
410,1152
410,1614
410,1617
410,1922
410,2218
410,2420
410,2501
411,555
411,612
411,706
411,967
411,1354
411,1546
411,1562
411,2086
411,2189
411,2274
411,2501
411,2512
411,2549
413,414
413,415
413,416
415,492
415,863
415,865
415,949
415,955
415,956
415,1047
415,1192
415,1356
415,1590
415,1639
415,1757
415,1844
415,2027
415,2127
415,2225
415,2553
416,1038
416,1780
416,2564
417,418
417,419
417,737
417,1399
417,1850
417,2242
418,474
418,481
418,739
418,830
418,1288
418,1310
418,1399
418,1442
418,1443
418,1545
418,1601
418,1786
418,1850
418,2050
418,2152
418,2164
418,2177
418,2240
418,2324
418,2456
418,2506
418,2547
418,2553
418,2593
419,576
419,597
419,604
419,737
419,783
419,797
419,800
419,830
419,857
419,1000
419,1015
419,1103
419,1116
419,1139
419,1147
419,1160
419,1171
419,1399
419,1403
419,1442
419,1443
419,1504
419,1760
419,1762
419,1850
419,1916
419,1986
419,2048
419,2050
419,2177
419,2194
419,2234
419,2240
419,2242
419,2273
419,2280
419,2302
419,2324
419,2349
419,2433
419,2509
419,2593
420,421
420,422
420,423
420,424
420,425
420,426
420,427
420,428
420,429
420,430
420,1038
421,622
421,766
421,874
421,1199
422,1141
422,1890
423,425
423,427
423,622
423,767
423,874
423,934
423,1154
423,1365
423,1784
424,472
424,473
424,717
424,1255
424,1774
424,1848
424,1849
424,2060
424,2133
424,2244
424,2593
425,872
425,874
425,935
425,1251
425,1900
425,2122
425,2124
425,2407
425,2454
427,767
427,1331
427,1332
428,1038
428,1667
429,551
429,680
429,785
429,786
429,939
429,1112
429,1113
429,1115
429,1488
429,1502
429,1619
429,1620
429,1647
429,1648
429,1917
429,2283
429,2320
429,2402
429,2510
430,1004
430,2007
431,432
431,1158
431,1719
432,961
432,1767
433,434
433,435
433,869
434,1044
435,1656
436,437
436,438
436,439
436,668
436,673
436,674
436,1030
436,1178
436,1749
436,1914
437,1030
437,1178
437,1914
437,2322
438,1030
438,1178
438,2322
439,739
439,742
439,744
439,745
439,1054
439,1394
439,1504
439,1749
439,2032
439,2092
439,2146
439,2302
439,2322
440,441
440,442
440,443
440,632
440,674
440,1934
440,2320
440,2612
441,463
441,535
441,617
441,618
441,886
441,1135
441,1217
441,1625
441,1944
441,2073
441,2579
442,604
442,729
442,2145
443,1254
443,1387
443,1546
443,1629
443,2279
444,445
444,446
444,447
444,617
444,688
444,892
444,1755
444,2152
445,447
445,453
445,649
445,2488
446,477
446,541
446,757
446,871
446,1158
446,1223
446,1240
446,1301
446,1371
446,1931
446,2130
446,2151
446,2197
446,2213
446,2273
446,2282
446,2553
447,453
447,585
447,649
447,1197
447,1428
447,1616
447,1866
447,2166
447,2392
448,449
448,450
448,451
448,845
449,826
449,1152
449,1308
449,1313
449,2394
450,826
450,1899
450,2170
451,2170
452,1026
452,1744
452,2243
452,2420
453,649
454,555
454,1563
455,456
455,457
455,458
455,459
456,970
456,1434
457,582
458,2457
458,2493
461,462
461,463
461,2539
462,490
462,627
462,879
462,984
462,1769
462,1941
462,1946
462,2087
463,490
463,854
463,945
463,1395
463,1484
463,1485
464,957
464,1629
464,1730
465,968
465,1086
465,1491
466,1257
467,1130
467,1132
467,1371
467,1555
467,1586
467,1629
467,1833
467,2574
468,825
468,851
468,1152
468,1265
468,1371
468,1586
468,1614
468,1932
468,2014
468,2239
469,1399
470,789
470,1322
471,579
471,863
471,1532
471,1668
471,2315
472,473
472,474
472,475
472,646
472,1237
472,1922
472,2388
472,2549
473,1094
473,2150
474,1086
474,1119
474,1237
474,1269
474,1767
474,2392
474,2548
474,2612
476,477
477,503
477,511
477,546
477,655
477,657
477,722
477,727
477,853
477,1152
477,1160
477,1244
477,1269
477,1456
477,1457
477,1458
479,480
479,481
479,482
479,483
479,2283
479,2595
480,596
480,821
480,911
480,1701
480,2273
480,2298
480,2462
481,503
481,609
481,762
481,763
481,784
481,801
481,1035
481,1116
481,1145
481,1147
481,1309
481,1338
481,1399
481,1487
481,1699
481,1787
481,1858
481,2008
481,2055
481,2113
481,2123
481,2283
481,2284
481,2288
481,2334
481,2363
482,597
482,641
482,747
482,821
482,831
482,947
482,1052
482,1123
482,1145
482,1194
482,1388
482,1395
482,1625
482,1629
482,1762
482,1910
482,1973
482,1997
482,2105
482,2135
482,2307
483,607
484,485
485,486
485,525
485,532
485,771
485,776
485,1038
485,1233
485,1342
485,1392
485,1658
485,1833
485,1858
485,2136
485,2454
485,2542
485,2614
486,487
486,488
486,489
486,490
486,491
486,492
486,493
486,494
486,495
486,1049
486,1760
487,1442
487,2273
487,2305
487,2331
489,1421
490,675
490,739
490,1004
490,1020
490,1031
490,1044
490,1098
490,1131
490,1240
490,1346
490,1464
490,1658
490,1705
490,1769
490,1964
490,2036
490,2087
490,2135
490,2143
490,2189
490,2307
490,2333
490,2378
490,2501
490,2549
490,2563
490,2573
491,843
491,931
491,1105
491,1870
491,1871
491,2369
492,949
492,955
492,956
492,2372
493,666
493,1038
493,1049
493,1074
493,1130
494,666
494,781
494,1039
495,690
496,497
496,498
496,499
496,577
496,1235
496,1754
496,1830
496,1941
496,1942
496,2384
497,499
497,702
497,876
497,883
497,884
497,1212
497,1214
497,1353
497,1358
497,1483
497,1754
497,1797
497,1942
497,1984
497,2191
497,2384
497,2511
498,835
498,1235
498,1492
498,1494
498,1496
498,1497
498,1830
498,1942
498,2093
498,2353
499,584
499,876
499,1270
499,1595
499,1655
499,1730
499,1942
499,1946
499,1979
500,501
500,502
500,503
500,2583
501,514
501,1135
501,1136
501,1263
502,1135
502,1263
503,613
503,838
503,840
503,912
503,941
503,1071
503,1127
503,1160
503,1238
503,1284
503,1285
503,1300
503,1546
503,2088
503,2282
503,2536
503,2559
504,505
504,506
504,507
504,508
504,509
504,510
504,511
504,512
504,513
504,514
504,515
504,2428
505,511
505,546
505,622
505,657
505,658
505,717
505,805
505,1910
505,2014
505,2061
505,2098
507,1219
508,1178
508,1219
508,1777
508,2040
509,781
509,1130
509,1590
509,1730
509,1731
509,2293
510,513
510,598
510,651
510,709
510,821
510,1000
510,1130
510,1297
510,1730
510,1889
510,1963
510,2290
510,2293
510,2296
510,2307
511,546
511,581
511,598
511,654
511,657
511,658
511,737
511,784
511,786
511,797
511,798
511,946
511,1043
511,1044
511,1217
511,1240
511,1621
511,1668
511,1760
511,1946
511,1973
511,2014
511,2028
511,2192
511,2296
511,2465
511,2479
513,1297
513,1730
513,1889
513,2290
514,664
514,668
514,674
514,675
514,796
514,855
514,895
514,902
514,935
514,959
514,1049
514,1050
514,1135
514,1255
514,1268
514,1349
514,1360
514,1464
514,1488
514,1630
514,1632
514,1678
514,1724
514,1764
514,1769
514,1801
514,1843
514,1848
514,1910
514,1934
514,1963
514,1964
514,2007
514,2060
514,2067
514,2087
514,2129
514,2232
514,2395
514,2428
514,2458
514,2531
514,2542
516,517
516,596
516,886
517,1429
518,519
518,520
518,521
518,522
518,523
518,524
519,742
519,1394
520,935
520,1832
521,622
521,1700
521,2553
522,528
522,584
522,685
522,2253
522,2254
524,1086
524,1265
524,1629
524,2479
526,527
526,528
526,1011
526,1794
526,1921
527,933
527,1673
527,1981
528,549
528,567
528,789
528,876
528,933
528,1011
528,1284
528,1307
528,1370
528,1416
528,1492
528,2093
528,2272
529,530
529,959
529,1464
529,2007
530,1198
532,533
532,534
532,1233
532,2583
533,1921
534,634
534,773
534,774
534,775
534,776
534,843
534,2353
534,2583
535,536
535,537
535,538
535,539
535,540
535,541
535,542
535,617
535,636
535,688
535,1597
535,2566
536,636
536,1245
536,2566
537,541
537,617
537,871
537,1559
537,2152
538,628
538,636
538,1158
538,1186
538,1189
538,1285
538,1415
538,1421
538,1531
538,2130
538,2195
538,2488
539,617
539,1054
539,2032
540,617
540,870
540,871
540,1597
540,2213
540,2223
541,631
541,1218
541,1301
541,1302
541,1303
541,2213
542,1318
542,1597
542,2223
543,544
543,545
543,546
543,547
543,548
543,549
543,550
543,551
543,552
543,553
543,554
543,1241
543,1607
543,2542
544,1031
544,1705
545,1284
545,2440
546,632
546,647
546,654
546,786
546,868
546,946
546,1151
546,1255
546,1319
546,1333
546,1621
546,1858
546,1883
546,1910
546,1946
546,2060
546,2099
546,2232
546,2473
547,844
547,886
547,1217
547,2073
548,677
548,1099
548,1787
548,2536
549,670
549,738
549,812
549,967
549,998
549,1255
549,1440
549,1525
549,1548
549,1663
549,1766
549,2007
549,2060
549,2324
549,2572
549,2574
549,2614
550,1153
550,2061
550,2232
551,658
551,722
551,785
551,846
551,847
551,923
551,925
551,946
551,1125
551,1126
551,1127
551,1239
551,1585
551,2085
551,2320
552,1925
552,2568
552,2583
553,559
553,576
553,605
553,819
553,886
553,1217
553,1392
553,1928
553,2073
553,2156
553,2235
553,2273
554,796
554,1000
554,1263
554,1628
554,1735
554,1843
554,2004
555,556
555,557
555,558
556,710
556,1012
556,2407
556,2470
557,667
557,1563
557,1757
558,1049
558,1563
558,1630
558,1774
558,2010
558,2051
558,2133
558,2411
558,2480
560,561
561,1005
561,1455
561,2434
563,564
563,565
563,566
563,567
563,568
563,569
563,570
563,571
563,572
563,573
563,574
563,575
564,570
564,600
565,1851
566,1104
566,2084
567,1471
567,1492
567,2093
568,1161
568,1226
569,1213
569,2468
570,1543
571,876
571,1436
571,1452
571,2076
575,2072
575,2381
576,577
576,578
576,579
576,580
576,581
576,582
576,583
576,584
576,585
576,586
576,587
576,588
576,589
576,590
576,591
576,592
576,593
576,594
576,595
576,596
576,597
576,598
576,599
576,600
576,601
576,602
576,603
576,604
576,605
576,606
576,607
576,608
576,609
576,1498
577,1301
577,1332
578,580
578,581
578,604
578,1035
578,1119
578,1145
578,1149
578,1401
578,1441
578,1667
578,1714
578,1715
578,2506
579,630
579,657
579,863
579,868
579,926
580,581
580,592
580,779
580,783
580,1760
580,1765
580,2048
580,2315
580,2506
581,593
581,737
581,909
581,911
581,1271
581,1762
581,1820
581,1831
581,2080
582,1217
582,1288
582,1786
582,1864
582,2232
583,605
583,1508
583,2159
583,2273
584,602
584,636
584,659
584,829
584,929
584,1012
584,1474
584,1719
584,1762
584,2105
584,2156
584,2418
585,634
585,659
585,829
585,910
585,939
585,1069
585,1119
585,1158
585,1179
585,1272
585,1428
585,1436
585,1474
585,1579
585,1618
585,1896
585,1898
585,2002
585,2147
585,2148
585,2156
585,2397
585,2449
586,769
586,906
586,974
586,1451
586,1895
586,1983
586,2168
587,866
587,1831
587,1997
587,2300
587,2439
589,590
589,604
589,779
589,784
589,797
589,1000
589,1047
589,1216
589,1217
589,1425
589,1595
589,1628
589,1765
589,1853
589,1910
589,2296
589,2506
590,1097
590,1098
590,1099
591,609
591,1775
592,1446
592,1447
592,1448
592,1449
593,1000
593,1183
593,1368
593,1369
595,1295
595,1296
595,2542
596,608
596,631
596,655
596,848
596,879
596,1389
596,1797
597,1119
597,1474
597,1797
598,812
598,1524
598,1579
598,1598
598,1599
598,1600
598,2397
600,620
600,774
600,835
600,843
600,978
600,1104
600,1135
600,1742
600,1922
600,1997
600,2353
600,2382
600,2583
600,2597
601,754
601,1787
601,1791
602,655
602,724
602,2009
603,1722
603,1934
603,2020
603,2153
603,2180
603,2244
603,2542
604,712
604,730
604,821
604,838
604,1123
604,1323
604,1324
605,609
605,683
605,733
605,758
605,885
605,886
605,887
605,888
605,889
605,1498
606,1210
606,1691
606,2090
607,634
607,774
607,843
607,1213
608,628
608,687
608,1015
608,1105
608,1278
608,1606
608,1689
608,1870
608,1935
608,1957
608,2172
609,647
609,713
609,729
609,838
609,839
609,1031
609,1050
609,1069
609,1070
609,1071
609,1072
609,1073
609,1074
609,1075
609,1076
609,1077
609,1238
609,1271
609,1576
609,1756
609,1853
609,2145
609,2156
609,2324
609,2473
610,611
613,888
613,1414
615,748
615,1229
616,721
616,722
616,723
616,832
616,1326
617,636
617,752
617,870
617,1253
618,622
618,1263
618,1668
618,2195
618,2566
619,620
619,1492
620,835
620,929
620,978
620,1011
620,1134
620,1136
620,1492
620,1641
620,2093
621,1223
622,767
622,874
622,936
622,1025
622,1332
622,1766
622,2074
623,624
623,625
624,1408
626,627
627,1941
628,629
628,630
628,631
629,1244
629,1832
629,2032
629,2366
629,2460
630,1054
630,1417
630,1438
630,2032
631,701
631,871
631,1158
631,1228
631,1703
631,1931
631,2213
631,2273
631,2585
632,633
632,634
632,635
632,636
632,637
632,638
632,639
632,640
632,641
632,642
632,643
632,644
632,645
633,2105
633,2491
633,2527
633,2588
634,641
634,773
634,811
634,812
634,876
634,1139
634,1171
634,1213
634,1235
634,1326
634,1503
634,1668
634,1830
634,1981
634,2000
634,2323
634,2423
634,2493
634,2536
634,2551
634,2616
635,1555
635,1795
636,870
636,1004
636,1278
636,1719
636,1832
636,1946
636,1979
636,2140
636,2143
636,2316
636,2333
636,2378
636,2551
638,641
638,654
638,946
638,1038
638,1364
638,1946
638,2028
638,2232
638,2415
638,2420
638,2523
639,1656
639,1774
639,2133
639,2167
639,2442
640,1392
640,1872
641,671
641,881
641,968
641,1129
641,1131
641,1645
641,1867
641,2317
641,2320
642,2516
644,2429
645,1729
646,1237
646,2549
646,2563
647,648
647,649
647,650
648,2473
649,2473
650,1488
650,2473
651,1022
652,653
653,966
654,655
654,656
654,657
654,658
654,659
654,660
654,661
655,668
655,886
655,1254
655,1474
655,1628
655,1668
655,1692
655,1762
655,1986
655,2064
655,2073
655,2105
655,2156
655,2335
656,746
656,1626
656,1667
657,786
657,863
657,1254
657,1255
657,1333
657,1883
657,2060
657,2576
657,2594
658,716
658,784
658,786
658,1217
658,1233
658,1319
658,1333
658,1360
658,1389
658,1621
658,1946
658,2061
658,2296
658,2513
658,2576
659,821
659,901
659,929
659,1130
659,1621
659,1975
659,2163
659,2446
659,2614
660,1278
660,1397
663,729
663,1586
663,2145
663,2315
664,665
665,1135
665,1263
665,2004
666,667
667,949
667,1039
667,1192
667,1563
667,1643
667,1902
667,1949
667,2330
668,669
668,670
668,671
668,672
668,673
668,674
668,675
668,1088
668,1256
668,1914
668,2372
669,674
669,1030
669,1178
669,1278
669,1749
669,2594
670,1848
671,2059
671,2542
672,745
672,1130
672,1577
672,1730
673,725
673,896
673,1749
673,1914
673,1934
673,2396
674,856
674,928
674,1133
674,2320
675,928
675,954
675,1132
675,1207
675,1630
675,1773
675,1964
675,1965
676,677
676,1555
677,821
677,1171
677,1603
677,1854
677,2140
678,681
678,2606
679,2309
680,786
680,1109
680,1112
680,1113
680,1619
680,1794
680,2149
680,2309
681,846
681,847
681,848
681,1255
681,1445
681,1926
681,2060
682,811
682,1095
682,2309
684,1049
685,1064
685,1551
686,979
687,1871
687,2172
687,2309
690,691
692,693
692,694
692,876
692,908
692,1861
692,2308
693,1851
694,1553
694,1646
694,2001
694,2259
695,696
695,697
695,698
696,1730
696,1915
696,2414
696,2429
697,1858
699,700
699,701
699,962
699,1817
699,1922
700,702
700,812
700,1235
700,1270
700,1283
700,1613
700,1830
700,1922
700,1942
700,2006
700,2449
701,774
701,843
701,1226
701,1235
701,1359
701,1390
701,1438
701,1830
701,1922
701,2146
701,2353
701,2372
702,1179
702,1235
702,1797
702,1830
702,1942
702,2002
702,2571
703,979
706,1038
707,708
707,2071
707,2083
707,2312
708,1279
708,1529
708,2071
708,2083
708,2312
712,713
713,1487
713,1548
713,2008
713,2288
714,715
714,1634
715,919
715,1317
715,2012
715,2028
716,806
717,718
717,719
717,1255
717,1546
717,2014
717,2060
717,2156
717,2614
722,786
722,946
722,1333
722,1625
722,2028
722,2061
722,2099
722,2156
722,2219
722,2232
722,2576
723,827
723,1464
723,1481
723,1767
724,725
725,1278
725,1338
725,1492
725,1653
725,2113
725,2123
725,2334
727,728
727,1959
728,1052
728,1445
729,730
729,731
729,732
729,733
729,734
729,735
730,779
730,784
730,1566
730,1765
730,2145
730,2296
731,1939
731,2145
731,2536
732,734
732,1127
732,1858
732,2145
733,754
733,2145
734,844
734,2145
735,2145
736,1492
736,1496
737,784
737,800
737,801
737,802
737,803
737,804
737,805
737,814
737,1399
737,1832
737,2324
738,1043
738,1239
738,1319
738,1621
738,1852
738,2099
738,2232
738,2305
739,740
739,741
739,742
739,743
739,744
739,745
739,746
739,2411
740,820
740,1086
740,1183
740,2612
741,2273
742,745
742,746
742,1060
742,1151
742,1394
742,1395
742,1396
742,1586
742,2244
742,2343
742,2411
742,2501
742,2563
743,745
743,1060
743,2523
744,745
744,746
744,779
744,1237
744,1394
744,2501
745,746
745,825
745,826
745,1086
745,1098
745,2563
746,825
746,1151
746,1405
747,1091
747,1629
747,1701
747,1706
747,2181
747,2305
748,1700
748,1856
748,2305
748,2612
749,2333
749,2378
749,2479
750,1421
751,779
751,785
751,821
751,881
751,901
751,1047
751,1586
751,1668
751,1765
751,1864
751,1946
751,2296
751,2305
751,2454
751,2480
752,958
752,1117
752,1197
752,1231
752,1430
752,1973
752,2181
753,1425
753,2282
754,1044
754,1980
755,2392
755,2402
757,1506
757,1711
757,1822
757,2196
757,2197
757,2303
757,2304
757,2310
758,829
758,909
758,987
758,1206
758,1668
758,2429
759,859
759,880
759,1241
759,1392
759,1499
759,1570
759,1760
759,1776
759,1946
759,1963
759,2004
759,2014
759,2144
760,761
760,1241
760,1481
760,1590
760,1728
760,1946
760,2407
760,2411
761,774
761,834
761,843
761,1212
761,1552
761,2583
762,763
762,2283
763,781
763,2283
764,765
764,766
764,767
764,768
764,2014
765,766
766,936
769,770
770,1895
771,772
772,859
772,929
772,1012
772,1278
772,1342
772,1499
772,2004
772,2144
772,2165
772,2418
772,2520
772,2542
773,774
773,775
773,776
773,2438
774,842
774,1263
774,1946
774,2250
774,2255
774,2353
774,2369
774,2397
774,2466
775,776
775,842
775,843
775,1922
775,2372
775,2438
776,843
776,850
776,2353
776,2438
777,778
779,780
779,781
779,782
779,783
779,784
779,785
779,786
779,787
780,784
780,1175
780,1765
780,2156
780,2235
780,2273
780,2463
781,784
781,889
781,1031
781,1035
781,1116
781,1238
781,1319
781,1338
781,1399
781,1480
781,1632
781,1699
781,1762
781,1765
781,1787
781,1889
781,1929
781,2048
781,2055
781,2091
781,2113
781,2123
781,2194
781,2284
781,2334
781,2433
781,2533
782,784
782,890
782,1765
782,1858
782,2296
783,1098
783,1103
783,1120
783,2048
784,1031
784,1099
784,1149
784,1150
784,1151
784,1585
784,1765
785,1038
785,1047
785,1183
785,1185
785,1196
785,1231
785,1425
785,1452
785,1585
785,1586
785,1765
785,1914
785,2372
785,2541
786,1041
786,1109
786,1113
786,1115
786,1380
786,1419
786,1509
786,1618
786,1619
786,1620
786,1621
786,2283
786,2320
787,1425
788,789
788,1531
789,1094
789,2117
790,791
790,792
790,793
790,794
790,795
791,794
792,1408
792,2215
794,921
797,798
797,799
798,1219
798,1780
798,2324
800,1058
800,1116
800,1119
800,1544
800,2282
801,802
801,812
801,1399
801,2506
802,1072
802,1399
803,1939
804,1399
805,1043
805,1399
805,2311
806,807
806,808
806,809
806,810
807,1434
809,1434
809,2390
811,812
811,813
812,831
812,1030
812,1268
812,1300
812,1579
812,1621
812,2004
812,2082
812,2296
812,2339
812,2340
812,2372
812,2397
812,2436
812,2614
814,815
814,816
815,1119
815,1901
815,2479
817,818
818,2315
819,820
819,909
820,1442
820,2004
820,2070
820,2614
821,911
821,939
821,968
821,1425
821,2172
821,2182
821,2184
821,2185
821,2392
823,1352
823,2012
823,2567
824,1959
824,2480
824,2602
825,1084
825,1241
825,1280
825,1614
825,1617
825,2118
825,2244
825,2343
825,2420
825,2501
825,2549
826,1238
826,1324
826,1762
826,2452
827,828
827,829
827,830
827,831
827,832
827,833
828,832
828,1277
829,1383
829,1975
829,2119
829,2563
830,832
830,1616
830,1629
830,2500
831,1660
831,2333
831,2392
832,2612
834,835
835,1495
835,1496
836,1384
836,1385
837,1946
837,2420
838,839
838,840
838,841
838,1284
838,1293
838,1487
838,1531
838,1595
838,2008
838,2288
838,2352
838,2377
838,2600
839,1487
839,1760
839,1762
839,2008
839,2288
842,843
842,1776
842,1922
842,1946
842,2250
842,2369
843,1263
843,2490
844,992
844,1175
844,1920
844,2463
846,922
846,1125
846,1660
846,1690
846,1981
846,2309
846,2520
847,922
847,1981
848,2105
849,1178
849,2273
849,2446
851,1212
851,1268
851,1445
851,1788
853,1278
853,1321
854,890
854,2052
854,2305
855,856
855,857
855,858
856,911
856,928
856,935
856,1022
856,1498
856,1729
856,1769
856,1773
856,1848
856,1914
856,1975
856,2087
856,2407
856,2564
856,2599
857,1448
857,1566
857,1568
857,1698
857,2125
857,2241
857,2242
859,860
859,861
859,862
859,1776
860,1776
862,1499
862,1724
862,1803
862,2004
862,2165
862,2500
863,864
863,865
863,866
863,867
863,868
863,869
864,1199
865,869
865,949
865,1539
865,1542
867,1735
867,2061
868,869
868,1044
868,1206
869,1038
870,871
871,892
871,1119
871,1218
871,1302
871,1441
871,1475
871,1531
871,1755
871,1832
871,1989
871,2152
871,2195
872,873
872,874
872,875
873,1154
873,1357
873,2543
874,1768
875,2124
876,883
876,1011
876,1233
876,1358
876,1483
876,1830
876,1861
876,1942
876,2191
877,1052
878,1388
878,1435
879,2275
879,2345
879,2346
880,881
880,882
881,934
881,1022
881,1025
881,1412
881,1621
881,2043
881,2044
881,2144
881,2599
882,1499
882,2004
882,2144
883,1358
884,1358
887,929
887,1235
887,1278
887,1830
887,2449
887,2579
888,896
890,891
891,1460
891,1858
891,2614
892,893
892,894
893,965
893,1220
893,1284
893,1755
894,1696
894,1755
894,2105
895,896
895,897
895,898
896,962
896,1154
896,1278
896,1412
896,1635
896,1706
896,1756
896,1764
896,1785
896,1848
896,2027
896,2225
896,2542
896,2559
899,900
899,1178
900,1178
900,1861
900,2367
901,1760
902,903
902,904
902,1914
902,2244
902,2501
902,2549
902,2563
903,967
903,1278
903,1350
903,1616
903,1678
903,1766
904,1678
906,1951
907,1052
907,1451
907,1771
907,2168
909,910
909,911
909,912
909,913
909,1080
910,912
910,1022
910,1231
910,2599
911,1145
911,1146
911,1147
911,1148
911,1973
912,1103
912,1231
912,1441
914,915
914,916
914,917
914,918
914,919
914,920
916,1984
918,1569
918,1941
919,1841
919,1891
919,1892
920,1335
922,923
922,924
922,925
922,1255
922,1986
922,2060
922,2135
924,2029
926,1701
927,928
928,1004
928,1255
928,1498
928,1888
928,1914
928,1964
928,2409
928,2428
928,2494
928,2549
929,930
929,931
930,1178
930,1179
930,2130
931,1830
932,933
933,1248
933,1315
934,1022
934,2599
935,936
936,1250
936,2074
936,2075
936,2407
937,1171
939,946
939,1443
939,1445
939,1700
939,1849
939,1975
939,1981
939,2121
939,2190
939,2324
939,2378
939,2433
939,2441
941,2324
941,2404
942,2023
942,2046
942,2155
943,1229
943,2402
944,1788
944,2046
944,2155
944,2320
945,1844
945,2599
946,947
946,948
946,949
946,950
946,951
946,952
946,953
946,954
946,1397
946,1585
946,1625
947,2614
948,1038
948,1421
948,1881
949,956
949,1039
949,1042
949,1192
949,1356
949,1539
949,1590
949,1625
949,1639
949,1643
949,1677
949,1735
949,1844
949,1874
949,2027
949,2330
950,1012
950,2028
950,2034
950,2315
952,1585
952,2209
952,2606
954,1020
954,1061
954,1595
954,1737
954,1769
954,1964
954,2087
954,2293
954,2429
954,2512
954,2513
955,1039
955,1539
955,1542
955,1643
956,1039
956,1192
956,1643
957,958
957,959
957,960
957,961
957,962
957,963
957,964
957,1084
958,1767
958,2187
958,2333
959,960
959,1785
959,1961
959,2007
959,2523
960,1616
961,1705
961,2333
961,2378
962,1552
962,1717
962,1718
962,1719
962,1720
962,1735
963,1705
963,1767
963,2232
963,2523
966,1891
966,2475
967,968
967,969
968,1183
968,1231
968,1322
968,1508
968,1766
968,2150
968,2320
968,2324
969,1044
970,1324
970,1629
970,2380
971,978
972,973
972,1334
974,1096
974,1478
974,1649
976,1232
978,1135
978,1136
978,1137
978,1263
978,1304
978,1470
979,1083
979,1827
979,1941
980,981
980,982
980,983
981,984
981,2358
982,1723
982,1813
983,1337
984,985
984,1803
984,1941
985,1469
985,1569
986,987
986,988
987,1007
987,2087
987,2445
987,2605
988,1823
989,990
989,991
990,1133
990,1848
990,2004
990,2088
990,2237
990,2428
991,1133
991,1349
991,1628
991,1760
991,2564
992,1421
992,1621
993,1235
993,1263
993,1628
993,1668
993,1830
993,1965
993,2135
994,1865
995,1654
995,2528
995,2611
997,1465
999,1654
999,2528
1000,1001
1000,1002
1000,1003
1001,1421
1001,1701
1001,2298
1001,2304
1001,2509
1002,2146
1002,2177
1002,2234
1003,2419
1004,1005
1004,1006
1004,1007
1004,1008
1005,2143
1005,2186
1006,2143
1006,2155
1007,1440
1007,1616
1007,1652
1007,2143
1007,2186
1009,1010
1010,1946
1011,1673
1012,1013
1012,1014
1012,1473
1012,2442
1013,1504
1013,1787
1013,2275
1013,2302
1014,1241
1014,1933
1014,2107
1016,1017
1016,1018
1016,1019
1018,1470
1018,2551
1020,1629
1021,1078
1021,1744
1021,2273
1022,1023
1022,1024
1022,1025
1022,1026
1022,1027
1022,1028
1022,1029
1023,2599
1024,2599
1025,1545
1025,1554
1025,2407
1025,2599
1026,1445
1026,1555
1026,1744
1026,2010
1026,2088
1026,2599
1027,2599
1028,2129
1028,2599
1030,2020
1031,1032
1031,1033
1031,1034
1031,1035
1031,1036
1031,1037
1033,2023
1033,2156
1033,2186
1033,2207
1034,1199
1034,2186
1035,1222
1035,2235
1035,2284
1036,1199
1037,1195
1038,1039
1038,1040
1038,1041
1038,1042
1038,1043
1038,1044
1038,1045
1038,1046
1038,1047
1038,1048
1038,1049
1038,1050
1039,1047
1039,1049
1039,1192
1039,1318
1039,1542
1039,1643
1039,1844
1039,1954
1039,2330
1042,1355
1042,1356
1043,1919
1043,2531
1044,1130
1044,1517
1044,1686
1044,1687
1044,1688
1045,1049
1045,1946
1047,1049
1047,1639
1047,1640
1047,1774
1047,2296
1047,2411
1047,2534
1048,1546
1048,1625
1049,1132
1049,1455
1049,1677
1049,1843
1049,1844
1050,1193
1050,1617
1050,1742
1050,1788
1050,2067
1050,2155
1051,1052
1051,1053
1051,1792
1052,1053
1052,1129
1052,1451
1052,1452
1052,1453
1052,1454
1052,1776
1052,1792
1052,1794
1052,2449
1054,1055
1054,1056
1054,1057
1054,1058
1054,1059
1055,2032
1056,2032
1057,1127
1058,1443
1058,2032
1058,2050
1058,2433
1058,2509
1059,2032
1060,1394
1060,1595
1060,1734
1060,2092
1060,2332
1061,1062
1061,1063
1062,1222
1063,2611
1064,1861
1065,2613
1066,1973
1066,2194
1067,1068
1067,1421
1067,1465
1068,1135
1068,1136
1068,1138
1068,1263
1069,1226
1069,1244
1069,1417
1069,1437
1069,1438
1069,1487
1069,2008
1069,2288
1069,2290
1069,2423
1069,2472
1069,2553
1069,2555
1070,1487
1070,1548
1070,2008
1070,2288
1071,1487
1071,2008
1071,2288
1072,1098
1072,1116
1072,1487
1072,2008
1072,2194
1072,2288
1072,2506
1073,1487
1073,2008
1073,2288
1074,1178
1074,1487
1074,1504
1074,1832
1074,2008
1074,2288
1074,2302
1075,1487
1075,1548
1075,1875
1075,2008
1075,2288
1076,1487
1076,1548
1076,2008
1076,2288
1077,1127
1077,1385
1077,1487
1077,1525
1077,2008
1077,2288
1080,1081
1082,1083
1082,1277
1082,2594
1084,1085
1084,1086
1084,1087
1084,1088
1085,1132
1086,1098
1086,2411
1087,1132
1087,1280
1087,1394
1087,2175
1087,2317
1087,2318
1087,2319
1087,2372
1087,2411
1088,1132
1088,1256
1088,1354
1088,2523
1088,2563
1089,1090
1090,1119
1091,1092
1091,1324
1091,2239
1092,1226
1092,1438
1092,1579
1092,1673
1092,2093
1092,2397
1092,2423
1093,1094
1094,1185
1095,1096
1095,1835
1096,1181
1096,1375
1096,1926
1097,1628
1098,1171
1098,1178
1098,1271
1098,1632
1098,2048
1098,2385
1098,2506
1099,1787
1100,1101
1103,1116
1103,1158
1103,2048
1103,2234
1104,1233
1104,1496
1105,1689
1105,1690
1105,2320
1105,2485
1106,2174
1107,2309
1108,2172
1108,2190
1108,2441
1109,1113
1109,1619
1109,2149
1110,1690
1110,2571
1111,2256
1113,2006
1113,2309
1114,1895
1115,1305
1115,1794
1115,2309
1115,2524
1116,1117
1116,1118
1116,1119
1116,1120
1116,1121
1116,1122
1118,1629
1118,1973
1119,1186
1119,1189
1119,1399
1119,1443
1119,1832
1119,1858
1119,1866
1119,2105
1119,2553
1121,1319
1121,1910
1121,1973
1121,2315
1121,2377
1121,2479
1121,2512
1123,1178
1123,1510
1123,1668
1123,2273
1123,2305
1125,1660
1127,1285
1127,1545
1127,2273
1128,1129
1128,1130
1128,1131
1128,1132
1128,1133
1130,1749
1130,2085
1130,2293
1131,1197
1131,2501
1131,2549
1132,1397
1132,1704
1132,1760
1132,1914
1132,1964
1132,2320
1132,2409
1132,2411
1132,2539
1133,1498
1133,1737
1133,2428
1133,2549
1134,1291
1134,1293
1134,2071
1135,1136
1135,1137
1135,1138
1135,1499
1135,2004
1135,2028
1136,1138
1136,1263
1137,1263
1137,1344
1138,1201
1138,1263
1139,1140
1139,1141
1139,1142
1139,1946
1141,1981
1141,2000
1144,1563
1145,1402
1145,1443
1145,1480
1145,1699
1145,1703
1145,1787
1145,1973
1146,1271
1146,1705
1146,2048
1146,2385
1147,1218
1147,1973
1150,1623
1151,1237
1151,1255
1151,1394
1151,1632
1151,2060
1151,2244
1151,2273
1153,1154
1153,1155
1153,1156
1154,1808
1154,1960
1154,2591
1157,1158
1157,1159
1157,1979
1158,1161
1158,1186
1158,1189
1158,1302
1158,1441
1158,2489
1158,2575
1160,1161
1160,1520
1160,2219
1161,1548
1161,1803
1161,2268
1162,1163
1162,1853
1163,1853
1165,1166
1165,1167
1165,1168
1165,1169
1165,1170
1166,1284
1166,1875
1167,1875
1168,1875
1169,1284
1170,1279
1170,1875
1170,2312
1171,1172
1171,1173
1171,1174
1171,1175
1171,1176
1171,1177
1171,2463
1172,1177
1173,2105
1173,2307
1174,1175
1174,2463
1175,1285
1178,1179
1178,1180
1178,1181
1178,1182
1178,1183
1178,1184
1178,1185
1179,1595
1179,1625
1179,1700
1179,1820
1179,1942
1179,1979
1181,1582
1181,2149
1183,1223
1185,1679
1186,1187
1186,1188
1186,1189
1187,1227
1187,2030
1187,2566
1188,1189
1188,1531
1188,2566
1189,1441
1189,2195
1190,1191
1191,1531
1191,1624
1191,2348
1191,2358
1192,1639
1192,1677
1193,1788
1193,2155
1194,1195
1194,1196
1194,1585
1196,1305
1197,1980
1197,2481
1198,1199
1198,1200
1198,2392
1199,2150
1199,2404
1202,1203
1203,1413
1203,1679
1203,2115
1204,1205
1205,1827
1206,1764
1206,2523
1207,1629
1207,1964
1207,2409
1208,1209
1208,1210
1209,1281
1209,1616
1209,1767
1209,1917
1209,2378
1210,1767
1210,1917
1210,2378
1212,1213
1212,1214
1212,1215
1214,1613
1214,1936
1215,1833
1216,1217
1217,2026
1218,1384
1218,1399
1218,1850
1218,2048
1218,2481
1220,1221
1222,2055
1223,1224
1223,1225
1223,1226
1223,1227
1223,1228
1225,1346
1225,2112
1226,1235
1226,1390
1226,1417
1226,1437
1226,1438
1226,1812
1226,1830
1226,2436
1228,1438
1228,2146
1229,1715
1229,1739
1229,2203
1229,2498
1230,1231
1231,2021
1232,1450
1233,1234
1233,1235
1233,1236
1235,1309
1235,1673
1235,1942
1236,2436
1237,1238
1237,1239
1237,1240
1237,1241
1237,1242
1238,1241
1238,2420
1239,1272
1239,1353
1239,1928
1239,2462
1239,2549
1239,2586
1239,2587
1240,2086
1240,2407
1241,1280
1241,1479
1241,1480
1241,1481
1241,1482
1241,1614
1241,2343
1241,2420
1241,2563
1242,1563
1242,2442
1244,1300
1244,1506
1244,2220
1244,2282
1244,2347
1244,2472
1244,2553
1245,1246
1245,1247
1245,1248
1245,1249
1245,1250
1245,1251
1245,1252
1248,1252
1248,1768
1251,1252
1251,1768
1251,2608
1252,2075
1254,1255
1254,1256
1255,1852
1255,1914
1255,1919
1255,2549
1255,2594
1263,1412
1263,1950
1265,1266
1265,1267
1265,2218
1266,1832
1266,2239
1266,2503
1267,2239
1267,2574
1268,1269
1268,1270
1269,2146
1269,2549
1270,1295
1270,1358
1270,1620
1270,1797
1270,1942
1271,1272
1271,1273
1271,1853
1272,1516
1272,2052
1273,2378
1274,1275
1274,1276
1276,2303
1277,1278
1278,1829
1278,1830
1280,2501
1281,2448
1282,1492
1284,1285
1284,1286
1284,1287
1284,1288
1284,1289
1284,1290
1284,1291
1284,1292
1284,1293
1284,1294
1285,1293
1285,1414
1285,1528
1285,1562
1285,1956
1285,2087
1285,2463
1286,2312
1290,1661
1297,1730
1298,1299
1298,1300
1299,2316
1300,1559
1300,1745
1300,1998
1300,2223
1300,2316
1301,1506
1301,2030
1301,2196
1301,2197
1301,2282
1302,2566
1304,1305
1304,1502
1304,1792
1304,1917
1306,1307
1307,1435
1307,1438
1307,2423
1309,1830
1309,1942
1310,1311
1311,2078
1312,1313
1313,2612
1315,1316
1315,1478
1315,1823
1315,2312
1316,1981
1319,1320
1320,1546
1320,2133
1320,2398
1322,2365
1324,1625
1324,2239
1325,1873
1325,2161
1326,1327
1326,1328
1326,1329
1326,1330
1326,2595
1327,1404
1327,2559
1332,2124
1332,2421
1332,2474
1333,1334
1335,1336
1335,1337
1335,1986
1336,1337
1336,1351
1336,1352
1336,1987
1336,2567
1337,1569
1338,1339
1338,1340
1338,1341
1339,1399
1339,1787
1339,2113
1339,2123
1339,2334
1340,2055
1340,2113
1340,2123
1340,2334
1341,2004
1341,2113
1341,2123
1341,2185
1341,2334
1342,1343
1342,1344
1343,2438
1344,2004
1344,2034
1346,1347
1346,2052
1350,1616
1350,1705
1351,1352
1351,2567
1352,2567
1353,1946
1355,1621
1355,1883
1356,1946
1358,1359
1359,1382
1359,1861
1359,2130
1359,2423
1359,2581
1360,1361
1360,1362
1360,1363
1360,1364
1360,1473
1361,1364
1361,1383
1361,1836
1361,2342
1362,2481
1363,1389
1363,1473
1363,2162
1363,2165
1363,2275
1363,2481
1365,1616
1368,1849
1370,2477
1371,1372
1371,1373
1372,2086
1374,2462
1375,1490
1377,1786
1378,2404
1382,1414
1382,2157
1383,1384
1383,1385
1383,1386
1383,1387
1383,1388
1383,1389
1383,2343
1384,1577
1384,1876
1387,1709
1387,1906
1388,2343
1388,2357
1389,2343
1390,1391
1390,1392
1390,2449
1391,1820
1391,2423
1392,1776
1392,1803
1392,2090
1392,2236
1392,2449
1394,1395
1394,1396
1394,1397
1395,1629
1397,1429
1397,1517
1397,2526
1398,2275
1398,2481
1399,1400
1399,1401
1399,1402
1400,1544
1400,2273
1400,2315
1401,1577
1402,1916
1403,1531
1403,1701
1405,2014
1406,2588
1407,1408
1407,1891
1408,1891
1408,2116
1412,2224
1414,1415
1414,1416
1414,1417
1414,1418
1414,1438
1414,2092
1415,2549
1417,1438
1417,1812
1417,2423
1418,1762
1419,1910
1419,1946
1419,2099
1421,1422
1421,1423
1421,1424
1421,2419
1422,2234
1425,1426
1425,1617
1427,1428
1427,1429
1428,2152
1428,2336
1428,2559
1429,1469
1431,1432
1431,1433
1431,1590
1431,1729
1433,1590
1435,1436
1436,2076
1437,1812
1438,1812
1438,2290
1438,2423
1438,2424
1438,2431
1438,2432
1439,1440
1440,2156
1440,2273
1440,2479
1440,2614
1441,2048
1441,2156
1442,1443
1442,1444
1443,1545
1443,2048
1443,2050
1443,2051
1443,2433
1443,2509
1443,2556
1445,1590
1448,1568
1448,2125
1449,2301
1451,1649
1452,1772
1454,1628
1454,2612
1457,2420
1458,2051
1459,2068
1461,1462
1461,2061
1461,2542
1463,2316
1463,2542
1464,2595
1465,1466
1465,1902
1466,1973
1466,2385
1467,1885
1469,1941
1470,1471
1470,1472
1470,2093
1471,1875
1471,1941
1471,1942
1471,2093
1471,2488
1472,2614
1473,1474
1473,1475
1473,1476
1473,1477
1474,1797
1474,2105
1475,1910
1479,1481
1479,2290
1479,2420
1484,2116
1488,2374
1488,2602
1489,1490
1490,2004
1492,1493
1492,1494
1492,1495
1492,1496
1492,1497
1493,1494
1495,1642
1495,1776
1498,1499
1499,1803
1500,1501
1500,1502
1500,1503
1502,1535
1502,1536
1502,1537
1502,1538
1503,2173
1503,2228
1506,1507
1506,1508
1507,2307
1507,2333
1508,2106
1508,2521
1510,2181
1511,1555
1511,1866
1511,2065
1513,1514
1513,1515
1518,1519
1518,2159
1520,1521
1520,1522
1521,1924
1522,2205
1523,1524
1523,1941
1523,2449
1524,1644
1524,2449
1525,1526
1525,1527
1525,1528
1526,1850
1528,1562
1528,1621
1528,1769
1528,2087
1529,1530
1531,1532
1531,2195
1532,1991
1533,1534
1533,2269
1534,2488
1537,2121
1539,1540
1539,1541
1539,1542
1542,1563
1542,1757
1542,2027
1544,1545
1545,2177
1545,2234
1546,1547
1546,1548
1546,1549
1546,1550
1548,2324
1551,1552
1551,1942
1552,1953
1552,2209
1553,1701
1553,2423
1554,1768
1554,2134
1555,1556
1555,1557
1555,1558
1555,1559
1555,1560
1555,1561
1556,1832
1556,2352
1556,2423
1559,1725
1559,1855
1563,1564
1563,1565
1564,1617
1564,2462
1564,2512
1566,1567
1566,1568
1567,2283
1568,1815
1568,1816
1568,2216
1569,1941
1570,1571
1570,1572
1570,1573
1573,1978
1575,1576
1577,1578
1577,1579
1577,1580
1578,2273
1579,1778
1581,1582
1581,1583
1584,1681
1584,2239
1585,1586
1585,1587
1585,1588
1585,1589
1586,2411
1588,1760
1590,1591
1590,1592
1590,1593
1590,1594
1590,1595
1590,1596
1590,1728
1591,1725
1591,1975
1591,2372
1591,2612
1595,2069
1601,1602
1603,1604
1603,1605
1606,2085
1607,1608
1607,1609
1607,1610
1607,1611
1607,1612
1614,1615
1614,1616
1614,1617
1615,1841
1615,1932
1615,1933
1616,1778
1616,1779
1616,1780
1616,1781
1616,1782
1616,1783
1616,1784
1616,1785
1617,1742
1617,1788
1617,2155
1617,2224
1618,2028
1618,2290
1619,1794
1619,2524
1620,1956
1620,2232
1621,1672
1621,1967
1621,2031
1621,2522
1625,1626
1625,1627
1625,1628
1625,1629
1627,2579
1628,2064
1629,2138
1629,2139
1629,2140
1629,2141
1629,2142
1629,2143
1629,2452
1630,1631
1630,1632
1630,1633
1631,1672
1633,1740
1633,1914
1633,2406
1633,2531
1634,1635
1634,1636
1635,1735
1639,1949
1639,2330
1640,2045
1641,1642
1643,2127
1645,1866
1648,2320
1648,2530
1649,2168
1652,2156
1653,2290
1654,1730
1654,2392
1655,1754
1655,1797
1655,2384
1656,1657
1656,2151
1658,1659
1659,2293
1661,2614
1662,2574
1662,2614
1663,2136
1663,2153
1663,2614
1664,2614
1666,1963
1668,1669
1668,1670
1668,1671
1668,1672
1670,1787
1672,1833
1672,2446
1673,1674
1673,1675
1673,1676
1673,2333
1673,2423
1673,2449
1674,1921
1674,2423
1676,1832
1676,1984
1681,1682
1681,1683
1681,1684
1681,1685
1689,1690
1690,1871
1690,1935
1692,1693
1692,1694
1696,1712
1696,1713
1696,2051
1696,2229
1696,2446
1701,1702
1702,1703
1702,1832
1705,1706
1706,1720
1707,2531
1708,2506
1709,2481
1710,2081
1710,2428
1711,1712
1711,1713
1714,2177
1714,2234
1714,2433
1715,2021
1717,2114
1719,1767
1719,2114
1721,1722
1722,2085
1722,2597
1726,1727
1726,1892
1726,2116
1727,2126
1728,1729
1729,2120
1730,1731
1730,1889
1730,2596
1731,1889
1732,2423
1735,1736
1737,1738
1738,2226
1739,1891
1740,1741
1741,2602
1742,1743
1742,1744
1744,1986
1746,1747
1746,1748
1746,2153
1750,2309
1751,2504
1756,1757
1756,1758
1756,1759
1757,2027
1758,2010
1759,2574
1760,1761
1760,1762
1760,1763
1760,1764
1760,1765
1760,1766
1760,1767
1760,1768
1760,1769
1760,1770
1762,2054
1764,1804
1764,1805
1764,1806
1764,1807
1766,1788
1766,2324
1766,2407
1766,2523
1767,1785
1768,2074
1769,1773
1769,2087
1771,1772
1771,2001
1772,2190
1772,2441
1773,1848
1773,1964
1773,2040
1773,2087
1773,2135
1773,2407
1773,2428
1773,2588
1774,1775
1775,2133
1778,2229
1778,2397
1778,2600
1784,2064
1787,1866
1788,1789
1788,1790
1792,1793
1792,1794
1795,1796
1797,2105
1798,1799
1798,1800
1802,1803
1803,2004
1803,2132
1803,2452
1803,2530
1806,2025
1808,1809
1809,2591
1812,2460
1815,2406
1817,1818
1820,1821
1820,1822
1822,1973
1822,2051
1823,1930
1827,1828
1830,1942
1834,2341
1836,1837
1836,1838
1836,1839
1836,1840
1837,2516
1840,2162
1840,2165
1840,2342
1840,2343
1841,1932
1844,2299
1846,1847
1848,1849
1849,1983
1849,2227
1849,2228
1851,2468
1851,2469
1852,2060
1854,1858
1856,1857
1858,1859
1858,1860
1864,1865
1864,2020
1864,2428
1865,1915
1865,2131
1866,1867
1868,2298
1869,2234
1870,2306
1871,1942
1871,2306
1873,2161
1877,1878
1877,1879
1877,1880
1878,2513
1881,1882
1885,1886
1885,1887
1888,2494
1891,1892
1891,1893
1892,2116
1895,1896
1895,1897
1895,1898
1898,1982
1898,2504
1899,2534
1900,2004
1902,1903
1902,1904
1902,1905
1902,1906
1903,1904
1905,2031
1905,2492
1905,2612
1906,2298
1906,2462
1910,1911
1910,1912
1910,1913
1910,1914
1911,1973
1911,1981
1911,2040
1911,2108
1911,2181
1911,2564
1914,1965
1914,2143
1914,2172
1914,2325
1916,1973
1917,1918
1919,2060
1921,1936
1922,1923
1925,1926
1925,1927
1930,2187
1931,2213
1934,1935
1935,2516
1936,1937
1936,1938
1941,2286
1941,2615
1942,2002
1944,2505
1946,1947
1946,1948
1946,1949
1951,1952
1954,1955
1956,1957
1956,2149
1956,2524
1957,2306
1959,1960
1959,1961
1959,1962
1959,1963
1961,2163
1963,2239
1963,2300
1963,2411
1963,2439
1964,1965
1965,2409
1965,2523
1965,2531
1965,2594
1972,1973
1972,2273
1972,2293
1973,2385
1973,2386
1975,2198
1975,2199
1975,2200
1975,2542
1980,2125
1980,2242
1981,1982
1981,1983
1981,1984
1981,1985
1984,2464
1986,1987
1986,1988
1992,2479
1994,2246
1997,1998
1997,1999
2000,2001
2000,2002
2001,2006
2003,2004
2003,2005
2003,2155
2004,2464
2004,2487
2004,2589
2004,2590
2007,2591
2010,2320
2014,2015
2016,2017
2016,2018
2023,2156
2024,2025
2027,2225
2028,2029
2029,2320
2029,2542
2031,2377
2032,2153
2036,2037
2036,2038
2040,2041
2045,2534
2048,2049
2048,2050
2048,2406
2050,2159
2050,2433
2050,2610
2051,2052
2051,2053
2052,2398
2055,2056
2057,2058
2057,2059
2060,2061
2062,2063
2064,2307
2064,2333
2065,2066
2071,2072
2071,2312
2072,2361
2072,2562
2073,2596
2075,2134
2083,2312
2085,2086
2086,2183
2088,2089
2090,2436
2092,2093
2092,2094
2093,2308
2095,2096
2095,2097
2099,2100
2101,2102
2101,2103
2101,2104
2102,2378
2105,2106
2106,2436
2106,2571
2108,2109
2111,2506
2127,2128
2131,2564
2136,2137
2140,2464
2140,2536
2146,2177
2146,2178
2148,2168
2149,2150
2150,2282
2150,2447
2152,2336
2153,2154
2155,2156
2156,2187
2156,2205
2156,2206
2156,2207
2156,2208
2157,2158
2157,2159
2157,2160
2159,2248
2159,2249
2165,2275
2165,2342
2170,2563
2172,2173
2172,2174
2172,2175
2172,2176
2173,2190
2173,2441
2174,2190
2174,2441
2176,2411
2181,2182
2182,2479
2186,2188
2187,2195
2189,2190
2190,2259
2196,2197
2196,2303
2200,2549
2203,2204
2206,2506
2209,2210
2209,2211
2212,2335
2217,2218
2218,2244
2218,2420
2218,2501
2222,2349
2223,2337
2224,2507
2224,2508
2229,2419
2235,2236
2244,2245
2245,2501
2245,2549
2245,2563
2246,2247
2247,2527
2250,2251
2250,2252
2250,2353
2259,2264
2259,2378
2259,2441
2269,2270
2269,2271
2275,2276
2275,2277
2275,2278
2276,2481
2277,2343
2280,2281
2283,2284
2283,2285
2290,2291
2290,2292
2293,2294
2293,2295
2296,2297
2303,2304
2304,2383
2312,2313
2312,2314
2320,2321
2323,2449
2324,2325
2325,2526
2336,2337
2343,2344
2349,2350
2349,2351
2353,2354
2353,2355
2353,2438
2358,2359
2358,2360
2361,2362
2362,2550
2369,2370
2372,2373
2376,2411
2378,2379
2380,2479
2385,2386
2385,2387
2389,2390
2389,2391
2392,2393
2398,2399
2404,2405
2406,2428
2407,2408
2415,2416
2423,2424
2423,2425
2423,2426
2423,2427
2429,2430
2436,2437
2442,2443
2449,2450
2452,2453
2453,2552
2458,2459
2466,2467
2468,2469
2475,2476
2481,2482
2481,2483
2481,2484
2485,2486
2485,2487
2488,2489
2494,2495
2494,2496
2498,2499
2501,2502
2513,2514
2513,2515
2516,2517
2516,2518
2516,2519
2524,2525
2531,2532
2531,2533
2534,2535
2535,2579
2536,2537
2536,2538
2539,2540
2543,2544
2543,2545
2543,2546
2553,2554
2557,2558
2564,2565
2577,2578
2579,2580
2591,2592
2597,2598
2600,2601
2602,2603
2608,2609
