,id_cleaned,year,score_foster,score_lee,score_wang,score_uzzi
0,2501628138,2012,0.4,0.16820233144496285,0.0,-1.3504616023887168
1,2036191695,1977,1.0,-2.6855773452501515,0.0,
2,2032033747,2010,0.6666666666666666,-0.2955756643971707,0.0,
3,3123123022,2013,0.8928571428571429,-1.2821671569106203,0.0,
4,2030132687,2014,0.7867647058823529,0.4596246887728822,3.083633293116713,
5,2142507331,2009,0.4909090909090909,0.49914408162477536,0.0,-1.0113880566424878
6,2119886664,2010,0.4666666666666667,0.3223942860942049,0.0,
7,3122687599,2003,0.6666666666666666,0.5788471498633102,0.9611534515567247,-1.3060222572888924
8,3123196505,2010,0.6388888888888888,1.1264509600605643,0.0,-1.4430755209163564
9,2317181908,2015,0.9,0.7138463291525946,0.6646188143335795,
10,2016638422,2006,0.4430769230769231,0.10591331144299791,5.111595765049015,
11,2094134620,1980,0.42857142857142855,0.5544310712012358,0.0,-0.10320296704664123
12,431718640,1998,0.9444444444444444,-0.25763823464583524,3.5552921532679918,0.6438410685232852
13,1967546946,2005,0.6613756613756614,0.21542150522029946,2.404215111943816,
14,2808475485,2005,0.6518218623481782,0.5849936902678572,4.558214841567733,
15,4233365891,2016,0.8095238095238095,-0.38099705254194766,0.0,
16,2404398967,2014,0.6,0.16758117809481574,0.7539227168062251,-0.14883302881062957
17,2087275534,1984,0.6666666666666666,-0.4497379317861524,0.0,1.3627702877384937
18,1664108544,2012,0.32727272727272727,0.6751537740217233,0.0,-1.2270690104737465
19,2018365321,1979,0.30303030303030304,0.739059432570148,0.9071523309114741,0.17586311452816464
20,1980931496,2004,0.6594202898550725,0.7188725664750996,3.983488544443383,
21,2005185810,2011,0.8,0.8310157378489557,0.0,-0.6336854786668167
22,2056967989,2008,0.5641025641025641,0.5627591072774176,6.4542144531320185,
23,2020158961,2014,0.6428571428571429,0.23292206826633668,3.073685952447784,
24,1550919044,2002,0.8333333333333334,-0.44553485567631657,0.0,
25,2620575020,2017,0.0,-0.7693462608386361,0.0,0.19851571067835674
26,2080887626,1987,1.0,-2.5993170009657445,0.0,
27,2106540215,2014,0.6837944664031621,0.5808085792803003,4.190841351801701,
28,2133718929,2009,0.7218390804597701,0.44952173850400007,2.9510964724562663,
29,2616841982,2017,0.5,0.9913262023247984,0.0,-2.518265812763006
30,1970074678,1997,0.6,-0.2039055762488229,0.7075478577130003,-0.7164090480872497
31,1983049784,2011,0.6696696696696697,0.3827608064905302,2.935233255526063,
32,1579918246,1979,1.0,0.35639321411576735,0.0,-0.16723648653078627
33,2068724650,2006,0.803030303030303,-1.1281848360788,0.7091057344036127,
34,2087606599,2012,0.7631578947368421,0.045109898180538,4.874480610058226,
35,4600524,2014,0.8735177865612648,0.5619050694639484,0.0,
36,2089736494,1995,0.8333333333333334,0.11562128355845816,0.0,0.15156837063417383
37,1536402820,2012,0.6,0.2584078858419571,2.999205269431546,0.402107887788891
38,2136661923,2014,0.6,0.562830566984892,0.7687706747935681,
39,1980978218,1994,0.9102564102564102,-0.41499874349965776,3.6216538423888975,0.31448545101657543
40,1976356759,2014,0.7134502923976608,-1.573275195295282,0.6582101866677479,
41,2093012717,1999,0.6,-0.21227481078716595,0.0,-0.22478059477960644
42,3125165152,2006,0.6666666666666666,-1.401878555976764,0.0,2.9160085030846723
43,2197602055,2003,0.4,-0.3671462438060279,0.0,-0.8167583037221927
44,1990482481,2006,0.6950757575757576,0.33742885704426556,15.717739554122073,
45,2075096261,2008,0.74,0.14586065046453064,0.7062034978556364,
46,2147393791,2009,0.75,1.0620175068976372,0.6241197764020925,
47,4211197434,2011,0.6785714285714286,0.11176459747722887,0.0,
48,152207751,2012,0.8,-2.2214206352729917,0.0,
49,2146787946,2012,0.8333333333333334,0.019031171085437868,1.473909915260197,
50,2016276511,2004,0.6,-0.6015754040095209,0.0,0.09665953493282833
51,2157441223,2010,0.6,-0.665015838626055,0.9264785377906193,
52,2132689717,2013,0.570267131242741,0.11310259479226108,2.5114671538890336,
53,186519838,2006,0.5955882352941176,-0.04668030061456058,1.392006139700445,
54,1850650012,1990,0.7904761904761904,-0.02020270731751947,0.0,
55,2325517414,2014,0.8095238095238095,-0.7900158600674585,0.7706341445372178,
56,2311482,2005,0.7238095238095238,0.6102582390118283,2.209601737320448,
57,2337283995,2016,0.8571428571428571,0.5839478885949533,0.7464441018581088,
58,2531000754,2016,0.7815384615384615,0.09052606275633575,6.531791008198848,
59,1985183023,2012,0.7065217391304348,-0.542002135365595,1.8751655775022429,
60,2504659903,1996,0.6815336463223787,0.8838927568882823,11.148092683611543,
61,2775882621,2017,0.45098039215686275,0.17122584830614415,0.0,
62,2106741928,1988,1.0,-1.820579907763547,0.0,1.1336521607358923
63,1989788598,2012,0.7142857142857143,1.2520331556078426,0.0,-2.76576732431725
64,2120056055,2009,0.7818181818181819,0.03654805926077772,0.0,
65,1510409235,2011,0.75,1.0030646943787755,0.0,-0.63271600130859
66,2129085246,2011,0.6785195936139332,0.6590507763126098,19.408713908893137,
67,2522665839,2004,0.7426470588235294,0.5890730233672612,5.2966000293128275,
68,2125837568,2004,0.8333333333333334,0.6491729816068261,0.6616183153565127,-0.7980393051943617
69,754013011,2014,0.8,-2.5819910557552004,0.0,
70,2184270230,2014,1.0,-2.522699894465908,0.0,
71,2766289782,2017,0.6785714285714286,0.17662359801866248,0.7805575532765214,0.15389155597495807
72,2156580463,2013,0.6544117647058824,-0.33458502199293727,2.8884927767707183,
73,2264845011,2015,0.6,0.5258304004267652,0.0,0.8521737607492983
74,2027513957,1990,0.6666666666666666,-1.1210851445201684,0.0,0.6493510225820753
75,2216787047,2012,1.0,-2.269905502538816,0.0,
76,2289738838,1999,0.35,0.4447822114489992,0.9165375150468318,-0.5477801382991848
77,1963980522,1985,0.9,0.6169492069923196,2.7507063283085733,-0.5946152422706633
78,2049967300,1988,0.9,-3.0213204531478484,0.0,1.2951051483371092
79,3122674462,2015,0.7142857142857143,1.558703410412209,0.0,-2.7547867747279513
80,2772957692,2017,0.25,0.5265630316094408,2.8345077464213393,
81,2312700170,2012,0.7142857142857143,0.01183016417826263,0.0,
82,4242355365,1983,0.8571428571428571,-0.18759861389479834,0.0,
83,2118311630,2007,0.7333333333333333,0.27911219622310374,0.0,
84,2217489314,2014,0.7090909090909091,0.5454740318282634,1.6755298929632791,
85,1963882122,2008,0.7301587301587301,0.2637622731563914,1.4769578057022095,
86,2071011895,2013,0.692063492063492,0.0741336322034176,10.300538666587341,
87,2141717182,2011,0.3235294117647059,-0.5595922177611201,1.0541246038939271,
88,2329585015,2013,0.638095238095238,-0.9447586532511746,5.025514516013084,
89,1574707994,2012,0.5141129032258065,0.5245533902080807,8.178667806819002,
90,2508018842,2016,0.6405228758169934,0.24201728310307963,7.2865037085161095,
91,2065227944,1991,0.9560439560439561,-0.2756474996026564,0.0,0.08192319205190413
92,2266828060,2013,0.8666666666666667,0.11374201551116644,0.8091259607924638,0.3554767481359378
93,2626531946,2017,0.738562091503268,0.8538179113332701,13.679114377703128,
94,2266265284,2015,0.7105263157894737,0.626639765789832,0.0,
95,2505997487,1970,1.0,-1.329135947279942,0.0,
96,1996453518,2015,0.8005698005698005,-0.4553373818325043,1.881650283779805,
97,1991576356,2009,0.5833333333333334,0.3640393990680263,0.0,
98,2395831272,2001,0.6388888888888888,-2.0612209955663077,0.0,3.5669958660124017
99,2185026881,2014,0.8131868131868132,0.9360348128748348,1.4262373756645577,
100,2325701977,2014,0.5333333333333333,0.9862736873884645,0.0,-1.3616018314765472
101,3121483316,2007,0.6282051282051282,0.19701063240980873,0.0,
102,2051206680,2007,0.7476190476190476,0.21796528839888304,0.0,
103,2003199800,1990,0.9722222222222222,-1.1394342831883648,0.0,
104,1984064238,2014,0.5107692307692308,0.4333560188147741,1.6785837510627255,
105,3123412940,1993,1.0,-5.537334267018537,0.8363663962257355,2.7761607029862283
106,2107936065,1982,0.7222222222222222,0.5500463369192721,0.0,
107,4256708066,2007,0.5579710144927537,-0.14309065655484202,8.097365939012107,
108,2171461993,2006,0.5714285714285714,-0.3133544275059078,0.0,
109,2153686610,1998,0.42857142857142855,-1.4141929705846545,0.0,
110,1976187842,2001,0.0,-0.7089114812785333,0.0,1.414213562373095
111,3124003665,2017,0.32727272727272727,0.8305344731924704,0.0,-1.3105444675006015
112,2027029055,2004,0.5256410256410257,2.3019735290997967,0.0,-3.521722096127456
113,2004694870,2010,0.8191489361702128,0.6571050331443744,14.331211801659832,
114,2170930301,2007,0.5128205128205128,0.20424000323727173,0.0,
115,1989759844,1980,0.7056277056277056,0.8003160149745552,0.0,
116,2042417727,1995,0.2222222222222222,0.1294608639663913,0.4325360504282878,0.7427813527082076
117,1482406372,1988,1.0,-4.477336814478207,0.0,1.1899383237584962
118,1835884712,2015,0.8091168091168092,0.5056192155754169,7.215780199120928,
119,1927044652,2006,0.41911764705882354,0.2691212957931587,3.9329090662936297,
120,2481560192,2012,0.8014705882352942,0.35433274932552544,2.3691468706486614,
121,1974381581,2001,0.7333333333333333,-2.8233610476132043,0.658287142811868,
122,2139055474,1978,0.0,0.7799322363988975,0.0,0.9211548028634752
123,2292730172,2015,0.8177339901477833,-0.17669552601068048,8.55000483114453,
124,2177511830,1989,0.6666666666666666,-2.508695511752015,0.0,1.1055415967851334
125,1778294656,2012,0.6192307692307693,0.6857429477517653,16.806489660557563,
126,2152371765,2011,0.8476190476190476,0.21624667864393848,2.9042668489273455,
127,2518945008,2016,0.9523809523809523,-0.22835901446496326,0.0,
128,1984038142,1984,0.9743589743589743,0.12562621311740937,0.0,
129,2025723073,2010,0.9,0.1970952975584902,0.0,
130,2613828505,2017,0.6111111111111112,0.13116496653228535,14.448931618653422,
131,2314800660,2010,0.6666666666666666,-0.1774070961494157,0.0,0.5592327894010799
132,2218879678,2016,0.8571428571428571,-0.9422014031625082,1.6663193623196189,
133,3124012071,2012,0.5158730158730159,0.19980145041716865,7.054704076887601,
134,2552753417,2016,0.7134502923976608,0.21622310846963608,1.6184509298121699,
135,1601775541,2011,0.5238095238095238,-1.4026916772499576,0.8498121477034724,
136,2149261763,2012,0.6666666666666666,-0.28841188533930623,0.0,-1.831089728973673
137,2498951849,2016,0.8333333333333334,0.6063795783785878,0.0,-0.31636290508491416
138,2254068468,2016,0.2280487804878049,0.33197877363916706,17.199914559801385,
139,2050488938,2010,0.7193675889328063,0.3419380400404785,0.9211448665391705,
140,2113955958,1997,0.6923076923076923,0.6162421925352551,0.0,
141,2774984757,2017,0.7523809523809524,0.3618938039385911,0.0,
142,2069462629,1977,0.5238095238095238,0.2411620568168881,0.9024099927051467,
143,3121367651,2011,0.7263157894736842,0.24598572788311307,1.411525116855366,
144,2074936067,1974,0.7,0.6286086594223742,0.0,
145,2304627525,2002,0.5789473684210527,0.07575768382839178,4.579868311939619,
146,3121783149,2016,0.5747899159663865,0.13178805249280662,1.365420233240172,
147,2036153302,2000,0.34545454545454546,0.3559619238428625,2.046375944519421,
148,2113518683,2010,0.8666666666666667,1.9854653277145293,1.5201530409068575,
149,2123338470,2011,0.477124183006536,0.4000121907504549,3.049745775138842,
150,1603331121,2005,0.8425253991291727,0.8145865274194393,6.638245865231772,
151,4251598620,1997,0.7984496124031008,0.6930349785962931,39.76059924547404,
152,2109437806,1997,0.8666666666666667,-2.5056521650850696,0.0,0.11433239009500587
153,2108397001,2012,0.6028911564625851,0.675701726048438,8.471776974263685,
154,1632399332,2010,0.6743755781683626,0.6977534425798866,11.334851900811229,
155,2232380483,2014,0.0,-1.8238465437055726,0.0,0.9045340337332911
156,2605695204,2017,0.6703296703296703,0.2594575803005286,1.2750472369210377,
157,1975206966,2008,0.25075075075075076,0.5294226870098256,4.242946922421511,
158,2085790824,2013,0.9166666666666666,-0.4312628009293049,0.0,
159,2246248901,1994,1.0,-1.4789681868500204,0.8740118423302576,0.2481063607078865
160,2163944971,1999,0.5,-1.309318526974938,0.0,0.9670302956958907
161,2031212907,1985,0.6363636363636364,0.8525749174880474,2.2939789310326426,
162,2013291500,1993,0.5398550724637681,0.3579610955510865,1.4751773266332204,
163,2121930469,2006,0.6923076923076923,0.39301378585150815,2.3457637246409675,-0.22390509495215938
164,3033482843,1999,0.5909090909090909,-0.7957230740906868,0.6304958277186394,
165,2086109197,1994,0.7333333333333333,0.8722275393827635,4.888556843085961,
166,2077232063,2013,0.8333333333333334,-1.6430209344778903,0.0,0.7022670168666454
167,2024815527,2014,0.696969696969697,1.2071875833754053,4.815426940953409,
168,2771653909,2017,0.4093567251461988,-0.6626623914121714,4.661345038486991,
169,2079606431,2009,0.7794117647058824,-0.3870001126956095,2.2967262070935015,
170,1552528093,2014,0.9,-4.7485097398739455,0.0,
171,2753075731,2017,0.8266384778012685,-1.8818292566707187,4.358047064401488,
172,2032423176,2005,0.6,0.32816588638037875,0.670292485685974,
173,3125477957,2006,0.8015873015873016,0.6267636404488048,4.551467086864455,
174,2186384275,2009,0.5454545454545454,0.6178500183265344,11.555239127761155,
175,2427028328,2016,0.7555555555555555,-0.0451954876372925,0.9180869879036558,
176,2026242007,2013,0.7251461988304093,-0.045029054749028165,2.5538868138821558,
177,188478625,2003,0.6944444444444444,-1.13036098698269,1.637976253659128,0.7797693255091697
178,2086134453,2013,0.5641025641025641,-3.8555826000123146,0.0,
179,2112320735,2003,0.4642857142857143,0.17810886829550854,0.8290591353105431,
180,2081775730,2011,0.6673387096774194,-0.586726556671808,10.097301129346997,
181,1970965554,1998,0.8461538461538461,-0.2418925170392871,1.7286245266182643,
182,1969723418,2013,0.8436781609195402,0.3724541606178159,3.812591568773884,
183,2062351750,2013,0.6666666666666666,-1.8050947408460158,1.2197533414172934,
184,1528849961,2012,0.18181818181818182,0.5014898644938188,2.335993606147807,
185,2754348787,2017,0.6432748538011696,0.3643085238999909,14.212753698962736,
186,2482678616,2008,0.0,-0.32228898452402704,0.0,1.8295525662094496
187,2113399249,2011,0.5333333333333333,0.30516582646661466,0.0,
188,2131096903,2007,0.6391129032258065,0.27274690047129374,3.709759297240362,
189,2139526319,2011,0.5,-4.740060417369612,0.0,
190,2301147905,2015,0.2,-1.08480826955243,0.7461634587165953,
191,269880201,2000,1.0,-5.236441962829949,0.0,
192,2090781369,2008,0.2,0.10359593143412309,0.0,0.02313259727864965
193,2123529900,2007,0.6797385620915033,-1.5309550527623006,3.0801058788186144,
194,2257522707,2015,0.7581699346405228,1.8657047439888064,0.7457802525131154,
195,2592322900,2017,0.6723744292237442,0.6533223110690287,60.82151287610802,
196,3125534647,1995,0.8717948717948718,0.3685075590302583,17.330345720290367,
197,2106989072,2011,0.5955882352941176,-0.7488342173996484,1.4971567622458535,
198,1503887202,2007,0.3684210526315789,-1.5614899970238776,1.8711806891052007,
199,2278167998,2016,0.75,0.30202712038654916,4.227734070268566,
200,2047393103,2005,0.8,-4.760801250985784,0.0,
201,349184934,2012,0.5111111111111111,0.766730443401925,0.0,
202,2467430902,2016,0.5555555555555556,-0.5951879925840436,4.783876140550989,
203,1565525199,1979,0.75,0.849918064376875,0.0,-0.39409607974033745
204,2566201519,2017,0.6,-3.2904462397066854,0.0,
205,2051247753,2015,0.7407407407407407,0.6033989679878302,14.857915837700032,
206,2752721221,2017,0.28205128205128205,-0.42117317191072184,0.0,
207,2167744834,2008,0.6,0.6344797065862959,0.0,-0.7765981134314706
208,1494874748,2008,0.35555555555555557,0.09820508279924679,0.0,
209,2132329595,2000,0.6430976430976431,0.8035746248601983,6.577195049287249,
210,2768653625,2017,0.0,-0.5788023520309927,0.0,
211,2622732331,2017,0.5,0.06544911931470625,1.7070146476257961,-1.1676030209809913
212,2132335104,2006,0.6210526315789474,0.32146569115383855,0.6971510612949143,
213,2240104529,2010,0.5270655270655271,1.1012428190986305,7.421420555005907,-0.8588975014708023
214,3046563265,2008,0.6888888888888889,-0.22647638275857168,0.0,
215,2054787653,2008,0.6666666666666666,1.0898452519151884,0.9653276438558132,-0.6735429782170093
216,2113189496,2010,0.8571428571428571,0.5987555169064316,2.173221706800869,-0.4086019053335067
217,2265308498,1976,1.0,-1.4163489168516474,0.0,-0.17184244451536596
218,2584585361,2017,0.7619047619047619,0.9829154513231588,1.7263818417349435,
219,2184757893,2014,0.9,-3.8714524398349077,0.0,
220,2036815307,2009,0.16134453781512606,-0.5239609075303571,13.827999586294434,
221,2030655414,2012,0.38441558441558443,0.582329782992674,14.405916526757254,
222,2035523006,1971,1.0,0.4462871026284195,0.0,
223,1911356153,2013,0.14285714285714285,-1.13798745390294,1.3807150236182093,
224,2115849403,2009,0.5934065934065934,0.594039369632816,0.5409266637941323,0.0
225,2106163405,2013,0.782051282051282,0.2110616741752196,7.157355886181681,
226,2401356885,2014,0.4700854700854701,-0.5274085117075432,5.180042055223128,
227,2093422274,2006,0.5333333333333333,-0.17003661582149224,0.8433943920043212,
228,2103899426,2012,0.2,-1.4991165227010297,1.1702361410893942,
229,1645157274,2004,0.607437015503876,0.5654277724206748,13.257765286750391,0.4909693789263019
230,2027265724,2010,0.25,-1.9280470316346816,0.6850656044993058,
231,2077383520,2012,0.6640316205533597,0.2347881349473186,4.898975385545632,
232,345142878,2013,0.7090909090909091,0.42734598818533326,1.095354632083741,1.3383719645066712
233,2651954930,2017,0.0,1.3522371586491369,0.0,-2.1322221654693956
234,2108731366,2013,0.8329268292682926,0.6699866013761812,8.173873234242032,
235,1509707325,2009,0.7251461988304093,0.4757627458517788,1.3873929419942133,-0.504385279541804
236,2358690954,2016,0.9555555555555556,-3.6704820889742202,0.0,
237,2061187454,1993,0.7777777777777778,0.6014721179873733,0.0,
238,2747268871,2017,0.6369230769230769,0.48460702289375934,10.13893827827736,
239,2066344131,1978,0.37142857142857144,0.5900288183078088,0.0,
240,3121920701,2002,0.425,0.4652329239328395,1.1536727339439894,
241,2158854910,2008,0.0,-0.40271889347614404,0.0,0.14892572322906367
242,2594959130,2017,0.8952380952380953,-0.828645540595478,0.9206671171978082,
243,146005130,1993,0.6666666666666666,-2.2875136383009145,0.0,1.288953194906052
244,1673498679,2000,1.0,-2.3313640575440893,0.0,0.16903085094570333
245,971466962,2002,0.49166666666666664,0.5501362951945679,0.0,
246,2490929695,2016,0.6221322537112011,0.4656839681012192,3.9186711943563517,
247,2095745944,2002,0.38461538461538464,-1.5235278571416906,2.1728346047452063,
248,583000211,2015,0.6,-3.2480735334801003,0.0,2.4
249,2617180360,2017,0.5754985754985755,0.71877192531767,9.09487326957586,
250,2473382273,2016,0.6,-4.325183342661653,0.0,
251,1559593144,2016,0.5294117647058824,0.10834975262561891,0.6029261548729695,
252,1915498868,2000,0.8484848484848485,0.5322426032277807,0.0,
253,2005999806,2008,0.4166666666666667,-0.8509342280305875,1.4220230835355638,1.059020397279372
254,1524562691,2008,0.7297297297297297,0.5328067849940664,0.7290129609002387,
255,2232951260,2013,0.6078431372549019,0.31067454380007237,4.371271084249846,
256,2335396806,2014,0.7,0.1376018770490008,0.0,0.29094472700026797
257,2496690062,2012,0.8333333333333334,1.2105959657436693,0.0,-1.932452053714778
258,2016677504,2005,0.8333333333333334,-2.747317677097745,0.0,0.9662111044391526
259,2095426319,2006,0.9,-1.3746634658145576,0.0,
260,1984612548,1996,0.6,0.6229482118983612,0.0,
261,2171915087,2002,0.8,1.0761772117612367,1.8320824383172665,-1.8731707590085158
262,2013967405,2007,1.0,-1.6460678598628053,0.7016165435317014,1.2935817133343657
263,1996166147,2010,0.7582417582417582,1.3010390064158492,6.896199383074276,
264,1557360528,2003,0.6,-1.077993001465374,3.2759525073182565,1.2553791638990803
265,2284943167,2015,0.7333333333333333,0.8479739989704156,0.0,-1.2946097171769835
266,2738895225,2017,0.575,-0.59935960951986,3.260145919847891,
267,1590235226,2003,0.7272727272727273,-1.0662367804193815,0.8752984071930096,
268,1958644671,2014,0.7046153846153846,-0.9569151018313982,7.178046473386227,
269,2076752699,2006,0.5948717948717949,0.6735689839564177,25.231916924411287,
270,1981839118,2013,0.7166666666666667,0.2561537049216553,3.5318619085212233,
271,2154367469,1995,0.8761904761904762,0.35297504117411116,1.3974616148600711,
272,2026215719,1987,0.7222222222222222,0.06272984687421287,0.0,-0.12812801051063527
273,2031522060,1994,0.8333333333333334,1.6594954944139053,12.671799925514668,-1.295811608937309
274,2558179661,1977,0.8055555555555556,-0.16430305129127634,0.0,
275,1563195942,2008,0.7193675889328063,0.13455875346388899,7.51023189330265,
276,2884990811,2017,0.6888888888888889,0.3253407804573457,0.0,-1.4341937529311974
277,2074177224,2011,0.7058823529411765,-0.8604260253963136,2.3822366092279523,
278,4248854147,1997,0.7984496124031008,0.6930349785962931,39.76059924547404,
279,2114759886,1999,0.5357142857142857,0.4118794982858281,0.0,
280,2108462694,2013,0.24301075268817204,0.5686420709859835,3.6325282269582697,
281,3124720853,2004,0.5238095238095238,0.44502138416430914,0.0,
282,2555761784,2016,0.5471264367816092,-1.250113960323791,6.790372283223225,
283,2076722819,1987,0.9,-3.253513839981976,0.0,1.3627702877384937
284,1997632952,1987,0.4,-1.34223437132586,0.0,1.0683673756771543
285,2027554180,1994,0.9281045751633987,1.1214656334705075,1.6874568537070382,
286,2039104740,2006,0.6842105263157895,0.8063112703600342,2.446967415328543,-0.6877463849533243
287,1989735960,2011,0.6483516483516484,-0.2633264016179478,1.7227951984640153,
288,2066943693,2008,0.425,0.030430156448873966,1.5298376312022097,
289,2534205368,2006,0.575,0.4978526908294144,2.6388314660307532,
290,1974360242,2009,0.6862745098039216,0.482023120169161,0.0,
291,2640297923,2017,0.2222222222222222,0.4436033986992461,1.5457412296088675,
292,2624917705,2017,0.6638176638176638,-0.18628476922172588,7.697362525332552,
293,2499289837,2016,0.4,-5.056776450094111,0.0,
294,1980493884,2009,0.7904761904761904,-1.4311725046521684,0.0,
295,2050272133,1994,0.24761904761904763,0.4821554653493726,1.544589569146933,-0.7814646651645635
296,2244794597,2005,0.15384615384615385,0.4489257880203213,1.4106372409567811,-0.45518555570307717
297,2024140670,2002,0.5901942645698427,0.8575447332590849,21.894667480910588,
298,1811441929,2004,0.6444444444444445,-1.7324035907965405,0.0,
299,1582786932,2004,0.6835443037974683,0.9862967351938596,34.452689716375446,
300,2484744860,2016,0.6666666666666666,-0.8773913747051415,0.0,1.5954070156947675
301,3124404855,2013,0.6666666666666666,0.10960504549928929,1.1641827689169657,
302,2059825689,1978,0.5333333333333333,-0.9575336904082041,0.0,0.7763189541231652
303,2065278795,2006,0.4,-1.4340046948720166,0.0,
304,2145442607,2006,0.8,0.05100808624836747,0.0,
305,2059077890,1994,0.6,0.3359697215283949,0.6495616779747688,-0.7341724318597179
306,2499525773,2007,0.5909090909090909,-0.18749981970928145,0.0,0.6400861523246766
307,1697874017,2013,0.7885057471264367,0.12409905388964634,0.0,
308,2199771401,2014,0.7293447293447294,-0.6586798580063716,5.3773514018037325,
309,2102532518,2007,0.8545454545454545,-0.8077878107149141,0.0,
310,2120920843,2010,0.8055555555555556,1.0664724840440973,0.8255443248022707,
311,2488514476,1980,1.0,-2.2626684855886032,0.0,
312,3124443986,1991,1.0,0.1559225082266148,0.0,-0.9928019584922334
313,15996443,2011,0.5904761904761905,-1.934240420840591,0.6100231235388742,
314,3123380681,2013,0.8,-0.8422864639041008,0.9930953977916737,
315,2041506376,1998,0.4,-2.29060890194733,0.0,
316,2008343499,2007,0.7783251231527094,0.3890013582395967,0.9154197425343806,
317,22816034,2007,0.735632183908046,0.27448452036983445,1.843585016907085,
318,2284055916,2015,0.5555555555555556,0.4727849106871949,1.138653508810411,0.1331462749589934
319,2186604003,2008,0.9,-1.0737742431457753,0.0,
320,2555932976,2002,0.6444444444444445,0.6197645424992945,0.7538170180413345,-0.5305435466437947
321,1975411855,1995,0.4642857142857143,-0.5581686784531583,0.8267949192431123,
322,3125284800,2004,0.0,0.8995291611299037,0.0,-1.8224692392202535
323,1581221395,1979,0.9696969696969697,0.17209732301809522,0.0,
324,178982676,2006,0.3813813813813814,0.015701839725185615,2.3085325826815426,
325,2056617855,1976,0.8055555555555556,0.6885717101291733,0.0,-0.769800358919501
326,2611151215,2017,0.6486486486486487,-0.6239483624622849,19.969742311437628,
327,2160130200,2008,0.45,0.49184703502053495,1.674441788354609,
328,2035397016,2010,0.49523809523809526,0.8135216527608199,0.0,0.19223248598057108
329,3122473292,2003,0.8,-1.0090001299784226,0.8205859200684622,
330,2091566131,1980,0.7,-0.032339452604343,0.0,0.7751421862455232
331,2598304869,2017,0.6964285714285714,0.5888771581284448,60.48456634449804,
332,2475078673,2016,0.2571428571428571,-0.3040958422187644,1.6647455714781325,
333,2027722942,2009,0.7439613526570048,0.2828610434684891,0.0,
334,2551893715,2012,1.0,-5.97543939155789,0.0,
335,2080374639,2006,0.5934065934065934,0.15670093922384543,0.0,
336,2559725860,2016,0.24166666666666667,0.2106998109313507,0.7418458006711308,
337,3123713398,2010,0.7543859649122807,0.8143410208314963,10.6003995623966,-0.6487491201346025
338,3137177651,2005,0.6666666666666666,-1.1163973828634874,0.0,0.36443939384310753
339,2047605214,2014,0.7043715846994536,0.6118482531169653,8.234289804468558,
340,4240916516,2017,0.5766666666666667,0.28211234662742596,9.610858419525314,
341,2103871964,2004,0.8333333333333334,-1.8094590463274558,0.0,
342,1998040152,1990,0.8333333333333334,-0.7985076962177716,0.8804771390665607,0.22485166980129612
343,1968867546,1996,0.8954248366013072,-1.0021044695855552,0.0,
344,789904320,2015,0.509469696969697,0.3106857884658842,1.4311870575582168,
345,1507815671,2004,0.7333333333333333,-1.3203017220405946,1.5885217434901433,
346,2067805391,2003,0.5757575757575758,-1.9376113462406181,1.5343830110780639,
347,2157949926,2004,0.7,-0.4505064399702947,0.0,-1.0974941154141176
348,2321167267,1988,0.8928571428571429,-1.9718108774874703,0.6200197021713258,
349,2499936978,2012,1.0,-2.8937261161409134,0.0,
350,1819795793,2015,0.5264550264550265,0.7377251736495432,6.087876462084979,
351,1985545152,2011,0.5441176470588235,-0.6119728948417195,0.9357631719041414,
352,2112913814,1982,0.6428571428571429,-0.28256697178501045,0.0,
353,2071648550,1994,0.8,0.5191935146405618,0.0,-0.6092837746465328
354,2331208535,2008,0.7,0.5531502481707808,0.7366138432063477,0.1109590082182963
355,2323631765,2011,1.0,-4.363947521273976,0.0,1.7320508075688774
356,2077053097,2008,0.5054945054945055,0.09808756708138427,2.3882952304727696,
357,614413074,2008,0.5,-0.4306428145394315,0.0,1.456455911478428
358,39599644,2012,0.4927536231884058,1.0456899483524906,17.750406295834413,
359,2945412681,1995,0.948051948051948,0.3407699576335983,0.0,
360,2273879972,2010,0.5333333333333333,0.3697647826067063,0.7400980689656105,-1.2307692307692308
361,2019651065,1979,0.9047619047619048,-1.0045833390198333,0.6666666666666665,1.627769958101067
362,2668403398,2017,0.4393939393939394,-0.7363425755242488,1.9435207034231805,
363,2162163990,1997,0.6939024390243902,-1.0972668461509871,1.5385610787351511,
364,2107761752,2007,0.75,0.5392315889383396,1.6297575895053988,-0.7845267752560714
365,2004141032,1988,0.8928571428571429,-0.35424283897012,0.0,0.6923076923076922
366,1970718642,2010,0.6210526315789474,0.875692527753856,0.9373775708914851,
367,2187852780,2012,0.5,0.5639157246278491,0.7551774510071507,-0.09398277243962909
368,2171109671,2013,0.5661764705882353,0.9886804987319848,1.4398403982118375,
369,2104203496,2001,0.4,-0.13176563003749014,0.0,
370,2126322416,1980,0.6153846153846154,-0.5698489642154517,0.0,1.5328126314415589
371,2568730543,2006,0.4421052631578947,0.40084616225186986,4.847439678557957,
372,2519448970,2013,1.0,-1.5056392769593612,0.0,
373,2313409303,1977,0.9272727272727272,0.5978370007556204,0.0,
374,2070315649,2010,0.41595441595441596,-0.462978730192679,3.8028465150062964,
375,2153705125,2002,1.0,-7.21725999594439,0.0,
376,2100248780,2010,0.37777777777777777,0.6898534299558752,5.732551612171864,
377,2487735702,2012,0.5,-0.24169661730581374,0.0,1.1009434398016764
378,1999015468,1996,0.8825757575757576,-0.18237974876929774,3.3238524870627417,
379,2108650025,2013,0.8666666666666667,-3.3218631563804712,0.0,
380,2403403639,2016,0.7142857142857143,1.0254107499875855,1.797262527386874,-0.2589043525093583
381,2132307643,2009,0.8560975609756097,-0.7647887412910395,0.0,
382,2069885397,2005,0.8528735632183908,0.5849936902678572,0.8257043381279993,
383,2008201778,2003,0.18181818181818182,-0.4212134650763035,1.619582324315205,
384,2000336448,1984,0.6666666666666666,-3.0524276172305362,0.0,
385,2101274543,2005,0.6857142857142857,-0.5397762449941247,0.0,
386,3125168186,2004,0.6097402597402597,0.7989484870641569,10.208555324773481,
387,2238513285,2010,1.0,-4.54178655326565,0.0,2.3804761428476167
388,2031883468,2006,0.8717948717948718,-0.4140939929830663,0.7372308474360763,
389,1969840663,2015,0.5978494623655914,0.8649998238863534,4.48874278909346,
390,2156198352,2011,0.6904761904761905,0.4073019154066478,5.7721372192956855,0.8164965809277263
391,2282905187,2017,0.6515151515151515,0.37411497969505825,1.4386785833862645,
392,2085484606,2002,0.766798418972332,0.5196778066691495,1.7268048892949959,
393,2749354692,2017,0.7142857142857143,-0.35089776490333074,0.0,
394,2545970786,2017,0.4719512195121951,-0.05099350183243166,8.816820606876325,
395,3122031089,2007,0.6888888888888889,0.22378087347441356,0.0,0.1005262888998483
396,1989888564,2009,1.0,-1.0414631237680014,0.0,0.5823172913616108
397,1535789494,1980,0.7472527472527473,0.3464417676587033,0.683772233983162,0.5773502691896258
398,1976141686,1993,0.7083333333333334,0.5635450660753123,6.378104210218973,-0.33149677206589795
399,2004273582,2012,0.6764705882352942,0.10365803249030466,1.506964703611657,
400,2152165459,2003,0.6833333333333333,-0.3183129752593396,0.7743340077811123,
401,2118811704,2013,0.5661764705882353,0.17075439984473004,13.686437830827145,
402,67521929,2015,0.6047619047619047,0.9047769430055449,17.36445374321648,
403,2214875055,1975,1.0,-0.954161005929565,0.0,0.69422652820666
404,2194143452,2015,0.0,-0.2620293482661008,0.0,2.0847704555492212
405,2120167541,2003,0.5698924731182796,0.4845388905207633,0.0,
406,3123078110,2012,0.8076923076923077,-0.266652788764506,1.797141446215083,
407,2147810489,2004,0.6996047430830039,1.0237169503484926,0.6592009117045015,
408,3021492074,2012,0.5333333333333333,0.9222655515707461,8.226791858077927,-1.3526967367465739
409,1998635925,2011,1.0,-0.12624190616342004,0.0,0.1594440830235989
410,1986923238,1998,0.8333333333333334,-0.34975352355364075,0.0,1.274494627667525
411,2109306263,2014,0.7564102564102564,-0.8402857932930407,1.335181667206047,
412,2499358572,2013,0.6025641025641025,0.5699851360752994,2.2628728617921423,
413,2183346373,2014,0.8444444444444444,-1.4326053108188073,0.6131420958261116,
414,2734778293,2017,0.7636363636363637,-0.3636117613561423,2.2075135805777477,
415,2239505757,2016,0.3476190476190476,0.32158362412746233,4.002661240504686,
416,104573083,2007,0.812807881773399,0.20234139984704397,0.7416939388391557,
417,2015870104,2012,0.6079545454545454,0.6086324694252738,6.817369770103307,
418,2183166778,2004,0.6833333333333333,-0.16653000701309278,14.77994849739502,
419,1994401912,1995,0.8571428571428571,0.3407699576335983,0.0,-0.1017973197118576
420,2031843840,2005,0.8181818181818182,-0.09240513332394902,0.0,
421,2099358384,2003,0.7452431289640592,0.5547570646575709,6.579691327611561,
422,2163819020,2013,0.8333333333333334,-1.635235605255241,0.0,
423,2083674497,2000,1.0,-5.641907070938114,0.0,1.3957212765211846
424,2016958690,2014,0.8666666666666667,-0.31599643943881056,0.0,-0.6529713511236863
425,2480493013,2012,0.4166666666666667,0.8134553483926225,0.6662510759213597,
426,3124241816,2015,0.7111111111111111,0.6937896793508818,4.435705547962008,
427,2069495942,2007,0.5291005291005291,0.5180698808492211,1.3378177011259567,
428,2074782472,1992,0.6458036984352774,0.43763822917758977,4.898364852499977,1.614414542352582
429,2110642557,1986,0.4737903225806452,1.0137580691353096,0.0,
430,2225660632,2016,0.45454545454545453,0.2076393647782445,2.7261070483245966,
431,2168326590,2014,0.7111111111111111,-1.5943886757376284,0.0,
432,2469845854,2016,0.8666666666666667,0.09486799540622887,0.0,
433,2160571048,2014,0.1774891774891775,-0.738722565679908,2.051447149478263,
434,2494317542,2006,0.6666666666666666,-5.562218910334414,0.0,
435,169514059,1997,0.9,-2.057501044276958,0.8421052631578947,
436,2022199004,1993,0.7333333333333333,0.4714789184240583,1.1852192413297036,-1.2463927980908216
437,1501182374,2008,0.7222222222222222,0.3341047181416708,0.6249031132912396,
438,2766277156,2017,0.8333333333333334,1.3968343662983076,0.0,-2.2204972044949725
439,2009963354,2009,0.5490196078431373,0.6197714933099864,0.0,-0.08481889296799729
440,2059689537,2015,0.4421052631578947,0.050365659762404,8.353463519470042,
441,2154565440,1973,0.8181818181818182,0.8266785731844679,0.0,
442,2407252987,2014,0.5,-0.42161130632379357,0.0,-1.1158236434711823
443,52921676,1988,0.8416666666666667,0.9287132518727121,0.0,
444,1983208741,2006,0.7612903225806451,0.8519856596629546,7.929764031994954,
445,1967451226,1999,0.5368421052631579,0.1785914978998459,0.0,0.7572948413327036
446,1491427068,2004,0.7047619047619048,-0.18911226450369875,1.7835157077843349,
447,2590616184,2016,0.6666666666666666,-1.6837499453986517,0.0,
448,3123003693,2004,0.6666666666666666,-1.1028318819592375,0.0,-1.0957531698162968
449,2158177030,1998,0.7254901960784313,0.3230412193967875,6.780018313691588,
450,1699800300,2015,0.5904761904761905,0.827552657851956,2.296939323552591,
451,2471857960,2016,0.0,1.5933808820711202,0.0,-1.4841297930800375
452,2591892113,2016,0.8571428571428571,-4.01532257526595,0.8290036079858076,
453,2110815613,1996,0.8624338624338624,-1.4814590757992225,0.0,
454,1483340052,1993,0.6190476190476191,0.43312604348040457,2.490812012268275,-0.04921095949408172
455,1665228730,2009,0.7592051431911163,0.5558470365399782,16.64749790223168,
456,1502701254,1979,0.8333333333333334,-3.1640675883732055,0.8556624327025936,1.2341559422618136
457,2032136411,2010,0.7272727272727273,0.7698856831441881,4.971170644308854,
458,1967458151,2000,0.7166666666666667,0.7237016251242535,3.1207674987075196,-0.2653724462171376
459,2586147632,2017,0.6045977011494252,0.32182272880502366,4.784137549363185,
460,1797061553,1992,0.7573529411764706,0.937756272735152,0.0,
461,1990449529,2009,0.691699604743083,0.19614617265000742,1.3656535633400262,
462,2134703963,2009,0.7857142857142857,-0.701077064247323,1.3185480379406755,
463,2343086605,2016,0.7789473684210526,0.05292978038934936,7.011138800056579,
464,2069236134,2003,0.6666666666666666,-2.772588722239781,0.0,0.9049003612226739
465,2523834542,2016,0.855072463768116,-1.439278213479425,6.921622565518158,
466,2593371886,2003,0.0,-1.5239157389959384,0.0,0.9128709291752769
467,2017752992,2012,0.7412698412698413,1.0113166323247225,9.13687926009175,
468,603907805,2014,0.5,-1.2538759346647887,0.0,-0.08586393004377624
469,2035173816,2008,0.7349290780141844,0.4917453333745083,7.743429068617532,
470,1977911701,1993,1.0,-5.537334267018537,0.0,2.504380914278093
471,1969301437,2012,0.5189393939393939,0.2534255674891673,3.29148049692031,
472,2007998817,2004,0.3333333333333333,1.0265120977101387,0.0,
473,2157391617,2002,0.75,0.13111645669253236,0.0,0.14753491694740475
474,1983808035,2005,0.6666666666666666,-0.8878014473533741,0.0,
475,2218450029,2015,0.40819964349376114,0.6987732113432196,13.20754893127665,
476,1546530261,2017,0.7851265331470269,0.18673290515248192,85.89423110019982,
477,2127081054,2014,0.9120879120879121,-1.2087261949256436,0.0,
478,2741940312,2012,0.8333333333333334,-4.9509350750435015,0.0,
479,2032260994,1981,0.5,-0.3615519210182365,0.0,1.435163505313656
480,2476367655,2016,0.6141025641025641,0.25437487443401224,4.202565446532741,
481,2020078061,2012,0.40790960451977404,0.34772411341864773,21.226522776507696,
482,2021117428,2007,0.5073891625615764,-1.0797215261985555,7.582672670626001,
483,2596672484,2013,0.5238095238095238,-0.20811924961509523,0.0,0.6882472016116852
484,4245622842,2008,0.6761904761904762,0.9440759692049802,0.674323005316643,
485,2056164465,2005,0.24166666666666667,0.03387200336272591,0.8021858579812639,
486,3125081536,2013,0.6,0.785189589620558,0.0,-1.4709135668452897
487,2172087126,2002,0.9285714285714286,-1.782446884807816,0.0,
488,2065063082,1994,0.8666666666666667,0.758423203706396,9.760353098884105,
489,2061197681,1994,0.6296296296296297,0.8958470897283408,12.692265042009884,
490,1524955516,2003,0.7333333333333333,0.24149268998240622,0.6624300244807115,-0.7066596453317255
491,3125255073,2005,0.75,-2.2018175710741708,0.0,
492,2027714275,2013,0.5789473684210527,0.7942062737006794,0.0,-0.4155813868856493
493,1979954303,1976,0.6538461538461539,1.207696136709859,0.0,-1.0808168170729433
494,2031305905,2010,0.6140350877192983,-0.9362887080907651,0.0,
495,1989213081,2008,0.6428571428571429,0.16969403457655544,0.0,
496,2120716811,1977,0.5,-1.992430164690206,0.0,1.2937575795650416
497,1981737778,1981,0.7,0.11316869810563798,0.0,
498,2509806991,2016,0.6481481481481481,-0.1027115074862493,6.843495999415461,
499,2554370231,2016,0.6123188405797102,-2.2859253477528703,0.0,
500,1505405092,2013,0.7489177489177489,0.3000361455950165,0.5717538253148329,
501,2499429660,2016,0.6444444444444445,-0.2931100584941779,1.2023480040226406,
502,2477566203,2016,0.6850574712643678,0.643491889620598,8.300512658130815,
503,1822118606,2002,0.7,1.3592298887629513,1.79808271817328,-1.9536535411572924
504,2237118216,2004,0.7485380116959064,-0.20595000501563424,8.222885970774502,
505,2164320609,1992,0.9120879120879121,-1.5515615002178245,0.0,
506,599563694,2008,0.44919786096256686,0.6913306496335475,3.0203515035238837,
507,2010512251,1973,0.7636363636363637,0.8711303357553017,0.8110177634953863,-2.562726588531747
508,2062409192,1997,0.8888888888888888,0.302504105811714,0.0,
509,2006784025,2004,0.819047619047619,0.08121528607790394,1.5868817764045424,
510,2038343521,1991,0.8076923076923077,1.1050904793318763,1.616983826857287,
511,2767019447,2017,0.6303191489361702,-0.5880582644479736,29.80806244260227,
512,1964522478,2010,0.7421052631578947,0.531432227132373,0.9069132258728971,
513,2502220380,1997,0.7984496124031008,0.6930349785962931,39.76059924547404,
514,2499549858,2012,0.0,0.6130637607497081,0.0,0.4211340674425928
515,2087020064,1997,0.9333333333333333,0.3957796387689559,0.0,
516,2163593696,2008,0.4355400696864111,-0.13015985319682724,0.0,
517,2253149377,2010,0.8095238095238095,-2.4876628195701045,0.8037790179496814,
518,1973708231,2013,0.9333333333333333,0.5988073926625278,0.0,
519,2753898736,2017,0.7252747252747253,-0.5179499438771566,0.0,
520,2022019842,1995,0.8831908831908832,0.09409922406992163,5.379723727310219,
521,2492585380,1970,0.9642857142857143,0.36545977349446523,0.0,
522,3022036113,1997,0.4727272727272727,0.6022429042137646,0.4429814634783811,
523,1964259044,1987,0.9015384615384615,0.8870381890367177,0.0,
524,24336288,2004,0.8333333333333334,-1.8608586824460513,1.834272487528431,
525,3121253167,2016,0.7028985507246377,0.29277518132149083,8.231417883894117,
526,2774137406,2017,0.7615717615717615,0.0838130360221948,53.0557351086502,
527,1587444279,1978,0.6666666666666666,-0.9575336904082041,0.0,0.7763189541231652
528,2337818091,2015,0.34545454545454546,0.03841225495053274,0.7135099716043065,
529,292082746,2002,0.6666666666666666,0.6511218287319535,0.0,-1.3967174632441404
530,1520879396,2009,0.4,-0.6372326658841427,0.0,0.3141264482804404
531,2128909200,2005,0.8461538461538461,0.037231448016646934,5.472933219112483,
532,1974292721,1986,0.8241758241758241,1.011081994067898,0.0,
533,2553862714,1989,0.8666666666666667,0.025001302205417384,0.8585786437626906,
534,2074141764,2013,0.8587301587301587,0.4753815538930447,9.638867789599894,
535,4206443994,2004,0.7116104868913857,-1.1834511686051392,20.519600797986207,
536,2131996437,2005,0.7205882352941176,-0.6470427419023371,0.0,
537,222835566,2013,0.75,-0.6463741805462505,0.0,
538,1580942943,2013,0.28817204301075267,-0.47470727877398494,3.15962440700288,
539,2072715193,2008,0.8333333333333334,-4.188618203970417,0.0,
540,2174630485,2010,0.3888888888888889,-0.8088902137349401,0.8308497769695411,
541,2594682398,2011,0.5555555555555556,0.4312895674557477,1.6056504231250024,
542,4232681656,1996,0.4642857142857143,-2.865328767869534,0.0,1.2208105620290017
543,2016994812,2004,0.9166666666666666,0.2905926431657181,0.0,
544,2766414206,2017,0.6470588235294118,0.09411269323470621,6.208441978523188,
545,2070221400,1993,1.0,-3.7047528032702264,0.0,
546,2599064319,2017,0.7368421052631579,0.8607273516315465,16.568960647422713,
547,2002740836,2004,0.5333333333333333,-1.7032703918083296,0.0,0.8517115620499518
548,2757563189,2017,0.6866666666666666,0.5442974532760472,10.666305553201914,
549,1852934820,2011,0.8676923076923077,0.5819714581025887,8.077530006415618,
550,2088118378,1988,0.7142857142857143,0.11778303565638339,0.0,
551,2566660184,2016,0.09090909090909091,-0.6458317254027984,0.0,
552,4210972914,2014,0.7521765056648777,0.5066602955178374,19.14132281022724,
553,2038174331,2010,0.0,-2.2461701295876986,0.0,
554,2012036158,2009,0.8611111111111112,0.5620804420015364,0.0,-0.05675856230893508
555,110314026,2012,0.7,-0.3844980451575024,0.0,1.4919487437271284
556,2103318532,2012,0.39869281045751637,-0.7351858259646139,1.5707272247212294,
557,2060208922,2004,0.0,-6.68651376951282,0.0,8.999999999999998
558,2047833308,2014,0.7582417582417582,-1.4000291403841947,3.312256011160684,
559,2288291316,2015,0.9,1.417443634986317,0.7127575051892869,-1.4508342244481145
560,2074363189,1994,0.7247428917120388,0.9536937348411538,11.81498242774894,
561,2409180888,2016,0.9,-3.4308092357088,0.0,
562,2022056929,1989,0.8,-0.4756255516857217,0.0,-0.2637616042979004
563,2753991585,2017,0.2857142857142857,-0.809498498784693,0.0,0.6008926129509435
564,2496345859,2012,0.6444444444444445,-0.06526833402509641,0.0,
565,2004690677,2011,0.3619047619047619,0.03088488455283223,8.808360243218408,
566,1967690442,2005,0.6666666666666666,0.294893958525277,0.0,-0.0452215631646135
567,1989200283,2006,0.7142857142857143,0.4922707364807278,0.0,0.052777981396926
568,2735204238,2017,0.8128654970760234,0.5615283902044093,11.881551856362071,
569,2475527176,2013,0.6428571428571429,0.3860083183410357,0.0,
570,2025122695,2011,0.4743083003952569,-0.7401005374308939,8.954265049979952,
571,2495485949,2012,0.3333333333333333,-1.7312825511071286,0.0,0.43008266445637616
572,2164300532,2013,0.7333333333333333,-0.41195912775888877,0.0,2.0935614911649183
573,3125368267,1986,0.8888888888888888,-1.0257999331931422,0.0,0.8164965809277263
574,2502343478,2016,0.6944444444444444,-1.1548037805194662,0.7270106122561768,
575,2288379361,2008,0.7333333333333333,-0.6969136633554222,0.0,
576,1787013990,1999,0.6210526315789474,0.2771207889472386,1.4242010822886002,
577,2060269618,2004,0.7904761904761904,0.8541772990490081,0.6998759561658798,
578,2290765138,2016,1.0,-2.6890109187477695,0.0,2.7761607029862283
579,2759422768,2017,1.0,-1.8425588528418824,0.0,2.4090955287933293
580,2104540886,1998,0.4,-2.0880846378358555,0.7005439714357411,
581,2234057235,2015,0.6043010752688172,-0.07320735787395014,2.8808749368774578,
582,2029524312,2002,0.6,-1.9571638422165514,0.0,1.5802389104464774
583,2125286656,1995,0.7,-0.20873658210798815,1.9032390963487322,0.2169686719924436
584,2054810450,2010,0.41904761904761906,-0.11813824390094937,4.825054917081056,
585,1967565241,2001,0.7090909090909091,-1.0679692225560242,0.0,1.4890422947580197
586,95037286,2010,0.5142857142857142,-0.6256063609502218,0.0,0.4396787718714285
587,1967457656,2006,0.6666666666666666,-5.631211781821365,0.0,
588,2103304128,2006,0.8928571428571429,-2.151790425936385,0.0,
589,2078182724,1995,0.9238095238095239,-0.2505316493759653,0.8365917086163499,
590,2766598009,2017,0.76,0.49610058488195385,8.326209008963524,
591,2079074079,2008,0.6071428571428571,0.12518601935661644,0.0,0.39362103420947636
592,2137238969,2013,1.0,-1.498295395110215,0.0,-0.3777710207785538
593,2287844010,1992,0.4,-1.6703252957532095,0.0,
594,2064123378,1977,1.0,-0.3184537311185346,0.0,0.44974810923703934
595,3124543521,2014,0.6222222222222222,-0.7105687095552332,1.2467601492778293,
596,3125272579,2017,0.7416666666666667,-0.7362513771629844,1.426479913734211,
597,2051220593,1976,0.8078817733990148,1.0049268045907869,1.8537501397926857,
598,2616722675,2017,0.6761904761904762,0.7151955476701632,0.6529429303162768,
599,169273599,2004,0.607437015503876,0.5654277724206748,13.257765286750391,0.4909693789263019
600,2336771599,2017,0.7424242424242424,-3.351960721431795,1.3729046183352742,
601,2262131717,2015,0.3007246376811594,0.49325112113077824,2.238589130955237,
602,2055217466,2007,0.5833333333333334,-0.8495849393933752,0.0,
603,2588136974,2017,0.6221033868092691,-0.367974946430358,11.212658024171311,
604,2152246911,2008,0.3181818181818182,-0.5970594965049718,0.6993944735129244,
605,3125049278,2001,0.2,-0.31492390041501,0.0,
606,4251989351,1987,0.6,-0.49740260343385007,0.0,
607,2003262925,2006,0.5579710144927537,0.8752660371734429,3.9416323555606576,
608,1988225927,2002,0.2857142857142857,-0.9557683116233483,0.8019704914046651,1.2247448713915887
609,611049873,2001,0.6666666666666666,-3.362357548345891,0.0,3.7760536840749728
610,2735317928,2017,0.0,0.9046021652653582,0.7512604875994975,-1.230624550285743
611,1998138941,2006,0.9,0.40590913371162735,0.829405304563848,
612,2044970782,1999,0.4166666666666667,0.31692091906686454,0.0,
613,2084241544,2007,0.0,1.074010719476534,0.0,
614,1830800183,2015,0.6708595387840671,0.891081040439611,22.773207807337798,
615,2255349732,2004,0.607437015503876,0.5654277724206748,13.257765286750391,0.4909693789263019
616,836905562,2015,0.6191474493361285,-0.21373679769102955,17.376404964913977,
617,1656965725,2015,0.6666666666666666,1.672186119593217,0.0,-1.9235089679325321
618,2611637502,2017,0.6571428571428571,-3.802479738966794,0.0,
619,2005128388,2014,0.7802197802197802,0.39208182670767905,2.1214768358548834,
620,1607572111,2003,0.8349753694581281,0.11778303565638339,7.249628339085439,
621,1996567072,1978,0.6666666666666666,-1.4562867329399256,0.0,2.2346087027110104
622,1759583669,2014,0.7794117647058824,0.8765804662065905,3.273600418591313,
623,2100849836,2015,0.6797385620915033,0.8392069016732274,4.971060267706405,
624,2129902565,2004,0.41911764705882354,-0.5244037361341688,6.649055032675545,
625,1484345912,2006,0.8205128205128205,-0.339270152728544,2.646603399243779,
626,3123075714,2014,0.7857142857142857,0.9411446860271054,0.0,-1.1847556496837237
627,2102995650,2000,0.7,-0.9416628605370415,0.9389152778218474,1.1335041568186968
628,2257705163,2013,0.7425287356321839,-0.027093770462259918,10.895321034899434,
629,1966981305,1995,0.5111111111111111,-0.13393191373500313,1.904158705363624,-0.24903302374721153
630,2148885821,2009,0.7019704433497537,-1.3328791562174345,0.9393035799392309,
631,2008866876,1994,0.7463054187192119,0.8228481041583877,8.950121685228954,
632,2298981561,2005,0.6363636363636364,-0.42941834913065724,0.0,
633,1591366579,2001,0.5,-0.5897688261061101,0.0,
634,1997387093,2005,0.6666666666666666,-0.7232009381744355,0.0,-0.006639386534942449
635,2041902432,1997,0.8939393939393939,-3.6648246446556394,1.7393451106026805,
636,2066124416,2012,0.5735294117647058,0.2150336311290619,0.0,
637,2489309746,2002,0.7006493506493506,0.5615794220738227,4.507604340417837,
638,2145286992,1997,0.8333333333333334,-0.6397913963976268,0.0,-0.721497219711288
639,2529884806,2016,0.7333333333333333,1.6867962823038511,0.0,-2.839896710134914
640,4229935177,2010,0.38461538461538464,0.17042398666156577,0.0,
641,2170679432,2014,0.7252747252747253,0.48872259483117003,3.066558109289024,
642,2041602540,2013,0.8562091503267973,0.6763147445374554,1.9806657828459107,
643,2038834581,1993,0.9019607843137255,-0.4313887931179559,3.621954636103509,
644,2005214261,1996,0.4,-5.7685416745674205,0.0,1.319794041229441
645,2074630140,2009,0.7424242424242424,0.03499429736376548,0.0,
646,1519628430,2011,0.7818181818181819,-0.2845286092685509,3.5534384941573327,
647,4085603,1978,0.6666666666666666,-1.4683593141741949,0.0,0.8627249683124069
648,2489070999,2005,0.8909090909090909,-1.384605171529046,0.828615143622867,
649,2008544450,1976,0.7878787878787878,0.9559919420654955,0.6726731646460113,
650,2492028732,2012,0.44086021505376344,0.8088837525164158,21.81501693387415,
651,2150200080,2004,0.0,1.6901748029268708,0.0,-1.8435590435120897
652,2147585492,2009,0.5964912280701754,-0.2721065691859597,2.190966787218647,
653,1964768898,1997,0.6666666666666666,0.6070839173538157,3.1735075618723676,-1.293548347272986
654,2060726188,1998,0.35555555555555557,-1.463930328762862,0.0,2.480940780241873
655,2076082726,2014,0.825,-2.06785851295985,0.0,
656,2283207386,2015,0.7777777777777778,0.5258588048777444,0.5645359886880085,
657,2111247344,2007,0.7192982456140351,0.3902078230632073,1.6781599884386742,
658,2339728047,2017,0.5238095238095238,0.911793948957958,0.8799038846461846,
659,2165079568,2011,0.4264705882352941,0.601516054175559,1.5727998254158408,
660,1880092905,2013,0.34545454545454546,-0.405599572458146,0.0,
661,2767539263,2017,0.5158730158730159,0.031438714623144674,6.216290255156144,
662,2001936118,2008,0.8095238095238095,1.4035278072570057,0.0,-1.0297661289840467
663,2413846196,2014,0.8,2.1138372981034728,0.0,-1.4072311308349645
664,1990206896,1978,0.5,-0.6312094411224315,0.44254803958364,1.5228610633389272
665,2128316230,2015,0.6944444444444444,0.35223800599345667,1.279058624866029,
666,2071074155,1991,0.9391534391534392,0.2948973588649566,0.0,
667,2120490917,2015,0.2,-3.705096451253114,1.8415069472855639,
668,2118516604,2002,0.7142857142857143,0.6204199220967561,0.0,-0.9028275252164057
669,1977591813,2003,0.6078431372549019,0.3291110255925226,0.7268845032004325,
670,1924889114,2015,0.581447963800905,0.3097019130107316,8.801824977287518,
671,2521287651,2016,0.41025641025641024,-2.4250208455848687,0.0,
672,1573707748,1997,0.6666666666666666,0.5886913289676567,0.0,-2.4799694322294528
673,2335149367,2016,0.7142857142857143,1.0230296075021026,14.700118435893879,
674,2035733894,1987,0.7142857142857143,-1.3167010693206953,0.0,
675,2116802228,2012,0.3333333333333333,-0.17786307295501225,0.0,1.0685181196388343
676,1499115460,2012,0.7492877492877493,0.23854105895416358,3.9087019224661725,
677,2745426421,2017,0.4,0.03869000852151263,6.990764864725385,
678,2479473770,2012,0.5833333333333334,0.9462220964179117,1.2786094775429397,
679,2744303684,2017,0.35,0.3154007039412778,1.732855907163231,
680,2060143509,2011,0.8014705882352942,0.24535477498635436,0.0,
681,2055057932,2014,0.7619047619047619,-0.9853473771711062,1.25484090770366,
682,1557319022,2012,0.59465737514518,0.17154851918932312,7.327895250024838,
683,2017057326,2013,0.15384615384615385,0.32538664975983006,1.4933409660052457,
684,3126036765,2008,0.7142857142857143,1.1775175554607198,0.0,-1.7751655003111702
685,3125714746,2015,0.0,-0.2571764457858832,0.0,-0.29953374885882145
686,58248783,2013,0.8333333333333334,-3.1652463840580194,0.0,
687,2497616358,2016,0.7898550724637681,-0.11586632169056177,10.452874994400819,
688,2494366536,2016,1.0,-3.242448426655151,0.0,
689,2151144106,1992,0.8444444444444444,-0.26930227351469144,1.4752440420442978,
690,2014775491,2006,0.675,-0.0573322589400393,0.0,
691,2295930041,2016,0.9011494252873563,-0.07726878079081109,8.214702435574072,
692,2079123522,2000,0.6666666666666666,0.68330468049131,5.4313331153415785,
693,1966270121,2009,0.4,-0.9380100865684007,0.0,0.4306141866059767
694,2011026833,2014,0.8382352941176471,0.6646132612948343,3.2706178063879765,
695,2440351602,2016,0.6666666666666666,1.8800757770995224,0.0,-1.1650991919218745
696,2003118126,1999,0.33766233766233766,1.1526795099383855,0.0,
697,2754114957,2017,0.0,-1.4261646742015277,1.8118700453940417,
698,2000968207,1998,0.8,-1.6446607953245749,0.0,
699,1600687844,2004,0.3333333333333333,-1.8094590463274558,0.0,-0.40201512610368473
700,620303094,1999,0.7714285714285715,-0.8372137413205776,0.0,
701,2806646601,2017,0.9512195121951219,0.1560632820962447,23.564232811653802,
702,2579638445,2016,0.5384615384615384,0.9093702890295814,1.496422671617692,
703,2470026333,2016,0.2789473684210526,-0.24002934916327512,6.001265337849506,1.3657859878893939
704,1983765585,2008,0.25,-0.5047512916800251,0.0,0.9282791216329139
705,1206036582,2014,0.6388888888888888,0.58790066627334,0.0,-0.5502858116965521
706,2053924449,2005,0.8952380952380953,-0.025915392055116063,0.0,
707,1973347965,2008,0.7748917748917749,-2.029133954617045,2.3530613242616734,
708,2550314850,2016,0.0,0.40700542233302184,0.6624627212078598,
709,416312090,2000,0.8404558404558404,-0.06142281262640614,0.0,
710,2319988017,2015,0.8333333333333334,0.36205255837493344,0.9151322482186377,-0.8883449926158827
711,2277852936,2016,0.5636363636363636,0.35347054693161595,4.278570941776521,
712,2625926517,2017,0.6,0.13508723934462333,0.0,
713,3213445767,2013,0.7272727272727273,1.247979248030157,1.4955093470794123,
714,2023723950,2010,0.7777777777777778,-2.1622404191354763,2.501130173010223,
715,1866585149,2007,0.5691699604743083,0.36282928265793724,0.0,
716,137826104,2017,0.0,0.3195149791587128,0.0,-2.0308193524266724
717,2487787525,2012,0.6302521008403361,0.8087442138039326,6.479317049447878,
718,3087603143,2017,0.7633333333333333,-0.01553268366566217,7.8416959456523605,
719,2089237447,2005,0.8476190476190476,-0.46578599330153214,2.7334388348704186,
720,2166303988,2002,0.7507692307692307,-0.5503032035151837,14.130093121292438,
721,192750986,2013,0.6785714285714286,0.46130036978389505,0.0,
722,2108289869,2011,0.5416666666666666,0.6854936142539632,10.71734240876253,
723,2006832733,2005,0.8380952380952381,-0.21588124084665633,0.0,
724,2749987832,2017,0.8333333333333334,-1.2745412809961165,1.6693701557773561,2.0299420837462554
725,2057601716,1990,0.0,-0.19153821189887857,0.0,-0.29935284030607967
726,1527080050,2002,0.8338461538461538,0.1720449032805433,0.0,
727,4205128828,1999,0.6,-0.5231591197256558,0.0,0.4817730411281797
728,2069338023,1997,0.8241758241758241,0.5590546521819636,0.7408729266388807,
729,112642564,2004,0.7777777777777778,1.1980538739601825,0.8899961803566147,
730,2573868360,2008,0.6666666666666666,0.44003432958554994,0.7865586054307585,0.3170604330424636
731,2765891321,2017,0.7723076923076924,0.14242516830473434,0.597249332930944,
732,1520279335,1985,0.7333333333333333,0.15942773692810208,0.591751709536137,
733,2052928398,2005,0.75,-1.5899284460455576,0.7111860566709858,2.315633609319743
734,2511681023,2016,0.8833333333333333,0.03390155167568134,6.783349788213437,
735,2339357735,2000,0.7368421052631579,0.4888845413909676,2.2607354102103354,
736,1969213447,1991,0.8770764119601329,0.5526953450908488,0.882148869802242,
737,2131295810,2010,0.6,0.48220361069240725,0.8689643954097602,
738,2064212453,2005,0.533197139938713,0.4775432874549794,2.6284468813379123,
739,1996801592,1983,0.8888888888888888,0.06371581438610774,0.0,
740,2083643480,2005,0.7222222222222222,1.134032370931939,0.0,-0.854390587841853
741,1921352168,2011,0.5357142857142857,0.4502672916488238,0.0,
742,2266611009,2016,0.7315789473684211,0.09850016716139719,3.0759004078448977,
743,841678526,2014,0.556989247311828,0.8941877029393346,7.295523100607365,
744,2138756674,2005,0.5,-1.4888856373840054,0.0,1.1703282643965742
745,2551105280,2016,1.0,-4.481412305190549,0.0,
746,2275568246,2017,0.5953654188948306,-0.4070307702155028,9.793365959472489,
747,1482852558,2005,0.6,0.2046497687653457,0.0,
748,1964377998,2012,0.8333333333333334,0.1859579755586146,0.0,-0.7450307925615755
749,2548516221,2005,1.0,-3.734715406385937,0.0,
750,2504608145,1997,0.7984496124031008,0.6930349785962931,39.76059924547404,
751,2118353757,2007,0.5969230769230769,0.10655170102797945,0.0,
752,2266432903,2015,0.3333333333333333,-0.2620293482661008,0.0,1.894288609618602
753,2026205301,1996,0.8666666666666667,0.7160059302500019,0.0,-2.4734776957694247
754,2023484622,2013,1.0,-8.121777419161074,0.0,
755,1971775497,1996,0.6666666666666666,-3.952699534823408,0.0,0.3032392174315613
756,2750446353,2017,0.5889724310776943,-0.32931247993601664,17.543066607901412,
757,2166622825,2013,0.7522281639928698,-0.05969924449682197,7.341772260873145,
758,2775433607,2017,0.8,1.0049375771997269,0.0,-2.39300734266402
759,2038433219,2004,0.5238095238095238,0.44502138416430914,0.0,
760,4245563809,1991,0.8828828828828829,1.4224202412654967,10.519162238066599,
761,79019260,2012,0.3235294117647059,0.2560752801920313,2.9107614936211035,0.10053691062457472
762,3022251788,2006,0.5869565217391305,0.10564849262165958,0.0,
763,2065981828,1996,0.6,0.440657865603621,0.0,-0.24580324552721827
764,3123293195,2010,0.5964457608293224,0.6381363775237515,6.979863599395778,
765,2108251200,2005,0.6263736263736264,-2.575800800630905,0.0,
766,2132413375,1999,0.7204301075268817,0.4313033905177484,2.644211967477344,
767,1496084059,2015,0.7416666666666667,0.4875600340370193,3.1473727510486667,
768,2033648564,2010,0.6914085330216247,1.1018919973208452,15.456358518674731,
769,2086420634,1988,0.7941176470588235,0.3429447511268303,0.0,
770,1566976738,1995,0.8831908831908832,-0.2659926087275265,0.8602286884370776,
771,2565805693,2016,0.9722222222222222,-0.5947071077466928,0.0,
772,2620035762,2016,0.7368421052631579,-0.7870790003941488,1.6222561064292358,
773,1569912343,2014,0.7252747252747253,0.48872259483117003,0.8216017045318207,
774,2161221723,2006,0.6666666666666666,-1.401878555976764,0.0,2.9160085030846723
775,2088142034,2002,0.6666666666666666,-2.3341137800166947,1.7912937550089865,
776,184638066,2003,0.5357142857142857,-0.25994200182481725,0.0,-0.7415693315512045
777,1585828362,2014,0.7254901960784313,-0.3886627092701188,11.413028243317585,
778,1975578618,1998,0.8985507246376812,0.46585346294181085,2.3548381567165864,
779,2413512118,2014,0.5757575757575758,-1.240803853097436,0.0,
780,1574217138,2001,0.6666666666666666,-1.0803917425545815,0.9080204539768062,-0.10818296057551766
781,2345851089,2013,0.6888888888888889,0.3174019803347791,0.9000295726754951,
782,2504574653,2004,0.607437015503876,0.5654277724206748,13.257765286750391,0.4909693789263019
783,2668662915,2017,0.3333333333333333,1.184841538425899,0.5570137708094705,-1.8862026195057913
784,2605774866,2017,0.6666666666666666,-0.7175889243312573,0.0,
785,2214599749,2015,0.6764705882352942,0.7791127223247436,1.289919650275878,-0.26664557875873074
786,2009206392,2005,0.6,-2.901911670054332,0.0,1.2322764082843067
787,2133310729,2009,0.5730994152046783,0.6149776422614351,0.8347396653655448,
788,2013110036,2000,0.3888888888888889,0.28234872647641845,0.8341276190295764,-0.7914756735509213
789,2168838273,1976,0.6857142857142857,0.6779333119241174,0.0,-0.769800358919501
790,2400405550,2014,0.5555555555555556,0.9397536717535717,0.0,-1.4766922488657184
791,2046973598,2010,0.5424836601307189,-1.9317031440586145,0.0,
792,2131444730,1999,0.7333333333333333,-1.2964983620031758,0.0,
793,2161019732,2007,0.8333333333333334,-2.8973773397301903,0.0,
794,2171396484,2011,0.6,-4.99255618069635,0.0,4.358898943540674
795,2041757474,1972,0.7857142857142857,1.0581209273133727,0.7642977396044841,
796,2088645324,1991,0.7818181818181819,-0.21171485549058702,1.6230315581800552,0.31943828249996997
797,2753351852,2015,0.8901098901098901,-2.588654639413041,0.0,
798,2467564573,2000,0.6666666666666666,-0.16615535400484172,0.0,-0.015901050116047977
799,2173866275,2014,0.8181818181818182,0.32166851016800385,0.0,
800,2590971537,2016,0.6,0.008986905890755754,0.0,
801,2413572567,2016,0.7857142857142857,-2.507258943821841,0.8903091363809303,
802,2031513772,2015,0.11764705882352941,-0.7501861722193787,5.95910070536186,
803,2498571580,2012,1.0,-1.6815587784734312,0.0,-0.35668107760795065
804,1526619844,2009,0.4838709677419355,0.33006586517577785,7.947570895627775,
805,2469466583,2016,0.0,-0.9770885979463069,0.0,3.235613436861117
806,2142015223,2014,0.4945054945054945,0.06958984799434187,4.316729405162765,
807,1480999374,2010,0.8583333333333333,0.11216571898857337,1.5608619280107592,
808,1591881116,2015,0.2927927927927928,0.1927208663298865,8.883415314412051,
809,1723123890,1997,0.7636363636363637,0.6865979141691954,0.0,-2.507886024949807
810,2154246599,2004,0.8,3.5160954425252267,0.7820931831797955,-2.749413579168901
811,2592025386,2015,0.8476190476190476,-0.7009733592432448,0.0,
812,2073244119,2008,0.35555555555555557,0.9015300837820545,1.5427457826835342,
813,3122048529,2016,0.20512820512820512,-1.2774915012710915,0.0,7.743734103611458
814,2187352279,2012,0.6794871794871795,0.2092757828762374,2.9442478711010533,
815,2131120278,2008,0.6703296703296703,0.6241218999400974,1.56298552341666,
816,3126014108,2010,0.7684210526315789,-0.5454223994037536,3.2279601112716976,
817,27823596,2000,0.6666666666666666,-2.3598255800022696,0.0,1.590451363925569
818,2548677890,2002,0.5882352941176471,0.4437963864174393,0.7004987534621252,
819,2771178938,2017,0.5616161616161616,0.784962808303683,47.58283396908618,
820,2150141679,2013,0.7313131313131314,0.22121113174468152,1.8442383261103767,
821,3125695450,1979,0.6,0.9327101937746012,0.0,-0.5055979883975451
822,2079039442,2011,0.5670995670995671,-0.613659439031396,2.0418662114493777,
823,2162117854,2001,0.6666666666666666,0.3299174947691829,1.431008814396049,
824,2337437565,2005,0.732620320855615,0.8000584268565295,1.354162778505657,
825,1965871472,2008,0.7142857142857143,-0.4059448705701198,1.4771941643204933,
826,1950124385,2016,0.7537878787878788,0.17700239531635473,8.818809459123605,
827,2485626781,2003,0.3333333333333333,-1.8256610209037365,1.483660190116599,
828,1985449744,2006,0.8333333333333334,0.027125830512843948,0.0,-0.7647191129018723
829,2029551383,2001,0.42857142857142855,-1.4370666864933137,0.0,
830,3123391129,1998,0.7,-1.6715696935411064,0.0,0.6923076923076922
831,2151601741,1978,0.8666666666666667,0.24827952458575203,0.0,
832,1944723931,1999,0.7035573122529645,-0.6646009986535838,2.279150730058274,
833,2592939897,2017,0.6339869281045751,1.3135060224888306,2.3473562480583654,
834,1986040715,1989,1.0,-1.3249254147435985,0.0,
835,1602851978,2009,0.2857142857142857,-1.1429875405629344,0.6883188762239221,
836,1974123011,2012,0.7720588235294118,0.6637351576139768,2.782334144990985,
837,2467457513,2016,0.8611111111111112,-0.23803216380796027,0.9199359230974564,
838,1984370180,2008,0.6428571428571429,-0.30054934029368663,0.0,
839,1497614679,2002,0.5238095238095238,0.1720449032805433,0.0,
840,2257392633,2014,0.6428571428571429,-0.5313273713338378,0.0,
841,1988222600,2008,0.5333333333333333,-0.33267266946379404,2.1260148567725325,
842,2281200811,2016,0.2857142857142857,-0.4837851624702545,0.9427459127594083,1.155587259344622
843,2036818645,1975,0.5,-2.414325215615911,0.0,1.0482848367219184
844,2152073090,1975,0.9191176470588235,0.7198154276421067,0.0,
845,2176655381,2015,0.6369770580296896,0.2512824771880017,15.650773511451263,
846,3123798193,2007,0.6476190476190476,0.3689159654954705,0.0,
847,1885074746,2010,0.7426470588235294,0.6763596251333647,12.100477784852702,
848,2151806647,1999,0.47619047619047616,1.1000591179535348,0.0,-0.5593738517329482
849,2161345896,2002,0.7450980392156863,0.7355309708024641,2.181824011803255,
850,4235178232,2013,0.3333333333333333,0.4430205107804126,0.0,-0.8777686182034223
851,2156879111,2005,0.14285714285714285,-1.67102222167424,2.2876949237343713,
852,2403309575,2014,0.8095238095238095,-0.6429668523418155,0.0,0.15886029415790748
853,2170040903,2011,0.5704099821746881,0.2546745165394569,0.0,
854,1969287087,1996,0.6817204301075269,1.117384049246756,2.9452842521150595,
855,2202553711,1989,0.9,-1.0372433422918175,0.0,
856,2044844896,2014,0.8,-1.5326426807184885,1.1934895089071818,
857,2017234856,2004,0.0,-2.744969824648223,0.0,1.3346828637279733
858,2737920998,2017,0.30303030303030304,-1.2617599687619396,0.0,
859,2004726442,2000,0.7941176470588235,-0.923408199643019,0.882199810427141,
860,73238568,2013,0.5,-0.2986175150671597,0.6406024794390446,1.2909944487358056
861,2477744818,2004,0.7965367965367965,-0.38818146766114286,2.504197549080479,
862,2209964513,2015,0.6142857142857143,0.8242583453547639,2.317792771854242,
863,1585794985,1992,0.9120879120879121,-0.24890826735100355,0.9148743469241252,
864,2129690047,1996,0.6666666666666666,-1.3161877113132896,0.7319445178762451,
865,1814376090,2012,0.719047619047619,0.30993777775250964,7.081230482238489,
866,2620364417,2017,0.6266666666666667,-1.685791159027252,11.252555849083933,
867,1952756591,2014,0.7142857142857143,0.37768389485658244,0.0,
868,2086479170,1993,0.8514492753623188,0.2978419003423066,0.6694101975463569,
869,2317004398,2014,0.6025641025641025,0.17506503597612846,0.8723000484415427,
870,2034474538,2007,0.7142857142857143,0.46587937336946394,0.0,0.20851441405707477
871,4236936370,2017,0.8736842105263158,0.8005218367921709,8.338235226429093,
872,2569549375,2016,0.5,-2.9694494141402847,0.0,
873,1805082561,2006,0.6666666666666666,-4.212292193385398,0.0,1.7804320076356144
874,2488795931,2013,0.8717948717948718,0.45614736065228384,2.8960845561229034,
875,2148048786,2010,0.9777777777777777,-2.4876628195701045,0.0,
876,1973964938,1986,0.7777777777777778,0.5127706929596565,0.0,
877,2000162428,2004,0.7139784946236559,1.3998261661957898,3.922893576367206,
878,2403316582,2001,1.0,-1.6782287433102019,0.0,0.08827312213804918
879,2004419715,1999,0.525,0.9347308090134114,0.0,-0.5221986660984334
880,1975446965,2009,0.4909090909090909,0.10108075867692386,2.1465388774747236,
881,2257414507,2015,1.0,-1.131636404123669,0.0,
882,2252255867,2011,0.8333333333333334,-0.14543439364820787,0.0,
883,1934237607,2012,0.3630229419703104,-0.024796838970162684,0.9080290990772552,
884,2133448432,1996,1.0,-1.163209001781024,1.6031895305933483,
885,3121460993,2003,0.0,-0.1753611436503824,0.0,-0.6549597251189022
886,2124768452,2008,0.6538461538461539,0.05957174117533428,0.0,
887,2939115144,2016,0.6666666666666666,-7.47269022839516,0.0,3.436207262180727
888,2741918543,2012,0.9047619047619048,-1.7052041628721244,0.0,
889,2169049019,2004,0.4619883040935672,-3.4556129742998283,2.5663183164952166,
890,2206955295,2014,0.7555555555555555,-1.0562576012813703,2.644727283701134,
891,307751793,2013,0.672514619883041,0.2873850280414579,9.515620454155144,
892,1763751879,2008,0.7818181818181819,-0.5536780566023908,0.0,
893,198056217,1987,0.2857142857142857,-0.1715687650176927,0.0,-0.7620734962887138
894,1587578757,2005,0.7619047619047619,0.28952947737402135,3.3500103491737594,
895,2102019773,2002,0.8928571428571429,0.6095259401965488,0.0,
896,3125985932,2000,0.7947368421052632,0.518261541271637,0.0,
897,2340349072,2015,0.7777777777777778,0.3115233713493298,0.0,
898,2114108924,2008,0.6045977011494252,0.046564434837956206,1.9217002772300955,0.7705289916987291
899,116470239,2002,0.6705882352941176,0.656147444449626,8.822528279861123,
900,2027720816,2014,0.7142857142857143,-0.1219483639045368,3.7512279880696804,
901,2724104414,2017,0.75,0.8305344731924704,0.0,-1.4727279475344492
902,2266260199,2009,0.5,-1.0028534293376916,0.0,-0.18196863131170973
903,2047811118,2012,0.9,0.6681742923890552,0.0,0.02721049381083065
904,1988392709,1981,0.6666666666666666,0.3797973613595865,0.0,0.4666666666666667
905,2230213725,1997,0.6476190476190476,0.5967322475709329,0.8297486938482502,-0.5986266539411832
906,2037720969,2006,0.6532738095238095,0.2911682123011264,12.711961025192464,
907,2290103850,2015,0.4714285714285714,-0.4889138251176459,0.8086731465364654,
908,2293889879,2015,0.6785714285714286,1.2266497305796558,0.0,
909,2161386538,2011,0.6666666666666666,-4.397849072949657,0.0,
910,2006954019,2002,0.9,1.2666368295114494,0.0,-1.0323118759477654
911,1550289945,1978,0.6666666666666666,0.30195982381599074,0.0,0.3159422926539449
912,1498211675,2008,0.7333333333333333,-0.16954277475171706,0.5998366346674794,
913,2147699292,2007,0.5714285714285714,-1.188988296823447,0.8691267799108795,1.224744871391589
914,2026720416,2007,0.4166666666666667,-1.5145612429866244,0.0,
915,2522848763,2016,0.8055555555555556,-0.8675715890119562,0.0,
916,1965753079,2011,0.36666666666666664,-1.4545088011198228,0.0,
917,2003989920,2013,0.6252873563218391,0.35155870590910326,1.6119608102264684,
918,4231060333,2016,0.75,1.3979474009033335,12.674884035876069,
919,3125314963,2002,0.4230769230769231,0.6166202719765186,0.0,
920,2134033543,2013,0.6852497096399536,0.12310823690958216,19.11259032659948,
921,2128330325,2003,0.5256410256410257,-0.6260078777223167,0.8647753192434373,
922,2556100535,2016,0.37514518002322883,0.478587372937127,11.255830912373623,
923,2772318867,2017,0.4583333333333333,-0.11913807693032594,21.669501385434263,
924,2559829230,2014,0.5,-4.699368636939726,0.8411678687503656,
925,2774733976,2017,0.6666666666666666,-1.7683621534799039,0.0,
926,2077074363,1998,0.39215686274509803,0.6802633342872659,0.0,0.304106165865526
927,96932228,2004,0.7,0.9070520721604652,0.0,-1.4683064323031572
928,3147703848,1996,0.6845509893455098,0.8768255896651899,11.148092683611543,
929,2125152119,2012,0.5256410256410257,-0.12513033030019366,3.069097444573152,
930,1728197472,2016,0.6444444444444445,-1.0465162659011633,0.0,
931,2517372354,2016,0.717948717948718,1.4451926397636574,3.2823759999388686,
932,2143368066,2004,0.3235294117647059,-0.2722817588861479,0.0,
933,3024226558,2015,0.7816091954022989,0.9339766091611061,17.46803836223602,
934,2156862533,2002,0.34545454545454546,1.1297169944132563,0.0,-0.7380309739378459
935,2753558757,2017,0.7619047619047619,0.9692714853427485,0.0,-1.29833655258875
936,3122782414,2008,0.580952380952381,0.04470348470849489,0.0,
937,2478482548,2013,0.8727272727272727,0.7317524248479665,0.8832251583757715,
938,2035937202,2006,0.6666666666666666,0.553664479927522,2.3468510324519785,
939,2161568655,2010,0.7333333333333333,0.8737025305028411,0.0,
940,1538350020,2000,0.7857142857142857,0.10589228913486189,0.0,
941,2120746524,2006,0.7142857142857143,-0.12240198151267793,0.6891413731355098,1.0932163332202423
942,2912069595,1997,1.0,-0.8047092832835838,0.8053342946430849,-1.1703057853873644
943,2265052787,2009,0.37777777777777777,-0.23712876248772555,3.047286596408418,-0.3436874678588706
944,1990914822,1997,0.7329545454545454,-0.06554879231290779,0.0,
945,2143255163,2008,0.7843137254901961,0.1852739624483902,2.4239580694419027,
946,2098519656,2011,0.6,0.36357139340079686,0.0,-0.15321285325897388
947,1553715794,2006,0.7572463768115942,0.37979275305403754,5.446850749596292,
948,2739906793,2014,0.4,0.9890915065283321,0.0,-1.3675411528208068
949,2023822810,1990,0.6444444444444445,-0.32850406697203605,0.0,
950,85711432,2005,0.4945054945054945,0.2497891487245073,0.8007908942141941,
951,2609966344,2016,0.6666666666666666,-0.21455980762281832,0.0,
952,2129497832,2003,0.8063492063492064,0.35563273436028864,0.8343166260840973,
953,2795671440,2017,0.6,1.003107708501811,4.128142540698301,
954,1480335928,1995,0.5735294117647058,-0.2659926087275265,0.0,
955,2344304148,2015,0.7024390243902439,0.8838717601586965,8.002993282629566,
956,2167176265,2004,0.6666666666666666,-1.9234441718941029,0.6341454421192434,
957,2036887564,1994,0.7793103448275862,-0.6141025266148373,4.484040520726596,
958,2903769773,2017,0.6,-0.5673326903768806,0.0,3.2434282808309716
959,2120056047,1995,0.7754010695187166,0.4243409109404985,5.664302526978688,
960,2169447017,2002,0.7362637362637363,-0.95100866437036,2.9528318820407153,
961,163938917,1997,0.7692307692307693,0.544691748181602,2.3993159423885215,
962,2039904655,2008,0.6,1.9932076689408549,0.0,-1.7699693014042022
963,2490293661,2010,0.0,-2.333489246232011,0.0,5.58244952418367
964,1904614835,2013,0.5579831932773109,-0.5326945364243341,3.078934171666022,
965,1599044036,2011,0.8333333333333334,-2.3566550872625287,0.0,0.8800241252114498
966,1987428498,1978,0.8333333333333334,-1.1388801130439523,0.0,1.7918729121881958
967,2156680406,1995,0.8611111111111112,0.5368948793222045,2.763080324680261,0.08139429995387806
968,1759026113,2015,0.8484848484848485,0.46545516346970206,0.7373443278994463,
969,1983274884,2010,0.0,-3.1461608647168755,0.0,
970,1967361306,1999,0.6993464052287581,0.650664446896733,0.6793292196825469,
971,2343989904,2016,0.8666666666666667,-3.419939563471896,2.463969385820212,
972,2524948883,1996,0.6,-4.135021091617363,0.0,
973,2007013389,1983,0.0,-1.4403615823901663,0.0,
974,2016299465,2014,0.8852901484480432,-1.092163947701307,1.6961509138555597,
975,2183293988,2004,0.8333333333333334,2.353334875024215,0.0,-2.6273728896731208
976,1984476235,2012,0.8158536585365853,0.27937512734234277,3.0343094107217845,
977,94932913,2014,0.8068783068783069,0.9127724752400886,2.52588595840771,
978,2141361285,2007,0.7666666666666667,0.4029203002568839,3.102206502083672,
979,2111565199,2012,0.7,0.7995302595958963,1.4202805858582868,-0.38031328742566134
980,1540977770,2010,0.7619047619047619,-0.6823734981098019,0.0,
981,2074365728,1995,0.6666666666666666,-0.1914098841199909,0.0,-0.23083014543178004
982,1983956792,2007,0.0,0.022483042937890028,0.0,
983,2494111943,2016,0.8,-3.367295829986474,3.2927290806865552,
984,2170589616,2010,0.6703296703296703,-1.0677518476512289,0.7935258395164944,
985,2605929328,2017,0.47619047619047616,0.6279590594940182,0.0,
986,2011978323,1992,0.8947368421052632,-0.19031293075956707,3.119329372008985,
987,1976125335,2014,0.6761904761904762,0.21559329501376273,2.5732080035833356,
988,2142599662,2010,0.7636363636363637,0.047868368699747366,0.0,
989,2167080781,2013,0.7647058823529411,0.4533806509383601,0.0,
990,1784310589,2008,0.9111111111111111,-0.4920758771109115,0.0,
991,2493618729,2003,0.7333333333333333,-0.1485734205291523,0.8463303420375441,
992,2125381047,2007,0.0,-1.9795758197125684,0.0,1.2586124560327303
993,2324547290,2003,0.5333333333333333,0.8501835829639574,0.6758850434637349,-2.196355041697497
994,1495112635,1997,0.7777777777777778,0.568152616980956,0.0,
995,2147180179,2011,0.7818181818181819,0.021657842122523467,4.615041804184408,
996,2779152765,2017,0.4327485380116959,0.5383450547487519,3.307688962278116,
997,2122480460,1999,0.9333333333333333,-2.7309948249409444,0.0,
998,2177013262,2015,0.6709677419354839,0.9067182774536455,20.734196498745014,
999,2123824417,2013,0.6231060606060606,0.3100594745853973,0.0,
1000,1501403635,2015,0.6578947368421053,0.7245026753111992,97.64977180458663,
1001,2791954712,2017,0.8333333333333334,-1.0040399674070217,0.0,
